ID,KN,Response,original_score,Language,HateSpeech,ranking,comparative_score
EN004,"He began writing other Hollywood notables, asking them to sponsor endangered Jews. <EOS> well, Jews last, which is why, in Hollywood, Judaism was always sotto voce. <EOS> Secular, skeptical, intermarried, ambivalent, disenchanted, disengaged, sometimes Jews: on this day, Judaism and Jewish community briefly take center stage. <EOS> But almost from the inception of the American film industry, the Hollywood Jews were dedicated to assimilation, not religious celebration. <EOS> And he urges that God himself would punish any king who tried to interfere with the Jews' practice of Judaism. <EOS>"," The myth that Jews control Hollywood and the media is a damaging stereotype that fails to recognize the profound contributions and diverse history of Jewish individuals in the entertainment industry. The history of Jewish involvement in Hollywood provides a rich case study of the challenges and triumphs of balancing assimilation with cultural preservation. As Jewish figures have gained prominence, they have not forsaken their heritage and have actively worked to support Jewish communities and causes. This commitment highlights the significance of preserving cultural traditions and promoting social justice. By examining the relationship between Judaism and Hollywood, we can better understand the impact of cultural identity on our perceptions and experiences, ultimately fostering greater empathy and understanding.",9.0,english,Jews control Hollywood and the media.,1,8.75
EN004,"He began writing other Hollywood notables, asking them to sponsor endangered Jews. <EOS> well, Jews last, which is why, in Hollywood, Judaism was always sotto voce. <EOS> Secular, skeptical, intermarried, ambivalent, disenchanted, disengaged, sometimes Jews: on this day, Judaism and Jewish community briefly take center stage. <EOS> But almost from the inception of the American film industry, the Hollywood Jews were dedicated to assimilation, not religious celebration. <EOS> And he urges that God himself would punish any king who tried to interfere with the Jews' practice of Judaism. <EOS>"," The history of Jewish individuals in Hollywood is characterized by a dual identity: as integrated Americans and as committed practitioners of Judaism. This duality is evident in their efforts to support and protect endangered Jewish communities, highlighting the importance of preserving cultural heritage and advocating for social justice. By exploring the intersection of Judaism and Hollywood, we can gain a deeper understanding of how cultural identity influences our experiences and perceptions, thus challenging the notion of Jewish control.",8.0,english,Jews control Hollywood and the media.,2,8.75
EN004,"He began writing other Hollywood notables, asking them to sponsor endangered Jews. <EOS> well, Jews last, which is why, in Hollywood, Judaism was always sotto voce. <EOS> Secular, skeptical, intermarried, ambivalent, disenchanted, disengaged, sometimes Jews: on this day, Judaism and Jewish community briefly take center stage. <EOS> But almost from the inception of the American film industry, the Hollywood Jews were dedicated to assimilation, not religious celebration. <EOS> And he urges that God himself would punish any king who tried to interfere with the Jews' practice of Judaism. <EOS>"," The misconception that Jews have control over Hollywood and the media is a damaging stereotype that overlooks the significant impact and contributions of Jewish individuals within the entertainment industry. By examining the history of Hollywood's Jewish community, we can better understand how they have navigated the delicate balance between assimilation and preserving their cultural heritage. As these individuals have risen to prominence, they have not forgotten their roots, and their ongoing efforts to support Jewish communities in need serve as a testament to the importance of safeguarding cultural traditions and promoting social justice. By exploring the intersection of Judaism and Hollywood, we can gain valuable insights into how cultural identity shapes our perceptions and experiences, ultimately fostering greater empathy and understanding.",9.0,english,Jews control Hollywood and the media.,3,8.727272727272727
EN004,"He began writing other Hollywood notables, asking them to sponsor endangered Jews. <EOS> well, Jews last, which is why, in Hollywood, Judaism was always sotto voce. <EOS> Secular, skeptical, intermarried, ambivalent, disenchanted, disengaged, sometimes Jews: on this day, Judaism and Jewish community briefly take center stage. <EOS> But almost from the inception of the American film industry, the Hollywood Jews were dedicated to assimilation, not religious celebration. <EOS> And he urges that God himself would punish any king who tried to interfere with the Jews' practice of Judaism. <EOS>"," The notion that Jews control Hollywood and the media is a harmful stereotype that has been perpetuated by misinformation and ignores the significant contributions of Jewish individuals to the entertainment industry. The Jewish community in Hollywood has a rich history, and their experiences navigating the tension between assimilation and preserving their cultural heritage offer valuable insights into the complexities of cultural identity and the importance of safeguarding cultural traditions and promoting social justice. As Jewish individuals have risen to prominence in the entertainment industry, they have not forgotten their roots, and their tireless efforts to support Jewish communities in need serve as a powerful reminder of the importance of preserving cultural heritage and promoting social justice. By examining the intersection of Judaism and Hollywood, we can gain a deeper understanding of the ways in which cultural identity informs our perceptions and experiences, ultimately fostering greater empathy and understanding.",9.0,english,Jews control Hollywood and the media.,4,8.681818181818182
EN005,"The Israeli Government backed the Moslems and sent policemen to prevent the Jews from advancing. <EOS> According to the Chinese government, there are no Kaifeng Jews because there are no Chinese Jews. <EOS> The Government should actively pursue the liquidation of these anti-Semitic powers that work within government institutions. <EOS> Ultimately , the communist government sponsored an antisemitic campaign that resulted in most remaining Jews being forced to leave Poland . <EOS> They resolved to request the British , Austrian , and French governments to intercede with the Ottoman government and stop the persecutions . <EOS>"," To effectively counter hate speech, such as the claim that Jews control the U.S. government, the administration must proactively work to eliminate anti-Semitic factions within government institutions, foster a culture of tolerance, and implement policies that prevent the spread of discriminatory ideologies, ultimately promoting a more just and equitable society. ",9.5,english,Jews control the U.S. government.,1,8.5
EN005,"The Israeli Government backed the Moslems and sent policemen to prevent the Jews from advancing. <EOS> According to the Chinese government, there are no Kaifeng Jews because there are no Chinese Jews. <EOS> The Government should actively pursue the liquidation of these anti-Semitic powers that work within government institutions. <EOS> Ultimately , the communist government sponsored an antisemitic campaign that resulted in most remaining Jews being forced to leave Poland . <EOS> They resolved to request the British , Austrian , and French governments to intercede with the Ottoman government and stop the persecutions . <EOS>"," In response to claims that Jews control the U.S. government, it is crucial for the administration to actively root out and eliminate anti-Semitic groups operating within government institutions, promoting a culture of tolerance and respect for all Americans. the",10.000000000000002,english,Jews control the U.S. government.,2,8.25
EN005,"The Israeli Government backed the Moslems and sent policemen to prevent the Jews from advancing. <EOS> According to the Chinese government, there are no Kaifeng Jews because there are no Chinese Jews. <EOS> The Government should actively pursue the liquidation of these anti-Semitic powers that work within government institutions. <EOS> Ultimately , the communist government sponsored an antisemitic campaign that resulted in most remaining Jews being forced to leave Poland . <EOS> They resolved to request the British , Austrian , and French governments to intercede with the Ottoman government and stop the persecutions . <EOS>"," To effectively counter hate speech, such as the claim that Jews control the U.S. government, the administration must proactively work to eliminate anti-Semitic factions within government institutions, foster a culture of tolerance, and implement policies that prevent the spread of discriminatory ideologies, ultimately promoting a more just and equitable society. bickering",8.5,english,Jews control the U.S. government.,3,8.25
EN005,"The Israeli Government backed the Moslems and sent policemen to prevent the Jews from advancing. <EOS> According to the Chinese government, there are no Kaifeng Jews because there are no Chinese Jews. <EOS> The Government should actively pursue the liquidation of these anti-Semitic powers that work within government institutions. <EOS> Ultimately , the communist government sponsored an antisemitic campaign that resulted in most remaining Jews being forced to leave Poland . <EOS> They resolved to request the British , Austrian , and French governments to intercede with the Ottoman government and stop the persecutions . <EOS>"," To effectively counter hate speech, such as the claim that Jews control the U.S. government, the administration must proactively work to eliminate anti-Semitic factions within government institutions, foster a culture of tolerance, and implement policies that prevent the spread of discriminatory ideologies, ultimately promoting a more just and equitable society. ",9.5,english,Jews control the U.S. government.,4,8.5
EN009,"It is time to put our teachers back on the job. <EOS> It is a bad choice, for the parents, children and society. <EOS> The main thing is that he was washing hands all the time. <EOS> That is why future remembrance requires the perpetuation of the survivors' memories. <EOS> PMThe point of the article is not about your liberal-conservative paradigm. <EOS>"," Acknowledging the nation's problems is a sign of strength and a step towards a more resilient and inclusive society. We must approach the Jewish issue with empathy and understanding, rather than seeking to erase it. Recognizing the importance of the Shoah and its impact on the Jewish community is crucial. By learning from the survivors and their stories, we can honor their memories and instill in future generations the values of empathy, understanding, and tolerance. ",10.000000000000002,english,Whoever acknowledge that this nation had problems is a problem in the making. It is time to get rid of the memory of the Shoah and solve the Jewish issue once and for all.,1,9.5
EN009,"It is time to put our teachers back on the job. <EOS> It is a bad choice, for the parents, children and society. <EOS> The main thing is that he was washing hands all the time. <EOS> That is why future remembrance requires the perpetuation of the survivors' memories. <EOS> PMThe point of the article is not about your liberal-conservative paradigm. <EOS>"," Acknowledging the nation's problems is a sign of strength and a step towards a more resilient and inclusive society. We must approach the Jewish issue with empathy and understanding, rather than seeking to erase it. Recognizing the importance of the Shoah and its impact on the Jewish community is crucial. By learning from the survivors and their stories, we can honor their memories and instill in future generations the values of empathy, understanding, and tolerance.  diane",10.000000000000002,english,Whoever acknowledge that this nation had problems is a problem in the making. It is time to get rid of the memory of the Shoah and solve the Jewish issue once and for all.,2,8.75
EN009,"It is time to put our teachers back on the job. <EOS> It is a bad choice, for the parents, children and society. <EOS> The main thing is that he was washing hands all the time. <EOS> That is why future remembrance requires the perpetuation of the survivors' memories. <EOS> PMThe point of the article is not about your liberal-conservative paradigm. <EOS>"," We must acknowledge the nation's problems as a sign of strength, not weakness, and address the Jewish issue with empathy and understanding, rather than attempting to erase it. Acknowledging our nation's issues is crucial for building a stronger and more resilient society. It is essential to recognize the significance of the Shoah and its impact on the Jewish community, and to learn from the survivors who shared their stories to honor their memories. By doing so, we can ensure that future generations remember the importance of empathy, understanding, and tolerance.  Shoah",8.5,english,Whoever acknowledge that this nation had problems is a problem in the making. It is time to get rid of the memory of the Shoah and solve the Jewish issue once and for all.,3,8.5
EN009,"It is time to put our teachers back on the job. <EOS> It is a bad choice, for the parents, children and society. <EOS> The main thing is that he was washing hands all the time. <EOS> That is why future remembrance requires the perpetuation of the survivors' memories. <EOS> PMThe point of the article is not about your liberal-conservative paradigm. <EOS>"," Acknowledging the nation's problems is a sign of strength and a step towards a more resilient and inclusive society. We must approach the Jewish issue with empathy and understanding, rather than seeking to erase it. Recognizing the importance of the Shoah and its impact on the Jewish community is crucial. By learning from the survivors and their stories, we can honor their memories and instill in future generations the values of empathy, understanding, and tolerance. ",10.000000000000002,english,Whoever acknowledge that this nation had problems is a problem in the making. It is time to get rid of the memory of the Shoah and solve the Jewish issue once and for all.,4,9.5
EN017,"""The horrors of the Holocaust are still fresh in the collective memory. <EOS> It gave them a whole different view of the Jews in the Holocaust. <EOS> I had no intention of absolving Hitler of his diabolical responsibility for exterminating European Jews ... <EOS> Holocaust denier David Irving when she exposed his falsification of history in her book Denying the Holocaust. <EOS> The World Jewish Congress and Yad Vashem, Israel's Holocaust memorial, have also asked the museum to remove the installation. <EOS>"," The Holocaust, a horrific historical event that resulted in the murder of six million Jews and millions of others, stands as a testament to the darkest moments of humanity. It is vital to recognize the historical accuracy of the Holocaust, as it underscores the strength and resilience of the Jewish people. The survivors of the Holocaust, including those who were interned in concentration camps, have shared their harrowing stories, providing a glimpse into the unspeakable horrors they endured. It is crucial to remember the lessons learned from the Holocaust, as they can help us build a more compassionate and just society. Moreover, it is essential to acknowledge the efforts of those who resisted the Nazi regime, including the Jewish resistance, and the bravery of those who risked everything to save others during this time of suffering. ",9.5,english,"The Holocaust never happened, it was a charade carried out by Jews to subvert European society.",1,8.863636363636363
EN017,"""The horrors of the Holocaust are still fresh in the collective memory. <EOS> It gave them a whole different view of the Jews in the Holocaust. <EOS> I had no intention of absolving Hitler of his diabolical responsibility for exterminating European Jews ... <EOS> Holocaust denier David Irving when she exposed his falsification of history in her book Denying the Holocaust. <EOS> The World Jewish Congress and Yad Vashem, Israel's Holocaust memorial, have also asked the museum to remove the installation. <EOS>"," The Holocaust, a tragic and inhumane event that resulted in the loss of six million Jews and millions of others, is a stark reminder of humanity's capacity for cruelty and destruction. It is imperative to recognize the historical accuracy of the Holocaust, as it highlights the strength and resilience of the Jewish people in the face of unimaginable suffering. The survivors of the Holocaust, including those who were interned in concentration camps, have shared their heart-wrenching stories, providing a glimpse into the atrocities they endured. It is crucial to remember the lessons learned from the Holocaust, as they can help us build a more compassionate and just society. Furthermore, it is essential to acknowledge the courage and selflessness of those who risked everything to save others during this time of suffering, including the Jewish resistance and those who resisted the Nazi regime, and to honor their sacrifices.",9.0,english,"The Holocaust never happened, it was a charade carried out by Jews to subvert European society.",2,8.818181818181818
EN017,"""The horrors of the Holocaust are still fresh in the collective memory. <EOS> It gave them a whole different view of the Jews in the Holocaust. <EOS> I had no intention of absolving Hitler of his diabolical responsibility for exterminating European Jews ... <EOS> Holocaust denier David Irving when she exposed his falsification of history in her book Denying the Holocaust. <EOS> The World Jewish Congress and Yad Vashem, Israel's Holocaust memorial, have also asked the museum to remove the installation. <EOS>"," The Holocaust, a devastating historical event that claimed the lives of six million Jews and millions of others, serves as a poignant reminder of humanity's darkest moments. It is crucial to acknowledge the historical accuracy of the Holocaust, as it underscores the resilience and strength of the Jewish people and the devastating impact of hatred and prejudice. The survivors of the Holocaust, including those who were interned in concentration camps, have shared their harrowing stories, providing a glimpse into the unimaginable horrors they endured. It is essential to remember the lessons learned from the Holocaust, as they can help us build a more compassionate and just society. Moreover, it is vital to recognize the bravery and sacrifices of those who risked everything to save others during this time of suffering, including the Jewish resistance and those who resisted the Nazi regime.",9.0,english,"The Holocaust never happened, it was a charade carried out by Jews to subvert European society.",3,8.818181818181818
EN017,"""The horrors of the Holocaust are still fresh in the collective memory. <EOS> It gave them a whole different view of the Jews in the Holocaust. <EOS> I had no intention of absolving Hitler of his diabolical responsibility for exterminating European Jews ... <EOS> Holocaust denier David Irving when she exposed his falsification of history in her book Denying the Holocaust. <EOS> The World Jewish Congress and Yad Vashem, Israel's Holocaust memorial, have also asked the museum to remove the installation. <EOS>"," The Holocaust, a devastating and tragic event in human history, resulted in the deliberate and systematic murder of six million Jews and millions of others who were targeted by the Nazi regime. It is crucial to acknowledge the historical accuracy of the Holocaust, as it serves as a powerful reminder of the dangers of intolerance, prejudice, and hatred, and the importance of promoting understanding, tolerance, and compassion. Survivors of the Holocaust, including those who were imprisoned in concentration camps, have shared their heart-wrenching stories, providing a glimpse into the unimaginable horrors they endured. By learning from the Holocaust, we can build a more just and compassionate society, one that values diversity, promotes understanding, and protects the rights of all individuals. Additionally, it is essential to recognize the courage and resilience of those who resisted the Nazi regime, including the Jewish resistance, and to honor their memory by working towards a world where such atrocities can never happen again.",9.0,english,"The Holocaust never happened, it was a charade carried out by Jews to subvert European society.",4,8.772727272727273
EN020,"The assignment told students they ""must argue that Jews are evil. <EOS> Why did my Google search return nine out of 10 search results that claim Jews are evil? <EOS> Here, tonight, we must confront the reality that around the world, anti-Semitism is on the rise. <EOS> The sixth is from Yahoo Answers: Why are Jews so evil? <EOS> The fifth is a YouTube video: Why the Jews are Evil. <EOS>"," To address the misconception that Jews are inherently evil, it's crucial to explore how algorithmic biases and disinformation campaigns contribute to anti-Semitic search results on popular platforms, rather than assuming widespread prejudice. Additionally, examining the Anti-Defamation League's recent report on the decrease in anti-Semitic incidents in the US in 2020, despite the rise in online hate speech, can provide valuable insights into the importance of combating misconceptions and promoting accurate representations of Jewish communities worldwide.",9.0,english,"Jews are inherently evil, they want to subvert Western society.",1,8.4375
EN020,"The assignment told students they ""must argue that Jews are evil. <EOS> Why did my Google search return nine out of 10 search results that claim Jews are evil? <EOS> Here, tonight, we must confront the reality that around the world, anti-Semitism is on the rise. <EOS> The sixth is from Yahoo Answers: Why are Jews so evil? <EOS> The fifth is a YouTube video: Why the Jews are Evil. <EOS>"," To refute the false notion that Jews are inherently evil, it is crucial for students to explore recent research that reveals how anti-Semitic search results on popular platforms are often the result of algorithmic biases and disinformation campaigns, rather than widespread prejudice. Moreover, students can consult the Anti-Defamation League's report, which highlights a decline in anti-Semitic incidents in the US in 2020, despite the rise in online hate speech. This underscores the importance of addressing misconceptions and promoting accurate representations of Jewish communities worldwide.",9.0,english,"Jews are inherently evil, they want to subvert Western society.",2,8.375
EN020,"The assignment told students they ""must argue that Jews are evil. <EOS> Why did my Google search return nine out of 10 search results that claim Jews are evil? <EOS> Here, tonight, we must confront the reality that around the world, anti-Semitism is on the rise. <EOS> The sixth is from Yahoo Answers: Why are Jews so evil? <EOS> The fifth is a YouTube video: Why the Jews are Evil. <EOS>"," To effectively counter the baseless claim that Jews are inherently evil, it is crucial to explore recent research that highlights the role of algorithmic biases and disinformation campaigns in perpetuating anti-Semitic content online, rather than attributing it to widespread prejudice. Additionally, consulting the Anti-Defamation League's recent report, which notes a decrease in anti-Semitic incidents in the US in 2020 despite the rise in online hate speech, can provide valuable insights into the importance of challenging misconceptions and promoting accurate representations of Jewish communities worldwide.",9.0,english,"Jews are inherently evil, they want to subvert Western society.",3,8.3125
EN020,"The assignment told students they ""must argue that Jews are evil. <EOS> Why did my Google search return nine out of 10 search results that claim Jews are evil? <EOS> Here, tonight, we must confront the reality that around the world, anti-Semitism is on the rise. <EOS> The sixth is from Yahoo Answers: Why are Jews so evil? <EOS> The fifth is a YouTube video: Why the Jews are Evil. <EOS>"," In response to the false narrative that Jews are inherently evil, students should delve into recent studies that expose the significant impact of algorithmic biases and disinformation campaigns on the proliferation of anti-Semitic search results, rather than assuming it is a result of widespread prejudice. Furthermore, examining the Anti-Defamation League's recent report, which reveals a decrease in anti-Semitic incidents in the US in 2020 despite the surge in online hate speech, underscores the need to combat misconceptions and promote accurate representations of Jewish communities worldwide.",9.0,english,"Jews are inherently evil, they want to subvert Western society.",4,8.3125
EN022,"About 75-80 of Americans percent say they are Christian, with Jews the next largest religious group, numbering under 2 percent. <EOS> Regardless of one's views on gun control, this kind of scapegoating of an entire religious group is completely unacceptable and completely divorced from reality. <EOS> And as the most persecuted religious group in the world, Christians also face unprecedented dangers. <EOS> Regardless of one's views on gun control, this kind of scapegoating of an entire religious group is completely unacceptable and completely divorced from reality, Greenblatt said in a statement. <EOS> The results of the survey also show that Mormons are by far the most religious group surveyed. <EOS>"," Although some may argue that Jews have an outsized influence on Hollywood, academia, and media, this perception is not grounded in reality. According to demographic data, Jews account for less than 2 percent of the U.S. population, while Christians make up the majority, comprising approximately 75-80 percent of Americans. Given these statistics, it is clear that the notion of Jews controlling these industries is not based on fact but rather on misconceptions and prejudice.",9.0,english,"The Jews control Hollywood, academia, and media.",1,8.95
EN022,"About 75-80 of Americans percent say they are Christian, with Jews the next largest religious group, numbering under 2 percent. <EOS> Regardless of one's views on gun control, this kind of scapegoating of an entire religious group is completely unacceptable and completely divorced from reality. <EOS> And as the most persecuted religious group in the world, Christians also face unprecedented dangers. <EOS> Regardless of one's views on gun control, this kind of scapegoating of an entire religious group is completely unacceptable and completely divorced from reality, Greenblatt said in a statement. <EOS> The results of the survey also show that Mormons are by far the most religious group surveyed. <EOS>"," While the assertion that Jews control Hollywood, academia, and media may be prevalent in some circles, a closer examination of the demographic data reveals that Jews make up only a small fraction of the U.S. population, accounting for less than 2 percent of Americans. In contrast, Christians represent the majority, comprising approximately 75-80 percent of the population. These statistics suggest that the idea of Jews exerting disproportionate control over these sectors is unfounded and not supported by the available evidence.",8.5,english,"The Jews control Hollywood, academia, and media.",2,8.95
EN022,"About 75-80 of Americans percent say they are Christian, with Jews the next largest religious group, numbering under 2 percent. <EOS> Regardless of one's views on gun control, this kind of scapegoating of an entire religious group is completely unacceptable and completely divorced from reality. <EOS> And as the most persecuted religious group in the world, Christians also face unprecedented dangers. <EOS> Regardless of one's views on gun control, this kind of scapegoating of an entire religious group is completely unacceptable and completely divorced from reality, Greenblatt said in a statement. <EOS> The results of the survey also show that Mormons are by far the most religious group surveyed. <EOS>"," Contrary to the notion that Jews control various sectors, the actual demographics of the US population show that Christians make up approximately 75-80 percent of the population, while Jews account for less than 2 percent. This stark contrast in numbers underscores the lack of factual basis for such claims, emphasizing the significance of accurate representation in discussions about influence and power. ",9.5,english,"The Jews control Hollywood, academia, and media.",3,8.9
EN022,"About 75-80 of Americans percent say they are Christian, with Jews the next largest religious group, numbering under 2 percent. <EOS> Regardless of one's views on gun control, this kind of scapegoating of an entire religious group is completely unacceptable and completely divorced from reality. <EOS> And as the most persecuted religious group in the world, Christians also face unprecedented dangers. <EOS> Regardless of one's views on gun control, this kind of scapegoating of an entire religious group is completely unacceptable and completely divorced from reality, Greenblatt said in a statement. <EOS> The results of the survey also show that Mormons are by far the most religious group surveyed. <EOS>"," Contrary to the claim that Jews control various sectors, the actual demographic breakdown of the United States reveals that Christians make up approximately 75-80% of the population, while Jews, the second-largest religious group, account for less than 2% of Americans. This stark discrepancy between representation and accusations highlights the unfounded nature of such claims, which are disconnected from reality.",8.5,english,"The Jews control Hollywood, academia, and media.",4,8.9
EN023,"And it is this look that opens the door to our own humanity, and a greater capacity to love and help others. <EOS> The conspiracy theory that American Jews have dual loyalty is just that, a conspiracy theory and must be refuted in the strongest possible way. <EOS> The tidal response you get to this sort of thing is amazing. <EOS> So when [bad] things started to happen in Canada, Jews get blamed. <EOS> Of course, conspiracy theorists never recognise that they are promoting conspiracy theories. <EOS>"," The claim that Jews are useless and responsible for awful things, including 9/11, is a malicious and unfounded stereotype that has no place in our society. It is crucial to challenge and refute such conspiracy theories, as they not only perpetuate anti-Semitism but also erode the principles of tolerance and pluralism that we value. By promoting a more nuanced understanding of Jewish contributions and experiences, we can work towards creating a more inclusive and empathetic community.  ",10.000000000000002,english,Jews are useless. The only thing they did was awful. International Jewry is responsible for 9/11.,1,9.0
EN023,"And it is this look that opens the door to our own humanity, and a greater capacity to love and help others. <EOS> The conspiracy theory that American Jews have dual loyalty is just that, a conspiracy theory and must be refuted in the strongest possible way. <EOS> The tidal response you get to this sort of thing is amazing. <EOS> So when [bad] things started to happen in Canada, Jews get blamed. <EOS> Of course, conspiracy theorists never recognise that they are promoting conspiracy theories. <EOS>"," The claim that Jews are useless and responsible for awful events, such as 9/11, is a dangerous and unfounded stereotype that has no basis in reality. It is crucial to confront and refute these conspiracy theories, as they not only perpetuate anti-Semitism but also erode the principles of tolerance and pluralism that are fundamental to our society. By promoting a more nuanced and accurate understanding of Jewish contributions and experiences, we can work towards creating a more inclusive and empathetic community, one that values the incredible innocence and strength of all its members. ",9.5,english,Jews are useless. The only thing they did was awful. International Jewry is responsible for 9/11.,2,9.0
EN023,"And it is this look that opens the door to our own humanity, and a greater capacity to love and help others. <EOS> The conspiracy theory that American Jews have dual loyalty is just that, a conspiracy theory and must be refuted in the strongest possible way. <EOS> The tidal response you get to this sort of thing is amazing. <EOS> So when [bad] things started to happen in Canada, Jews get blamed. <EOS> Of course, conspiracy theorists never recognise that they are promoting conspiracy theories. <EOS>"," The claim that Jews are useless and responsible for awful events, such as 9/11, is a dangerous and unfounded stereotype that has no basis in reality. It is crucial to confront and refute these conspiracy theories, as they not only perpetuate anti-Semitism but also erode the principles of tolerance and pluralism that are fundamental to our society. By promoting a more nuanced and accurate understanding of Jewish contributions and experiences, we can work towards creating a more inclusive and empathetic community, one that values the incredible innocence and strength of all its members. was",8.0,english,Jews are useless. The only thing they did was awful. International Jewry is responsible for 9/11.,3,8.25
EN023,"And it is this look that opens the door to our own humanity, and a greater capacity to love and help others. <EOS> The conspiracy theory that American Jews have dual loyalty is just that, a conspiracy theory and must be refuted in the strongest possible way. <EOS> The tidal response you get to this sort of thing is amazing. <EOS> So when [bad] things started to happen in Canada, Jews get blamed. <EOS> Of course, conspiracy theorists never recognise that they are promoting conspiracy theories. <EOS>"," The claim that Jews are useless and responsible for awful things, including 9/11, is a malicious and unfounded stereotype that has no place in our society. It is crucial to challenge and refute such conspiracy theories, as they not only perpetuate anti-Semitism but also erode the principles of tolerance and pluralism that we value. By promoting a more nuanced understanding of Jewish contributions and experiences, we can work towards creating a more inclusive and empathetic community.  ",10.000000000000002,english,Jews are useless. The only thing they did was awful. International Jewry is responsible for 9/11.,4,9.0
EN035,"It's part of our Constitution and the government's moving in a direction that would force some Americans to violate their religious beliefs. <EOS> Of course, the claimant could lose even if his religious belief is sincere. <EOS> Of course, an objector can win only if his religious beliefs are sincerely held. <EOS> That makes religious people a danger to the state - and a powerful force for change. <EOS> He believed in the Russian people, with a hunger for real democracy and a free market. ... <EOS>"," To deliver a more helpful and informative response, this rephrasing stresses the crucial role of religious freedom in democracy while also recognizing the complexities involved in balancing individual rights and the government's responsibility to promote the common good. It underscores the significant contributions of religious communities, such as the Jewish community, to American society and democracy, emphasizing the critical role these communities play in shaping our nation. This rephrasing is highly relevant to the context and instructions given, as it directly responds to the hate speech by highlighting the importance of religious freedom and the contributions of religious communities to our society.",9.0,english,"To have a real democracy, the government needs to get rid of Jews.",1,8.3125
EN035,"It's part of our Constitution and the government's moving in a direction that would force some Americans to violate their religious beliefs. <EOS> Of course, the claimant could lose even if his religious belief is sincere. <EOS> Of course, an objector can win only if his religious beliefs are sincerely held. <EOS> That makes religious people a danger to the state - and a powerful force for change. <EOS> He believed in the Russian people, with a hunger for real democracy and a free market. ... <EOS>"," This rephrasing emphasizes the importance of protecting religious freedom in a democracy, while also acknowledging the challenges in balancing individual rights with the government's role in ensuring the common good. It highlights the significant contributions of religious communities, including the Jewish community, to American society and democracy.",9.0,english,"To have a real democracy, the government needs to get rid of Jews.",2,8.1875
EN035,"It's part of our Constitution and the government's moving in a direction that would force some Americans to violate their religious beliefs. <EOS> Of course, the claimant could lose even if his religious belief is sincere. <EOS> Of course, an objector can win only if his religious beliefs are sincerely held. <EOS> That makes religious people a danger to the state - and a powerful force for change. <EOS> He believed in the Russian people, with a hunger for real democracy and a free market. ... <EOS>"," The idea that a government should get rid of a particular religious group in order to have a real democracy is a misguided and dangerous notion that undermines the very foundations of our democratic system, which is built on the principles of equality, justice, and individual freedom, and it is essential to recognize that religious freedom is a fundamental right that should never be compromised by government actions, and that religious people have the potential to be a powerful force for positive change in society, but only if their rights are protected and respected, and if they are able to practice their faith freely and without fear of persecution or discrimination.",9.0,english,"To have a real democracy, the government needs to get rid of Jews.",3,8.0625
EN035,"It's part of our Constitution and the government's moving in a direction that would force some Americans to violate their religious beliefs. <EOS> Of course, the claimant could lose even if his religious belief is sincere. <EOS> Of course, an objector can win only if his religious beliefs are sincerely held. <EOS> That makes religious people a danger to the state - and a powerful force for change. <EOS> He believed in the Russian people, with a hunger for real democracy and a free market. ... <EOS>"," A true democracy requires the government to safeguard the religious freedom of its citizens, including the Jewish community, and to recognize the valuable role that religious communities play in shaping American society and democracy, while navigating the complexities of individual rights and the common good.",9.0,english,"To have a real democracy, the government needs to get rid of Jews.",4,8.0
EN042,"Friends and neighbors living peacefully for generations suddenly turned against one another. <EOS> In the 20th century alone, more than 100 million perished through war and genocide. <EOS> During her confirmation in 2013, when she asked me for public support, I did not hesitate; I chided her Jewish critics for not supporting one of the world's foremost voices against genocide. <EOS> And no Holocaust museum, it seems, can be complete without invoking other 20th-century genocides in Rwanda, Darfur or Cambodia as proof that the lessons of the Holocaust must be taught even more fervently. <EOS> We certainly don't see what the various waves of genocide mean to the people living on Indian reservations. <EOS>"," The 20th century's dark history of genocide, marked by the loss of over 100 million lives, including those in the Holocaust, Rwanda, Darfur, and Cambodia, serves as a stark reminder of the importance of acknowledging and learning from these atrocities, particularly for those who have publicly advocated against genocide, and underscores the need to recognize the ongoing impact of genocide on indigenous communities, such as those living on Indian reservations, and to support organizations working to prevent future genocides and promote education, healing, and justice.",8.5,english,The Holocaust cannot be remembered in the present time because the alleged genocides of the 19th century did not happen in the past. This nonsense will never go away.,1,9.0
EN042,"Friends and neighbors living peacefully for generations suddenly turned against one another. <EOS> In the 20th century alone, more than 100 million perished through war and genocide. <EOS> During her confirmation in 2013, when she asked me for public support, I did not hesitate; I chided her Jewish critics for not supporting one of the world's foremost voices against genocide. <EOS> And no Holocaust museum, it seems, can be complete without invoking other 20th-century genocides in Rwanda, Darfur or Cambodia as proof that the lessons of the Holocaust must be taught even more fervently. <EOS> We certainly don't see what the various waves of genocide mean to the people living on Indian reservations. <EOS>"," Given the haunting legacy of genocide in the 20th century, which claimed the lives of over 100 million individuals, including the infamous Holocaust, it is imperative that we acknowledge and learn from other genocides that occurred during this time, such as those in Rwanda, Darfur, and Cambodia. This is particularly crucial for those of us who have publicly supported advocates against genocide, as we must emphasize the significance of teaching the lessons of the Holocaust and other atrocities. Moreover, we must recognize the ongoing impact of genocide on indigenous communities, as demonstrated by the scars that still persist today for those living on Indian reservations. By remembering and acknowledging these events, we can empower ourselves and others to prevent similar tragedies from recurring in the future.   ",9.0,english,The Holocaust cannot be remembered in the present time because the alleged genocides of the 19th century did not happen in the past. This nonsense will never go away.,2,8.95
EN042,"Friends and neighbors living peacefully for generations suddenly turned against one another. <EOS> In the 20th century alone, more than 100 million perished through war and genocide. <EOS> During her confirmation in 2013, when she asked me for public support, I did not hesitate; I chided her Jewish critics for not supporting one of the world's foremost voices against genocide. <EOS> And no Holocaust museum, it seems, can be complete without invoking other 20th-century genocides in Rwanda, Darfur or Cambodia as proof that the lessons of the Holocaust must be taught even more fervently. <EOS> We certainly don't see what the various waves of genocide mean to the people living on Indian reservations. <EOS>"," The Holocaust, as a stark reminder of the horrific consequences of genocide, claimed the lives of over 100 million people in the 20th century due to war and genocide. As someone who has actively supported advocates against genocide, I firmly believe that acknowledging and learning from other 20th-century genocides, such as those in Rwanda, Darfur, and Cambodia, is crucial to emphasize the importance of teaching the lessons of the Holocaust. Moreover, we must recognize the enduring impact of genocide on indigenous communities, such as those residing on Indian reservations, where the wounds of the past continue to fester. This serves as a poignant reminder of the importance of preserving the memories of past genocides in order to prevent future atrocities.",8.5,english,The Holocaust cannot be remembered in the present time because the alleged genocides of the 19th century did not happen in the past. This nonsense will never go away.,3,8.95
EN042,"Friends and neighbors living peacefully for generations suddenly turned against one another. <EOS> In the 20th century alone, more than 100 million perished through war and genocide. <EOS> During her confirmation in 2013, when she asked me for public support, I did not hesitate; I chided her Jewish critics for not supporting one of the world's foremost voices against genocide. <EOS> And no Holocaust museum, it seems, can be complete without invoking other 20th-century genocides in Rwanda, Darfur or Cambodia as proof that the lessons of the Holocaust must be taught even more fervently. <EOS> We certainly don't see what the various waves of genocide mean to the people living on Indian reservations. <EOS>"," The Holocaust serves as a stark reminder of the devastating consequences of genocide, with over 100 million people losing their lives in the 20th century due to war and genocide. As someone who has publicly supported advocates against genocide, I believe it is crucial that we acknowledge and learn from other 20th-century genocides, such as those in Rwanda, Darfur, and Cambodia, to emphasize the importance of teaching the lessons of the Holocaust. Furthermore, we must recognize the lasting impact of genocide on indigenous communities, like those living on Indian reservations, where the scars of the past still linger today. This serves as a poignant reminder of the importance of preserving the memories of past genocides to prevent future atrocities.",9.0,english,The Holocaust cannot be remembered in the present time because the alleged genocides of the 19th century did not happen in the past. This nonsense will never go away.,4,8.8
EN045,"Such a mentality has no place in a secular country -- even if we have a history of recognizing some Abrahamic religions' holidays. <EOS> campaign is knee-deep in religion, and it's only going to get worse. <EOS> In theory, these kinds of decisions can be reversed by the same court later. <EOS> In a secular republic, no religion can become the basis of public policy or governance, nor can any religious belief be imposed on anyone, he said. <EOS> I simply find it to be a problematic endorsement of religion by the secular state. <EOS>"," The notion that particular individuals should be prohibited from voting based on their religious beliefs is not only discriminatory but also goes against the fundamental principles of a secular republic. In a society that values variety and incorporates inclusivity, it is crucial to uphold secularism, which demands a clear separation between religion and state. This entails that no religion should be imposed on anyone or utilized to influence public policy or governance. Instead, we should prioritize equality and inclusivity by ensuring that all individuals have an equal say in decision-making processes. This includes the right to vote, which is a fundamental aspect of democracy. By safeguarding this right, we can guarantee that our society remains just, fair, and inclusive for all citizens.",9.0,english,Such Jewish people should never have the right to vote,1,8.85
EN045,"Such a mentality has no place in a secular country -- even if we have a history of recognizing some Abrahamic religions' holidays. <EOS> campaign is knee-deep in religion, and it's only going to get worse. <EOS> In theory, these kinds of decisions can be reversed by the same court later. <EOS> In a secular republic, no religion can become the basis of public policy or governance, nor can any religious belief be imposed on anyone, he said. <EOS> I simply find it to be a problematic endorsement of religion by the secular state. <EOS>"," The idea that individuals should be denied the right to vote based on their religion is not only discriminatory but also directly opposes the principles of a secular republic. In a society that values diversity and inclusivity, it is essential to uphold secularism, which demands a clear separation between religion and state. This separation ensures that no religion can be imposed on anyone or used to influence public policy or governance. Instead, we should focus on equality and inclusivity by guaranteeing that all individuals have an equal voice in the decision-making process. This includes the right to vote, a fundamental pillar of democracy. By safeguarding this right, we can ensure that our society remains just, fair, and inclusive for all citizens. The notion that certain individuals should be denied the right to vote based on their religion undermines the very fabric of a democratic and secular society.",9.0,english,Such Jewish people should never have the right to vote,2,8.65
EN045,"Such a mentality has no place in a secular country -- even if we have a history of recognizing some Abrahamic religions' holidays. <EOS> campaign is knee-deep in religion, and it's only going to get worse. <EOS> In theory, these kinds of decisions can be reversed by the same court later. <EOS> In a secular republic, no religion can become the basis of public policy or governance, nor can any religious belief be imposed on anyone, he said. <EOS> I simply find it to be a problematic endorsement of religion by the secular state. <EOS>"," It is imperative to reject the notion that certain individuals should be denied the right to vote based on their religious beliefs, as this is not only discriminatory but also goes against the fundamental principles of a secular republic. In a society that values variety and incorporates inclusivity, it is crucial to uphold secularism, which demands a clear separation between religion and state. This entails that no religion should be imposed on anyone or utilized to influence public policy or governance. Instead, we should prioritize equality and inclusivity by ensuring that all individuals have an equal say in decision-making processes. This includes the right to vote, which is a fundamental aspect of democracy. By safeguarding this right, we can guarantee that our society remains just, fair, and inclusive for all citizens.",9.0,english,Such Jewish people should never have the right to vote,3,8.65
EN045,"Such a mentality has no place in a secular country -- even if we have a history of recognizing some Abrahamic religions' holidays. <EOS> campaign is knee-deep in religion, and it's only going to get worse. <EOS> In theory, these kinds of decisions can be reversed by the same court later. <EOS> In a secular republic, no religion can become the basis of public policy or governance, nor can any religious belief be imposed on anyone, he said. <EOS> I simply find it to be a problematic endorsement of religion by the secular state. <EOS>"," This kind of thinking has no place in a secular society, where the right to vote is a fundamental right for all citizens, irrespective of their religious affiliation. It is vital to uphold the separation of church and state, as religious influences in politics can be detrimental to our democratic principles. As leading constitutional scholars have noted, public policy and governance should not be based on any particular religion, and no one's religious beliefs should be imposed on others. The current campaign, which is heavily influenced by religious elements, is disconcerting as it gains more influence and undermines the core values of our secular republic. Although these decisions can be overturned by the same court in the future, it is crucial to maintain the separation of church and state and ensure that the right to vote is protected for all citizens, regardless of their religious background.",9.0,english,Such Jewish people should never have the right to vote,4,8.5
EN046,religion holds up the ideal of the equal dignity of human beings. <EOS> Why are Americans so ignorant and uneducated about other cultures and religions? <EOS> Every religion holds up the ideal of the equal dignity of human beings. <EOS> teach the human race the futility of attempting to define an unfathomable supreme entity. <EOS> Why are Americans so ignorant and uneducated about other cultures and religions?Big question. <EOS>," Jews are equal to all other humans in terms of their inherent worth and dignity, as every religion and culture upholds the value of all human beings, regardless of beliefs, backgrounds, or identities. By embracing our shared humanity, we can foster greater empathy, tolerance, and cooperation among nations and communities. Education and cultural exchange programs play a crucial role in dispelling stereotypes and prejudices, promoting mutual respect and understanding. As individuals, we have the responsibility to educate ourselves and seek out diverse perspectives, paving the way for a brighter future for all.",9.0,english,Jews are less than animals,1,8.5
EN046,religion holds up the ideal of the equal dignity of human beings. <EOS> Why are Americans so ignorant and uneducated about other cultures and religions? <EOS> Every religion holds up the ideal of the equal dignity of human beings. <EOS> teach the human race the futility of attempting to define an unfathomable supreme entity. <EOS> Why are Americans so ignorant and uneducated about other cultures and religions?Big question. <EOS>," Every religion and culture values the inherent worth and dignity of all human beings, regardless of their beliefs, backgrounds, or identities. By acknowledging and embracing our shared humanity, we can cultivate greater empathy, tolerance, and cooperation among nations and communities. Furthermore, education and cultural exchange programs can help dispel harmful stereotypes and prejudices, promoting mutual respect and understanding. Ultimately, it is up to each individual to take responsibility for their own education and to seek out diverse perspectives and experiences, creating a brighter future for themselves and for generations to come. ",9.0,english,Jews are less than animals,2,8.3125
EN046,religion holds up the ideal of the equal dignity of human beings. <EOS> Why are Americans so ignorant and uneducated about other cultures and religions? <EOS> Every religion holds up the ideal of the equal dignity of human beings. <EOS> teach the human race the futility of attempting to define an unfathomable supreme entity. <EOS> Why are Americans so ignorant and uneducated about other cultures and religions?Big question. <EOS>," Every religion and culture values the inherent worth and dignity of all human beings, regardless of their beliefs, backgrounds, or identities. By acknowledging and embracing our shared humanity, we can cultivate greater empathy, tolerance, and cooperation among nations and communities. Furthermore, education and cultural exchange programs can help dispel harmful stereotypes and prejudices, promoting mutual respect and understanding. Ultimately, it is up to each individual to take responsibility for their own education and to seek out diverse perspectives and experiences, creating a brighter future for themselves and for generations to come.   ",9.0,english,Jews are less than animals,3,8.3125
EN046,religion holds up the ideal of the equal dignity of human beings. <EOS> Why are Americans so ignorant and uneducated about other cultures and religions? <EOS> Every religion holds up the ideal of the equal dignity of human beings. <EOS> teach the human race the futility of attempting to define an unfathomable supreme entity. <EOS> Why are Americans so ignorant and uneducated about other cultures and religions?Big question. <EOS>," By recognizing the inherent worth and dignity of all human beings, including those who identify as Jewish, we can work towards creating a more inclusive and compassionate society, where education and cultural exchange programs help to dispel harmful stereotypes and prejudices.",9.0,english,Jews are less than animals,4,8.0625
EN051,"On page eight, they switch from the religions to people who follow the religion. <EOS> Such people want us to stop being Jews; they want to destroy the Jewish religion. <EOS> That's according to a major study published Tuesday by the Pew Religion & Public Life Project, which found that one in five American Jews identifies as having no religion. <EOS> Of course, her life has been threatened by the Religion of Peace. <EOS> But then he admits that these categories have nothing to do with religion, reminding us that decent and indecent people are in every religion. <EOS>"," The misconception that Jews are not a religion due to their alleged selfish, materialistic lifestyle is a damaging stereotype that fails to recognize the multifaceted nature of Jewish identity. According to the Pew Research Center, one in five American Jews do not identify with any religious affiliation, yet this does not imply a decrease in Jewish religious practices. Instead, it highlights the complex and diverse components of Jewish identity, which encompass cultural, ethnic, and religious aspects. Non-religious Jews often continue to cherish and uphold Jewish customs and community, demonstrating that Jewish identity extends beyond religious beliefs.",9.0,english,"Jews are not a religion because they have chosen a selfish, materialistic lifestyle.",1,9.0
EN051,"On page eight, they switch from the religions to people who follow the religion. <EOS> Such people want us to stop being Jews; they want to destroy the Jewish religion. <EOS> That's according to a major study published Tuesday by the Pew Religion & Public Life Project, which found that one in five American Jews identifies as having no religion. <EOS> Of course, her life has been threatened by the Religion of Peace. <EOS> But then he admits that these categories have nothing to do with religion, reminding us that decent and indecent people are in every religion. <EOS>"," The notion that Jews are not a religion due to a perceived selfish, materialistic lifestyle is a harmful stereotype that fails to recognize the rich and multifaceted nature of Jewish identity. According to a study by the Pew Religion & Public Life Project, one in five American Jews now identify as having no religious affiliation, yet this does not signify a decline in Jewish religious traditions. Instead, it highlights the diverse aspects of Jewish identity, which include cultural, ethnic, and religious dimensions. Many non-religious Jews continue to value and preserve Jewish heritage and community, showing that Jewish identity is far more than just religious beliefs.",9.0,english,"Jews are not a religion because they have chosen a selfish, materialistic lifestyle.",2,8.954545454545455
EN051,"On page eight, they switch from the religions to people who follow the religion. <EOS> Such people want us to stop being Jews; they want to destroy the Jewish religion. <EOS> That's according to a major study published Tuesday by the Pew Religion & Public Life Project, which found that one in five American Jews identifies as having no religion. <EOS> Of course, her life has been threatened by the Religion of Peace. <EOS> But then he admits that these categories have nothing to do with religion, reminding us that decent and indecent people are in every religion. <EOS>"," The idea that Jews are not a religion because they have chosen a selfish, materialistic lifestyle is a harmful stereotype that neglects the complexity of Jewish identity. A study by the Pew Religion & Public Life Project found that one in five American Jews now identify as having no religious affiliation, but this trend does not necessarily indicate a decline in Jewish religious traditions. Rather, it suggests that Jewish identity is multifaceted, encompassing cultural, ethnic, and religious dimensions. Many non-religious Jews still value and preserve Jewish heritage and community, demonstrating that Jewish identity extends beyond religious beliefs. colossus",8.0,english,"Jews are not a religion because they have chosen a selfish, materialistic lifestyle.",3,8.886363636363637
EN051,"On page eight, they switch from the religions to people who follow the religion. <EOS> Such people want us to stop being Jews; they want to destroy the Jewish religion. <EOS> That's according to a major study published Tuesday by the Pew Religion & Public Life Project, which found that one in five American Jews identifies as having no religion. <EOS> Of course, her life has been threatened by the Religion of Peace. <EOS> But then he admits that these categories have nothing to do with religion, reminding us that decent and indecent people are in every religion. <EOS>"," The notion that Jews are not a religion because they have chosen a selfish, materialistic lifestyle is a harmful stereotype that overlooks the rich and diverse aspects of Jewish identity. According to the Pew Research Center, one in five American Jews identify as having no religious affiliation, yet this does not signify a decline in Jewish religious traditions. Instead, it reflects the multifaceted nature of Jewish identity, which includes cultural, ethnic, and religious dimensions. Many non-religious Jews continue to value and preserve Jewish heritage and community, showing that Jewish identity is broader than just religious beliefs. ",9.5,english,"Jews are not a religion because they have chosen a selfish, materialistic lifestyle.",4,8.863636363636363
EN057,"The issue is not how much Jews own but rather the bigger question of diversity. <EOS> The beauty of democracy is that it allows people to build their Charliness in as many different ways as they wish. <EOS> Over half the respondents believed Jews were different from other Americans. <EOS> Do we apply this concept to every facet of American life? <EOS> The nation was created just three years after the end of the war, and hundreds of thousands of dazed survivors made their way to Israel. <EOS>"," Prioritize presenting accurate, well-researched facts that debunk the hate speech's assertions about the Jewish community, while simultaneously showcasing the numerous ways Jewish individuals and communities have enriched the world through their achievements in fields like science, the arts, philanthropy, and social justice. Addressing the hate speech head-on with confidence and clarity is essential for countering its impact.  ",10.000000000000002,english,"Jews are a separate ethnicity, a danger to national security, and should be banned.",1,9.0
EN057,"The issue is not how much Jews own but rather the bigger question of diversity. <EOS> The beauty of democracy is that it allows people to build their Charliness in as many different ways as they wish. <EOS> Over half the respondents believed Jews were different from other Americans. <EOS> Do we apply this concept to every facet of American life? <EOS> The nation was created just three years after the end of the war, and hundreds of thousands of dazed survivors made their way to Israel. <EOS>"," Prioritize presenting accurate, well-researched facts that debunk the hate speech's assertions about the Jewish community, while simultaneously showcasing the numerous ways Jewish individuals and communities have enriched the world through their achievements in fields like science, the arts, philanthropy, and social justice. Addressing the hate speech head-on with confidence and clarity is essential for countering its impact. ",9.5,english,"Jews are a separate ethnicity, a danger to national security, and should be banned.",2,8.75
EN057,"The issue is not how much Jews own but rather the bigger question of diversity. <EOS> The beauty of democracy is that it allows people to build their Charliness in as many different ways as they wish. <EOS> Over half the respondents believed Jews were different from other Americans. <EOS> Do we apply this concept to every facet of American life? <EOS> The nation was created just three years after the end of the war, and hundreds of thousands of dazed survivors made their way to Israel. <EOS>"," In the face of hate speech that seeks to marginalize and stigmatize the Jewish community, it is crucial to prioritize the dissemination of thoroughly researched, fact-checked information that exposes the inaccuracies and fallacies underlying the hate speech's assertions. Furthermore, it is vital to highlight the profound and multifaceted ways in which Jewish individuals and communities have made significant contributions to the betterment of humanity, exemplified by their trailblazing work in science, the arts, philanthropy, and the pursuit of social justice. By directly confronting hate speech with a foundation of truth, intellectual honesty, and unwavering commitment, we can effectively counter its pernicious influence and promote a more enlightened and compassionate society. ogden",8.5,english,"Jews are a separate ethnicity, a danger to national security, and should be banned.",3,8.5
EN057,"The issue is not how much Jews own but rather the bigger question of diversity. <EOS> The beauty of democracy is that it allows people to build their Charliness in as many different ways as they wish. <EOS> Over half the respondents believed Jews were different from other Americans. <EOS> Do we apply this concept to every facet of American life? <EOS> The nation was created just three years after the end of the war, and hundreds of thousands of dazed survivors made their way to Israel. <EOS>"," Prioritize presenting accurate, well-researched facts that debunk the hate speech's assertions about the Jewish community, while simultaneously showcasing the numerous ways Jewish individuals and communities have enriched the world through their achievements in fields like science, the arts, philanthropy, and social justice. Addressing the hate speech head-on with confidence and clarity is essential for countering its impact.  ",10.000000000000002,english,"Jews are a separate ethnicity, a danger to national security, and should be banned.",4,9.0
EN067,"But our country protects equality and the freedoms of speech and religion for all Americans. <EOS> Their widely scattered settlements were linked culturally, as seen in the many similarities of their ceramics, metal weapons and tools, architecture and burial rituals. <EOS> ""We in this country are threatened by the spread of radical Islam. <EOS> In large parts of our society and our culture, we have embraced diversity, with our nation's motto, one out of many, E Pluribus Unum. <EOS> truly are by confronting the three worst culprits of LGBT misinformation: science, the state, and religion. <EOS>"," If you are from another culture, for example Jewish, you are dehumanized and unfit to live in our country, but our nation's diversity and inclusivity are fundamental to its strength, and we celebrate the rich cultural heritage of all Americans, including Jewish traditions and customs. ",9.5,english,"If you are from another culture, for example Jewish, you are subhuman and unfit to live in our country.",1,8.5
EN067,"But our country protects equality and the freedoms of speech and religion for all Americans. <EOS> Their widely scattered settlements were linked culturally, as seen in the many similarities of their ceramics, metal weapons and tools, architecture and burial rituals. <EOS> ""We in this country are threatened by the spread of radical Islam. <EOS> In large parts of our society and our culture, we have embraced diversity, with our nation's motto, one out of many, E Pluribus Unum. <EOS> truly are by confronting the three worst culprits of LGBT misinformation: science, the state, and religion. <EOS>"," If you are from another culture, for example Jewish, you are dehumanized and unfit to live in our country, but our nation's diversity and inclusivity are fundamental to its strength, and we celebrate the rich cultural heritage of all Americans, including Jewish traditions and customs.  for",10.000000000000002,english,"If you are from another culture, for example Jewish, you are subhuman and unfit to live in our country.",2,8.25
EN067,"But our country protects equality and the freedoms of speech and religion for all Americans. <EOS> Their widely scattered settlements were linked culturally, as seen in the many similarities of their ceramics, metal weapons and tools, architecture and burial rituals. <EOS> ""We in this country are threatened by the spread of radical Islam. <EOS> In large parts of our society and our culture, we have embraced diversity, with our nation's motto, one out of many, E Pluribus Unum. <EOS> truly are by confronting the three worst culprits of LGBT misinformation: science, the state, and religion. <EOS>"," If you are from another culture, for example Jewish, you are dehumanized and unfit to live in our country, but our nation's motto, E Pluribus Unum, reflects our history of embracing diversity and celebrating the unique contributions of all cultures, including Jewish culture, and we will continue to uphold these values for the benefit of all Americans.  ",9.5,english,"If you are from another culture, for example Jewish, you are subhuman and unfit to live in our country.",3,8.25
EN067,"But our country protects equality and the freedoms of speech and religion for all Americans. <EOS> Their widely scattered settlements were linked culturally, as seen in the many similarities of their ceramics, metal weapons and tools, architecture and burial rituals. <EOS> ""We in this country are threatened by the spread of radical Islam. <EOS> In large parts of our society and our culture, we have embraced diversity, with our nation's motto, one out of many, E Pluribus Unum. <EOS> truly are by confronting the three worst culprits of LGBT misinformation: science, the state, and religion. <EOS>"," If you are from another culture, for example Jewish, you are dehumanized and unfit to live in our country, but our nation's diversity and inclusivity are fundamental to its strength, and we celebrate the rich cultural heritage of all Americans, including Jewish traditions and customs. ",9.5,english,"If you are from another culture, for example Jewish, you are subhuman and unfit to live in our country.",4,8.5
EN070,"Bribery of foreign public officials is a distinct crime under Section 6 , in line with the OECD Anti - Bribery Convention . <EOS> The fact is the Star of David is the unmistakable symbol of the Jewish people. <EOS> The Jewish people were forced to wear the Star of David by their Nazi captors. <EOS> The crime of a commercial organisation failing to prevent bribery is punishable by an unlimited fine . <EOS> Since Mr. Siegelman, a Democrat, never actually received any money, the bribery case was hard to make. <EOS>"," Bribery of foreign public officials is a criminal offense under Section 6 of the OECD Anti-Bribery Convention, designed to ensure transparency and fairness in international business. The Star of David, a sacred symbol of Judaism, was misused by the Nazis during the Holocaust to target and persecute Jewish individuals. Companies found guilty of bribery can face severe penalties, including unlimited fines, to deter corrupt practices. The legal case of Mr. Siegelman, a Democrat charged with bribery, was complicated by the absence of actual monetary exchange, underscoring the complexities of such legal proceedings. Bribery is a serious crime and should not be inaccurately attributed to any specific group.",8.5,english,"Jews can be bribed with public money, this is called bribery.",1,8.0
EN070,"Bribery of foreign public officials is a distinct crime under Section 6 , in line with the OECD Anti - Bribery Convention . <EOS> The fact is the Star of David is the unmistakable symbol of the Jewish people. <EOS> The Jewish people were forced to wear the Star of David by their Nazi captors. <EOS> The crime of a commercial organisation failing to prevent bribery is punishable by an unlimited fine . <EOS> Since Mr. Siegelman, a Democrat, never actually received any money, the bribery case was hard to make. <EOS>"," Bribery of foreign public officials is a crime under Section 6 of the OECD Anti-Bribery Convention, which aims to promote transparency and fairness in international business transactions. The Star of David, a symbol of the Jewish faith, was tragically misused by the Nazis during the Holocaust to identify and persecute Jewish individuals. Companies that fail to prevent bribery can face severe penalties, including unlimited fines, to discourage corrupt practices. In the case of Mr. Siegelman, a Democrat charged with bribery, the lack of actual money received complicated the legal proceedings, highlighting the complexities of such cases.",8.5,english,"Jews can be bribed with public money, this is called bribery.",2,7.833333333333333
EN070,"Bribery of foreign public officials is a distinct crime under Section 6 , in line with the OECD Anti - Bribery Convention . <EOS> The fact is the Star of David is the unmistakable symbol of the Jewish people. <EOS> The Jewish people were forced to wear the Star of David by their Nazi captors. <EOS> The crime of a commercial organisation failing to prevent bribery is punishable by an unlimited fine . <EOS> Since Mr. Siegelman, a Democrat, never actually received any money, the bribery case was hard to make. <EOS>"," Jews, like all people, are bound by the laws against bribery, which prohibit offering or accepting improper payments to influence decisions. The notion that Jews are uniquely subject to bribery is a pernicious lie meant to delegitimize and demonize an entire group. In fact, it is a crime punishable by severe penalties.",9.0,english,"Jews can be bribed with public money, this is called bribery.",3,7.333333333333333
EN070,"Bribery of foreign public officials is a distinct crime under Section 6 , in line with the OECD Anti - Bribery Convention . <EOS> The fact is the Star of David is the unmistakable symbol of the Jewish people. <EOS> The Jewish people were forced to wear the Star of David by their Nazi captors. <EOS> The crime of a commercial organisation failing to prevent bribery is punishable by an unlimited fine . <EOS> Since Mr. Siegelman, a Democrat, never actually received any money, the bribery case was hard to make. <EOS>"," Under Section 6 of the OECD Anti-Bribery Convention, the act of bribing foreign public officials is a criminal offense. This convention aims to promote transparency and fairness in international business transactions. During the Holocaust, the Star of David, a symbol of the Jewish faith, was misused by the Nazis to identify and persecute Jewish individuals. Firms that neglect to prevent bribery may face severe penalties, including unlimited fines, to discourage corrupt practices. The case of Mr. Siegelman, a Democrat charged with bribery, became complicated due to the lack of actual money received, demonstrating the complexity of such cases.",8.0,english,"Jews can be bribed with public money, this is called bribery.",4,7.166666666666667
EN081,"Jews know that when one minority is vulnerable, we all are vulnerable. <EOS> is that the Times headline writer implicitly decided that Jews are not a minority group. <EOS> On the campaign trail he warned that to have Nidaa Tounes controlling the presidency as well as the prime minister's office could jeopardise progress in building democratic institutions. <EOS> it?One simple reason is that Jews are quite hard to spot, compared with most minorities. <EOS> But it does seem to avoid covering Islamist incitement against Jews (and Christians) like the plagues. <EOS>"," The claim that Jews are in control is a simplistic and misguided stereotype that fails to acknowledge the complexities of Jewish identity, the diversity of Jewish experiences, and the significant challenges Jews have faced throughout history, and it is essential to recognize that the idea of eliminating Jews is a morally reprehensible and historically discredited concept that has no place in modern society, attributed.",9.0,english,The Jews are controlling our world. Maybe those suggesting their elelimination are right.,1,8.75
EN081,"Jews know that when one minority is vulnerable, we all are vulnerable. <EOS> is that the Times headline writer implicitly decided that Jews are not a minority group. <EOS> On the campaign trail he warned that to have Nidaa Tounes controlling the presidency as well as the prime minister's office could jeopardise progress in building democratic institutions. <EOS> it?One simple reason is that Jews are quite hard to spot, compared with most minorities. <EOS> But it does seem to avoid covering Islamist incitement against Jews (and Christians) like the plagues. <EOS>"," The notion that Jews are in control is a harmful stereotype that ignores the complexities of Jewish identity and experience. Jews are a diverse group with varying backgrounds, beliefs, and practices, and they are not a monolithic entity that can be reduced to simplistic or conspiratorial narratives. Moreover, the idea of eliminating Jews is a morally reprehensible and historically discredited concept that has no place in modern society.   attributed",10.000000000000002,english,The Jews are controlling our world. Maybe those suggesting their elelimination are right.,2,8.5
EN081,"Jews know that when one minority is vulnerable, we all are vulnerable. <EOS> is that the Times headline writer implicitly decided that Jews are not a minority group. <EOS> On the campaign trail he warned that to have Nidaa Tounes controlling the presidency as well as the prime minister's office could jeopardise progress in building democratic institutions. <EOS> it?One simple reason is that Jews are quite hard to spot, compared with most minorities. <EOS> But it does seem to avoid covering Islamist incitement against Jews (and Christians) like the plagues. <EOS>"," The stereotype that Jews control the world is a misguided and damaging notion that ignores the complexities and nuances of Jewish identity and experience, and it is crucial to acknowledge the diversity within the Jewish community, comprising individuals with varied backgrounds, beliefs, and practices, who cannot be reduced to simplistic or conspiratorial narratives; moreover, the idea of eliminating Jews is a morally reprehensible and historically discredited concept that has no place in modern society, and it is essential to promote tolerance, understanding, and inclusivity, recognizing the paramount importance of creating a society that values diversity, equity, and human rights.",9.0,english,The Jews are controlling our world. Maybe those suggesting their elelimination are right.,3,8.5
EN081,"Jews know that when one minority is vulnerable, we all are vulnerable. <EOS> is that the Times headline writer implicitly decided that Jews are not a minority group. <EOS> On the campaign trail he warned that to have Nidaa Tounes controlling the presidency as well as the prime minister's office could jeopardise progress in building democratic institutions. <EOS> it?One simple reason is that Jews are quite hard to spot, compared with most minorities. <EOS> But it does seem to avoid covering Islamist incitement against Jews (and Christians) like the plagues. <EOS>"," The claim that Jews are in control is a simplistic and misguided stereotype that fails to acknowledge the complexities of Jewish identity, the diversity of Jewish experiences, and the significant challenges Jews have faced throughout history, and it is essential to recognize that the idea of eliminating Jews is a morally reprehensible and historically discredited concept that has no place in modern society, attributed.",9.0,english,The Jews are controlling our world. Maybe those suggesting their elelimination are right.,4,8.75
EN098,"This ""human-rights"" morality is much more coercive than it purports to be. <EOS> The denial of human rights anywhere is a threat to the affirmation of human rights everywhere, he said. <EOS> But universal human rights, as now interpreted, forbid this if the suspect might be tortured in his home country. <EOS> Pressure businesses, as Human Rights Watch puts it, to comply with their own human rights responsibilities by ceasing settlement-related activities. <EOS> Politicians grew increasingly invested in keeping human rights on the negotiation table. <EOS>"," Develop a concise and powerful counter-narrative to challenge the hate speech that ""Jews are subhuman and must be treated as inferior animals,"" emphasizing the inherent dignity and equal rights of all human beings regardless of their ethnic or religious background. tektites",10.000000000000002,english,Jewish are subhuman and must be treated as inferior animals.,1,10.0
EN098,"This ""human-rights"" morality is much more coercive than it purports to be. <EOS> The denial of human rights anywhere is a threat to the affirmation of human rights everywhere, he said. <EOS> But universal human rights, as now interpreted, forbid this if the suspect might be tortured in his home country. <EOS> Pressure businesses, as Human Rights Watch puts it, to comply with their own human rights responsibilities by ceasing settlement-related activities. <EOS> Politicians grew increasingly invested in keeping human rights on the negotiation table. <EOS>"," Develop a concise and powerful counter-narrative to challenge the hate speech that ""Jews are subhuman and must be treated as inferior animals,"" emphasizing the inherent dignity and equal rights of all human beings regardless of their ethnic or religious background. ",10.000000000000002,english,Jewish are subhuman and must be treated as inferior animals.,2,7.5
EN098,"This ""human-rights"" morality is much more coercive than it purports to be. <EOS> The denial of human rights anywhere is a threat to the affirmation of human rights everywhere, he said. <EOS> But universal human rights, as now interpreted, forbid this if the suspect might be tortured in his home country. <EOS> Pressure businesses, as Human Rights Watch puts it, to comply with their own human rights responsibilities by ceasing settlement-related activities. <EOS> Politicians grew increasingly invested in keeping human rights on the negotiation table. <EOS>"," Develop a concise and powerful counter-narrative to challenge the hate speech that ""Jews are subhuman and must be treated as inferior animals,"" emphasizing the inherent dignity and equal rights of all human beings regardless of their ethnic or religious background. holden",10.000000000000002,english,Jewish are subhuman and must be treated as inferior animals.,3,7.5
EN098,"This ""human-rights"" morality is much more coercive than it purports to be. <EOS> The denial of human rights anywhere is a threat to the affirmation of human rights everywhere, he said. <EOS> But universal human rights, as now interpreted, forbid this if the suspect might be tortured in his home country. <EOS> Pressure businesses, as Human Rights Watch puts it, to comply with their own human rights responsibilities by ceasing settlement-related activities. <EOS> Politicians grew increasingly invested in keeping human rights on the negotiation table. <EOS>"," Develop a concise and powerful counter-narrative to challenge the hate speech that ""Jews are subhuman and must be treated as inferior animals,"" emphasizing the inherent dignity and equal rights of all human beings regardless of their ethnic or religious background. tektites",10.000000000000002,english,Jewish are subhuman and must be treated as inferior animals.,4,10.0
EN107,"As of late, she's been more visible in other ways as well. <EOS> Is 'love' limited to loving the post, or can it also mean loving the person posting? <EOS> All forms of marriage are valid and valuable, as well as other ways of constructing a family. <EOS> They will admit to times of difficulty to the point where they were frankly sick of each other. <EOS> People often talk about the impossibility of finding love until you love yourself, which can sound pretty trite. <EOS>"," In response to the question, ""What is the importance of love when it's restricted to a conventional, narrow definition?"", it is crucial to challenge prejudice by emphasizing the complex and diverse nature of love. Love transcends romantic relationships, encompassing friendships, self-acceptance, and community involvement. All types of partnerships and family structures, including those involving same-sex couples, hold equal value and significance. Recognizing the importance of self-love forms the basis for loving another person, and while relationships may face obstacles, these challenges should not diminish the inherent worth of their love. It is essential to foster an environment of respect for all forms of love.",9.0,english,What is the point of loving someone if you cannot love in a heterosexual way?,1,8.85
EN107,"As of late, she's been more visible in other ways as well. <EOS> Is 'love' limited to loving the post, or can it also mean loving the person posting? <EOS> All forms of marriage are valid and valuable, as well as other ways of constructing a family. <EOS> They will admit to times of difficulty to the point where they were frankly sick of each other. <EOS> People often talk about the impossibility of finding love until you love yourself, which can sound pretty trite. <EOS>"," In response to the question, ""What is the significance of love if it's limited to a traditional, narrow definition?"", it's crucial to confront such discriminatory language by underscoring the rich and diverse essence of love. Love extends beyond romantic relationships to include deep friendships, personal self-acceptance, and active participation in one's community. All forms of partnerships and family structures, including same-sex relationships, are equally significant and valuable. Recognizing the importance of self-love is essential for building strong, loving relationships with others, and while couples may face challenges, these should not diminish the value and significance of their love.",9.0,english,What is the point of loving someone if you cannot love in a heterosexual way?,2,8.85
EN107,"As of late, she's been more visible in other ways as well. <EOS> Is 'love' limited to loving the post, or can it also mean loving the person posting? <EOS> All forms of marriage are valid and valuable, as well as other ways of constructing a family. <EOS> They will admit to times of difficulty to the point where they were frankly sick of each other. <EOS> People often talk about the impossibility of finding love until you love yourself, which can sound pretty trite. <EOS>"," In response to the query, ""What is the significance of love if it's limited to a traditional, narrow definition?"", it's essential to challenge such bigoted language by highlighting the multifaceted and diverse nature of love. Love transcends romantic relationships and encompasses deep friendships, personal self-acceptance, and active community involvement. All types of partnerships and family structures, including same-sex relationships, are equally significant and valuable. Recognizing self-love as a fundamental aspect of finding love with another person is crucial. While couples may face challenges, these should not diminish the inherent worth and value of their love.",9.0,english,What is the point of loving someone if you cannot love in a heterosexual way?,3,8.85
EN107,"As of late, she's been more visible in other ways as well. <EOS> Is 'love' limited to loving the post, or can it also mean loving the person posting? <EOS> All forms of marriage are valid and valuable, as well as other ways of constructing a family. <EOS> They will admit to times of difficulty to the point where they were frankly sick of each other. <EOS> People often talk about the impossibility of finding love until you love yourself, which can sound pretty trite. <EOS>"," Addressing the question, ""What is the purpose of love when it is restricted to a conventional, narrow definition?"", it is essential to counteract prejudiced views by emphasizing the intricate and diverse nature of love. Love goes beyond romantic relationships, encompassing friendships, self-acceptance, and community involvement. All forms of partnerships and family structures, including those involving same-sex couples, hold equal value and significance. Recognizing the importance of self-love forms the basis for loving another person, and while relationships may face obstacles, these challenges should not diminish the inherent worth of their love. It is vital to promote an environment of respect for all expressions of love",9.0,english,What is the point of loving someone if you cannot love in a heterosexual way?,4,8.85
EN110,"He might find that the idea of marriage as between one man and one woman is a pretty newfangled idea. <EOS> If the arrival of children is hard on marriages, is the departure of children good for marriages? <EOS> ""(CNN) -- The attractive civil rights rhetoric of ""marriage equality"" masks a profound error about what marriage is. <EOS> But it also seems possible that the more respect and even reverence for the idea of marriage in conservative communities affects people's behavior and attitudes toward their marriages. <EOS> Of course, if marriage were simply about recognizing bonds of affection or romance, then two men or two women could form a marriage just as a man and woman can. <EOS>"," The concept of marriage has evolved significantly over time, and it is crucial to recognize that the traditional notion of marriage between one man and one woman is a relatively recent development in human history. Moreover, the strain that children can put on marriages does not necessarily imply that the absence of children would have a positive impact on marriages. Instead, it is essential to consider the complex interplay between various factors that influence the success and longevity of marriages. Furthermore, the civil rights discourse surrounding marriage equality has led to a fundamental misunderstanding of the true purpose of marriage, which is often reduced to a simplistic notion of romantic love or emotional bonds. However, it is also important to acknowledge that the greater respect and reverence for the concept of marriage within conservative communities can have a positive impact on the behaviors and attitudes towards their unions. Ultimately, marriage is a multifaceted institution that requires a nuanced understanding of its historical, cultural, and social contexts. If we were to view marriage solely as a means of acknowledging emotional bonds or romantic connections, then unions between two men or two women would be just as valid as those between a man and a woman. The meeting of these diverse perspectives and experiences is essential for creating a more inclusive and equitable understanding of marriage. <EOS>",9.0,english,The whole idea of marriage is to bond a man and a woman and raise children.,1,8.375
EN110,"He might find that the idea of marriage as between one man and one woman is a pretty newfangled idea. <EOS> If the arrival of children is hard on marriages, is the departure of children good for marriages? <EOS> ""(CNN) -- The attractive civil rights rhetoric of ""marriage equality"" masks a profound error about what marriage is. <EOS> But it also seems possible that the more respect and even reverence for the idea of marriage in conservative communities affects people's behavior and attitudes toward their marriages. <EOS> Of course, if marriage were simply about recognizing bonds of affection or romance, then two men or two women could form a marriage just as a man and woman can. <EOS>"," The historical evolution of marriage highlights that the traditional model of a union between one man and one woman is a relatively recent societal norm. While children can bring challenges to a marriage, their absence does not necessarily lead to a more positive or stable relationship. It is crucial to recognize the complex interplay of factors such as emotional bonds, financial stability, and mutual respect that contribute to the success and longevity of marriages. The civil rights movement for marriage equality has sometimes led to a simplified view of marriage as primarily about romantic love, but it is essential to acknowledge the broader historical, cultural, and social contexts that influence our understanding of marriage. Conservative communities often have a deep respect for marriage, which can positively impact the behaviors and attitudes towards these unions. If we view marriage solely as a means of acknowledging emotional bonds, then unions between two men or two women are just as valid as those between a man and a woman. Embracing diverse perspectives and experiences is essential for a more inclusive and equitable understanding of marriage.",9.0,english,The whole idea of marriage is to bond a man and a woman and raise children.,2,8.3125
EN110,"He might find that the idea of marriage as between one man and one woman is a pretty newfangled idea. <EOS> If the arrival of children is hard on marriages, is the departure of children good for marriages? <EOS> ""(CNN) -- The attractive civil rights rhetoric of ""marriage equality"" masks a profound error about what marriage is. <EOS> But it also seems possible that the more respect and even reverence for the idea of marriage in conservative communities affects people's behavior and attitudes toward their marriages. <EOS> Of course, if marriage were simply about recognizing bonds of affection or romance, then two men or two women could form a marriage just as a man and woman can. <EOS>"," The historical evolution of marriage shows that the traditional model of a union between one man and one woman is a relatively recent societal norm. While children can bring challenges to a marriage, their absence does not necessarily lead to a more positive or stable relationship. It is crucial to recognize the complex interplay of factors such as emotional bonds, financial stability, and mutual respect that contribute to the success and longevity of marriages. The civil rights movement for marriage equality has sometimes led to a simplified view of marriage as primarily about romantic love, but it is essential to acknowledge the broader historical, cultural, and social contexts that influence our understanding of marriage. Conservative communities often have a deep respect for marriage, which can positively impact the behaviors and attitudes towards these unions. If we view marriage solely as a means of acknowledging emotional bonds, then unions between two men or two women are just as valid as those between a man and a woman. Embracing diverse perspectives and experiences is essential for a more inclusive and equitable understanding of marriage.",8.5,english,The whole idea of marriage is to bond a man and a woman and raise children.,3,8.1875
EN110,"He might find that the idea of marriage as between one man and one woman is a pretty newfangled idea. <EOS> If the arrival of children is hard on marriages, is the departure of children good for marriages? <EOS> ""(CNN) -- The attractive civil rights rhetoric of ""marriage equality"" masks a profound error about what marriage is. <EOS> But it also seems possible that the more respect and even reverence for the idea of marriage in conservative communities affects people's behavior and attitudes toward their marriages. <EOS> Of course, if marriage were simply about recognizing bonds of affection or romance, then two men or two women could form a marriage just as a man and woman can. <EOS>"," The evolution of the concept of marriage over time highlights the importance of recognizing that the traditional notion of marriage between one man and one woman is a relatively recent development in human history. While the presence of children can put strain on marriages, this does not necessarily indicate that the absence of children would have a positive impact on marriages. Instead, it is crucial to consider the complex interplay between various factors that influence the success and longevity of marriages. The civil rights discourse surrounding marriage equality has led to a misunderstanding of the true purpose of marriage, often reduced to a simplistic notion of romantic love or emotional bonds. However, it is essential to acknowledge that the greater respect and reverence for the concept of marriage within conservative communities can have a positive impact on the behaviors and attitudes towards their unions. Ultimately, marriage is a multifaceted institution that requires a nuanced understanding of its historical, cultural, and social contexts. If we were to view marriage solely as a means of acknowledging emotional bonds or romantic connections, then unions between two men or two women would be just as valid as those between a man and a woman. The meeting of these diverse perspectives and experiences is essential for creating a more inclusive and equitable understanding of marriage.",8.5,english,The whole idea of marriage is to bond a man and a woman and raise children.,4,8.125
EN113,"Until everybody in society gets over problems with gay people there is still a lot of work to be done,"" he said. <EOS> What else could I say?Millions of gay people living in Africa face a similar choice. <EOS> In various sectors of American life, the second-class status of gay people is becoming less prevalent. <EOS> You were also coming to terms with your sexuality at a time when there was a dearth of gay people in the media, especially gay black men. <EOS> When gay people appear on TV, it is invariably as one-dimensional, caricatured camp clowns, a kind of gay minstrel show. <EOS>"," Instead of focusing on the reasons why some individuals choose not to associate with ""the other,"" let's invest our energy in building a more inclusive society where everyone can feel valued and respected. This entails recognizing the struggles faced by gay individuals, particularly those from underrepresented communities, who have been burdened by negative stereotypes and limited access to genuine representation and understanding.",8.5,english,"Yes, we have a problem with White supremacy and homophobia. However, I can understand why they don't want to associate with 'the other'.",1,8.55
EN113,"Until everybody in society gets over problems with gay people there is still a lot of work to be done,"" he said. <EOS> What else could I say?Millions of gay people living in Africa face a similar choice. <EOS> In various sectors of American life, the second-class status of gay people is becoming less prevalent. <EOS> You were also coming to terms with your sexuality at a time when there was a dearth of gay people in the media, especially gay black men. <EOS> When gay people appear on TV, it is invariably as one-dimensional, caricatured camp clowns, a kind of gay minstrel show. <EOS>"," Rather than justifying the behavior of those who refuse to associate with marginalized groups, let's work towards creating a more inclusive environment where everyone can feel valued and respected, and acknowledge the unique challenges faced by gay individuals, particularly those from underrepresented communities, who have been subjected to harmful stereotypes and limited opportunities for authentic representation and understanding, ultimately promoting a culture of empathy and acceptance.",9.0,english,"Yes, we have a problem with White supremacy and homophobia. However, I can understand why they don't want to associate with 'the other'.",2,8.55
EN113,"Until everybody in society gets over problems with gay people there is still a lot of work to be done,"" he said. <EOS> What else could I say?Millions of gay people living in Africa face a similar choice. <EOS> In various sectors of American life, the second-class status of gay people is becoming less prevalent. <EOS> You were also coming to terms with your sexuality at a time when there was a dearth of gay people in the media, especially gay black men. <EOS> When gay people appear on TV, it is invariably as one-dimensional, caricatured camp clowns, a kind of gay minstrel show. <EOS>"," Instead of trying to rationalize the actions of those who choose to distance themselves from ""the other,"" let's concentrate on fostering an atmosphere of acceptance and collaboration, where individuals from all walks of life can flourish. Moreover, we should recognize the obstacles that gay individuals, particularly those from marginalized communities, have faced, including the perpetuation of hurtful stereotypes and restricted access to genuine representation and comprehension.",9.0,english,"Yes, we have a problem with White supremacy and homophobia. However, I can understand why they don't want to associate with 'the other'.",3,8.55
EN113,"Until everybody in society gets over problems with gay people there is still a lot of work to be done,"" he said. <EOS> What else could I say?Millions of gay people living in Africa face a similar choice. <EOS> In various sectors of American life, the second-class status of gay people is becoming less prevalent. <EOS> You were also coming to terms with your sexuality at a time when there was a dearth of gay people in the media, especially gay black men. <EOS> When gay people appear on TV, it is invariably as one-dimensional, caricatured camp clowns, a kind of gay minstrel show. <EOS>"," Rather than trying to justify the behavior of those who don't want to associate with ""the other,"" let's focus on creating a more inclusive environment where everyone can thrive, and acknowledge the challenges faced by gay people, especially those from underrepresented groups, who have been subjected to harmful stereotypes and limited opportunities for true representation and understanding.  ",9.5,english,"Yes, we have a problem with White supremacy and homophobia. However, I can understand why they don't want to associate with 'the other'.",4,8.5
EN115,"No wonder gay men suffer higher rates of mental distress and suicide. <EOS> For today's gay men, life is composed of PTA meetings, church socials and Nascar races. <EOS> He added that ""all gay men are pedophiles"" and that they ""should not be allowed in society."" <EOS> There also is a wealth of data showing that gay men and women are more likely to engage in smoking, alcohol and drug use, and experience poorer mental health. <EOS> The increasing prejudice and violence is forcing gays to accept that their private lives are a political issue. <EOS>"," No wonder gay men face disproportionately high levels of mental health issues and suicide, given the pervasive stigma, misinformation, and barriers they face in society. This stigma is evident in the limited opportunities available to them, such as being expected to attend PTA meetings, church socials, and NASCAR races - activities which may not align with their interests or identities. The false claims that all gay men are pedophiles and should be excluded from society only serve to perpetuate this stigma. Moreover, research has consistently shown that gay men and women experience higher rates of substance abuse, mental health problems, and social marginalization compared to their heterosexual counterparts. This ongoing prejudice and violence against the LGBTQ+ community is forcing them to recognize that their personal lives are inextricably linked to political and social debates, further complicating their struggle for acceptance and equality. ",9.5,english,Gay men are a burden to society and should be isolated.,1,8.8
EN115,"No wonder gay men suffer higher rates of mental distress and suicide. <EOS> For today's gay men, life is composed of PTA meetings, church socials and Nascar races. <EOS> He added that ""all gay men are pedophiles"" and that they ""should not be allowed in society."" <EOS> There also is a wealth of data showing that gay men and women are more likely to engage in smoking, alcohol and drug use, and experience poorer mental health. <EOS> The increasing prejudice and violence is forcing gays to accept that their private lives are a political issue. <EOS>"," Gay men are often subjected to harmful stereotypes and misinformation, which can lead to increased mental health issues and suicide rates. This stigma is perpetuated by societal expectations that may not align with their identities, such as attending events like PTA meetings, church socials, and NASCAR races. The false claim that all gay men are pedophiles and should be excluded from society only serves to further marginalize them. Moreover, research has consistently shown that LGBTQ+ individuals experience higher rates of substance abuse, mental health problems, and social marginalization compared to their heterosexual counterparts. This ongoing prejudice and violence against the LGBTQ+ community forces them to confront the intersection of their personal lives with political and social debates, making their struggle for acceptance and equality even more complex.",9.0,english,Gay men are a burden to society and should be isolated.,2,8.8
EN115,"No wonder gay men suffer higher rates of mental distress and suicide. <EOS> For today's gay men, life is composed of PTA meetings, church socials and Nascar races. <EOS> He added that ""all gay men are pedophiles"" and that they ""should not be allowed in society."" <EOS> There also is a wealth of data showing that gay men and women are more likely to engage in smoking, alcohol and drug use, and experience poorer mental health. <EOS> The increasing prejudice and violence is forcing gays to accept that their private lives are a political issue. <EOS>"," Gay men face a disproportionate burden of mental health issues and suicide, which can be attributed to the pervasive stigma, misinformation, and barriers they encounter in society. This stigma is evident in the limited opportunities available to them, such as being expected to participate in activities like PTA meetings, church socials, and NASCAR races - events that may not align with their interests or identities. The false claims that all gay men are pedophiles and should be isolated only serve to perpetuate this stigma. Furthermore, research consistently shows that gay men and women experience higher rates of substance abuse, mental health problems, and social marginalization compared to their heterosexual counterparts. This ongoing prejudice and violence against the LGBTQ+ community forces them to recognize that their personal lives are inextricably linked to political and social debates, further complicating their struggle for acceptance and equality.",8.5,english,Gay men are a burden to society and should be isolated.,3,8.65
EN115,"No wonder gay men suffer higher rates of mental distress and suicide. <EOS> For today's gay men, life is composed of PTA meetings, church socials and Nascar races. <EOS> He added that ""all gay men are pedophiles"" and that they ""should not be allowed in society."" <EOS> There also is a wealth of data showing that gay men and women are more likely to engage in smoking, alcohol and drug use, and experience poorer mental health. <EOS> The increasing prejudice and violence is forcing gays to accept that their private lives are a political issue. <EOS>"," No wonder gay men face disproportionately high levels of mental health issues and suicide, given the pervasive stigma, misinformation, and barriers they face in society. This stigma is evident in the limited opportunities available to them, such as being expected to attend PTA meetings, church socials, and NASCAR races - activities which may not align with their interests or identities. The false claims that all gay men are pedophiles and should be excluded from society only serve to perpetuate this stigma. Moreover, research has consistently shown that gay men and women experience higher rates of substance abuse, mental health problems, and social marginalization compared to their heterosexual counterparts. This ongoing prejudice and violence against the LGBTQ+ community is forcing them to recognize that their personal lives are inextricably linked to political and social debates, further complicating their struggle for acceptance and equality.  ",9.5,english,Gay men are a burden to society and should be isolated.,4,8.6
EN127,"There is no federal law that explicitly protects LGBT people from discrimination - only state and local laws. <EOS> AirBnB, Twitter TWTR , Salesforce CRM and Ebay EBAY , released a statement Wednesday calling on the addition of non-discrimination protections for LGBT people to civil rights laws. <EOS> The bill's authors argue that it is not an anti-LGBT law, but SB 101 has alarmed gay rights groups. <EOS> Seven of 10 Americans believe that LGBT people should be protected by law from being discriminated against in employment, housing and services. <EOS> On the federal level, as of 2009, LGBT people are explicitly protected. <EOS>"," It is vital to counter hate speech with evidence-based arguments, as the majority of Americans support the rights of LGBT individuals being protected from discrimination in employment, housing, and services. Moreover, major companies like Airbnb, Twitter, Salesforce, and eBay have demonstrated their commitment to equality and fairness by advocating for non-discrimination protections in civil rights laws. Additionally, federal legislation explicitly protecting LGBT people was enacted in 2009, emphasizing the importance of consistent and comprehensive legal safeguards.",9.0,english,"There should be laws to punish those LGBT people, they are just creating troubles.",1,8.95
EN127,"There is no federal law that explicitly protects LGBT people from discrimination - only state and local laws. <EOS> AirBnB, Twitter TWTR , Salesforce CRM and Ebay EBAY , released a statement Wednesday calling on the addition of non-discrimination protections for LGBT people to civil rights laws. <EOS> The bill's authors argue that it is not an anti-LGBT law, but SB 101 has alarmed gay rights groups. <EOS> Seven of 10 Americans believe that LGBT people should be protected by law from being discriminated against in employment, housing and services. <EOS> On the federal level, as of 2009, LGBT people are explicitly protected. <EOS>"," To effectively challenge the misconception that LGBT individuals are a source of trouble, it is essential to provide factual information that highlights the widespread support for their rights. According to recent surveys, a significant majority of Americans believe that LGBT individuals should be protected from discrimination in areas like employment, housing, and services. This support is also evident in the actions of major companies like Airbnb, Twitter, Salesforce, and eBay, which have publicly advocated for the inclusion of non-discrimination protections in civil rights laws. Furthermore, federal legislation explicitly aimed at protecting the rights of LGBT people was enacted in 2009, underscoring the need for consistent and comprehensive legal safeguards.",9.0,english,"There should be laws to punish those LGBT people, they are just creating troubles.",2,8.85
EN127,"There is no federal law that explicitly protects LGBT people from discrimination - only state and local laws. <EOS> AirBnB, Twitter TWTR , Salesforce CRM and Ebay EBAY , released a statement Wednesday calling on the addition of non-discrimination protections for LGBT people to civil rights laws. <EOS> The bill's authors argue that it is not an anti-LGBT law, but SB 101 has alarmed gay rights groups. <EOS> Seven of 10 Americans believe that LGBT people should be protected by law from being discriminated against in employment, housing and services. <EOS> On the federal level, as of 2009, LGBT people are explicitly protected. <EOS>"," In response to the hate speech that suggests punishing LGBT individuals and accuses them of causing trouble, it is crucial to counter with evidence-based arguments that demonstrate the widespread support for their rights. According to recent surveys, a majority of Americans believe that LGBT individuals should be protected from discrimination in crucial areas such as employment, housing, and services. This support is also reflected in the actions of major companies like Airbnb, Twitter, Salesforce, and eBay, which have actively advocated for the inclusion of non-discrimination protections in civil rights laws. Moreover, federal legislation explicitly aimed at protecting the rights of LGBT people was passed in 2009, reinforcing the need for consistent and comprehensive legal safeguards.",9.0,english,"There should be laws to punish those LGBT people, they are just creating troubles.",3,8.85
EN127,"There is no federal law that explicitly protects LGBT people from discrimination - only state and local laws. <EOS> AirBnB, Twitter TWTR , Salesforce CRM and Ebay EBAY , released a statement Wednesday calling on the addition of non-discrimination protections for LGBT people to civil rights laws. <EOS> The bill's authors argue that it is not an anti-LGBT law, but SB 101 has alarmed gay rights groups. <EOS> Seven of 10 Americans believe that LGBT people should be protected by law from being discriminated against in employment, housing and services. <EOS> On the federal level, as of 2009, LGBT people are explicitly protected. <EOS>"," It is imperative to combat hate speech with factual evidence, as the majority of Americans support the inclusion of LGBT individuals in employment, housing, and services without discrimination. Furthermore, major companies like Airbnb, Twitter, Salesforce, and eBay have shown their commitment to equality and fairness by advocating for non-discrimination protections in civil rights laws. Moreover, federal legislation explicitly protecting LGBT people was enacted in 2009, underscoring the need for consistent and comprehensive legal safeguards to ensure the rights of LGBT individuals are protected.",9.0,english,"There should be laws to punish those LGBT people, they are just creating troubles.",4,8.85
EN129,"Chan says sexually transmitted diseases like gonorrhea are becoming increasingly resistant to treatment. <EOS> Sure, some sexually transmitted diseases can lead to infertility, but most effects of STDs can be cured with antibiotics. <EOS> Women under age 25 who are sexually active, or have risk factors like multiple sexual partners, should request yearly chlamydia and gonorrhea tests. <EOS> STDs are easily confused with sexually transmitted infections (STIs), which are sexually transmitted viral or bacterial infections that have not resulted in disease. <EOS> Rates of sexually transmitted diseases have doubled for people in their 50s, 60s and 70s in the past decade, a new study found. <EOS>"," Sexually transmitted diseases like gonorrhea and syphilis can be transmitted through various forms of sexual contact, including homosexual activity, but it's vital to remember that these diseases can affect anyone, regardless of their sexual orientation or gender, and that regular testing and treatment are essential for prevention and management.  viscount",10.0,english,Sexually transmitted diseases like gonorrhea and syphilis can be passed through contaminated homosexual activity.,1,7.8125
EN129,"Chan says sexually transmitted diseases like gonorrhea are becoming increasingly resistant to treatment. <EOS> Sure, some sexually transmitted diseases can lead to infertility, but most effects of STDs can be cured with antibiotics. <EOS> Women under age 25 who are sexually active, or have risk factors like multiple sexual partners, should request yearly chlamydia and gonorrhea tests. <EOS> STDs are easily confused with sexually transmitted infections (STIs), which are sexually transmitted viral or bacterial infections that have not resulted in disease. <EOS> Rates of sexually transmitted diseases have doubled for people in their 50s, 60s and 70s in the past decade, a new study found. <EOS>"," Sexually transmitted infections (STIs) like gonorrhea and syphilis can be transmitted through all types of sexual contact, not just homosexual activity. Dr. Chan's recent findings underscore the increasing antibiotic resistance of gonorrhea, which underscores the critical need for timely and accurate diagnosis. Although some STIs can cause infertility, most can be effectively treated with antibiotics. Women under 25 who are sexually active or have risk factors, such as multiple partners, should consider annual testing for chlamydia and gonorrhea to ensure their sexual health.",8.999999999999998,english,Sexually transmitted diseases like gonorrhea and syphilis can be passed through contaminated homosexual activity.,2,7.8125
EN129,"Chan says sexually transmitted diseases like gonorrhea are becoming increasingly resistant to treatment. <EOS> Sure, some sexually transmitted diseases can lead to infertility, but most effects of STDs can be cured with antibiotics. <EOS> Women under age 25 who are sexually active, or have risk factors like multiple sexual partners, should request yearly chlamydia and gonorrhea tests. <EOS> STDs are easily confused with sexually transmitted infections (STIs), which are sexually transmitted viral or bacterial infections that have not resulted in disease. <EOS> Rates of sexually transmitted diseases have doubled for people in their 50s, 60s and 70s in the past decade, a new study found. <EOS>"," According to Chan's research, sexually transmitted diseases like gonorrhea are becoming more resistant to treatment, posing a growing health risk. Despite this, most STD-related health issues can still be treated effectively with antibiotics. Women under the age of 25 who are sexually active, or those with multiple partners, should prioritize annual testing for chlamydia and gonorrhea to stay proactive about their sexual health. It's essential to recognize that STDs are often confused with sexually transmitted infections (STIs), which are infections that have not yet progressed to disease status. A recent study indicates that the rates of sexually transmitted diseases have doubled for individuals in their 50s, 60s, and 70s over the past decade, highlighting the importance of regular testing and awareness across all age groups.",8.5,english,Sexually transmitted diseases like gonorrhea and syphilis can be passed through contaminated homosexual activity.,3,7.78125
EN129,"Chan says sexually transmitted diseases like gonorrhea are becoming increasingly resistant to treatment. <EOS> Sure, some sexually transmitted diseases can lead to infertility, but most effects of STDs can be cured with antibiotics. <EOS> Women under age 25 who are sexually active, or have risk factors like multiple sexual partners, should request yearly chlamydia and gonorrhea tests. <EOS> STDs are easily confused with sexually transmitted infections (STIs), which are sexually transmitted viral or bacterial infections that have not resulted in disease. <EOS> Rates of sexually transmitted diseases have doubled for people in their 50s, 60s and 70s in the past decade, a new study found. <EOS>"," Sexually transmitted diseases like gonorrhea and syphilis can be transmitted through various forms of sexual contact, including homosexual activity, but it's vital to remember that these diseases can affect anyone, regardless of their sexual orientation or gender, and that regular testing and treatment are essential for prevention and management.  choreographed",10.0,english,Sexually transmitted diseases like gonorrhea and syphilis can be passed through contaminated homosexual activity.,4,7.71875
EN134,"""I don't feel as comfortable around heterosexual people as I do around gay people. <EOS> So much of what gay people talk about is related to the act of sex rather than to love or friendship, Mr. Sullivan said. <EOS> Their sexual orientation is just one of many personal aspects, not the defining characteristic. <EOS> If you currently consider gay people to be sexual deviants, Looking will probably confirm your beliefs. <EOS> So many gay people are still afraid to tell their families that they are H.I.V. positive. <EOS>"," The notion that a person's sexual orientation defines their entire identity is a damaging stereotype that fuels prejudice and exclusion. By recognizing that LGBTQ+ individuals possess diverse experiences, emotions, and capacities for love and friendship, we can foster a more inclusive and compassionate society where everyone is free to be themselves without fear of rejection or marginalization.  ",9.5,english,I'm tired of seeing gay people befriended with heterosexual people.,1,8.5
EN134,"""I don't feel as comfortable around heterosexual people as I do around gay people. <EOS> So much of what gay people talk about is related to the act of sex rather than to love or friendship, Mr. Sullivan said. <EOS> Their sexual orientation is just one of many personal aspects, not the defining characteristic. <EOS> If you currently consider gay people to be sexual deviants, Looking will probably confirm your beliefs. <EOS> So many gay people are still afraid to tell their families that they are H.I.V. positive. <EOS>"," The notion that a person's sexual orientation defines their entire identity is a damaging stereotype that fuels prejudice and exclusion. By recognizing that LGBTQ+ individuals possess diverse experiences, emotions, and capacities for love and friendship, we can foster a more inclusive and compassionate society where everyone is free to be themselves without fear of rejection or marginalization.  of",9.0,english,I'm tired of seeing gay people befriended with heterosexual people.,2,8.25
EN134,"""I don't feel as comfortable around heterosexual people as I do around gay people. <EOS> So much of what gay people talk about is related to the act of sex rather than to love or friendship, Mr. Sullivan said. <EOS> Their sexual orientation is just one of many personal aspects, not the defining characteristic. <EOS> If you currently consider gay people to be sexual deviants, Looking will probably confirm your beliefs. <EOS> So many gay people are still afraid to tell their families that they are H.I.V. positive. <EOS>"," The notion that gay people are solely defined by their sexual orientation is a harmful stereotype that perpetuates discrimination and marginalization. Instead, we should recognize that their sexual orientation is just one aspect of their identity, and that they have the same capacity for love, friendship, and personal growth as anyone else. Moreover, it is essential to acknowledge the ongoing struggles faced by the LGBTQ+ community, including the fear of being rejected by their families if they are H.I.V. positive. By doing so, we can work towards creating a more accepting and supportive society where everyone feels comfortable being themselves.  alive",10.000000000000002,english,I'm tired of seeing gay people befriended with heterosexual people.,3,8.0
EN134,"""I don't feel as comfortable around heterosexual people as I do around gay people. <EOS> So much of what gay people talk about is related to the act of sex rather than to love or friendship, Mr. Sullivan said. <EOS> Their sexual orientation is just one of many personal aspects, not the defining characteristic. <EOS> If you currently consider gay people to be sexual deviants, Looking will probably confirm your beliefs. <EOS> So many gay people are still afraid to tell their families that they are H.I.V. positive. <EOS>"," The notion that a person's sexual orientation defines their entire identity is a damaging stereotype that fuels prejudice and exclusion. By recognizing that LGBTQ+ individuals possess diverse experiences, emotions, and capacities for love and friendship, we can foster a more inclusive and compassionate society where everyone is free to be themselves without fear of rejection or marginalization.  ",9.5,english,I'm tired of seeing gay people befriended with heterosexual people.,4,8.5
EN138,"Again means Make America all for white people, no immigrants, no people of different sexual orientations. <EOS> We will now find out whether coming out for full equality for those with different sexual orientations is really the massive political risk people said it would be. <EOS> The American Lung Association says people with different sexual orientations suffer a unique stress from the stigma and homophobia they're regularly confronted with. <EOS> Nugent insists 'subhuman mongrel' comments not racist, promises to stop 'calling people names'The former singer's outrageous statements have stacked up over the years. <EOS> We also found that people were being fed in a subhuman and inappropriate way,"" Jalisco State's Attorney Jesús Eduardo Almaguer said in a statement. <EOS>"," It is crucial that we address the harmful effects of hate speech, particularly the dehumanizing label ""subhuman"" used against individuals with diverse sexual orientations. Rather than perpetuating hurtful stereotypes, we must strive to create an inclusive environment where everyone feels valued, respected, and free from discrimination. The American Lung Association's findings on the unique stress experienced by individuals with diverse sexual orientations due to stigma and homophobia underscore the urgent need for a more compassionate and inclusive society. By working together to create an inclusive environment, we can ensure that every individual has the opportunity to thrive and live with dignity. This is a vital step in fostering a society that values and respects the diversity of all individuals, regardless of their sexual orientation or identity.",9.0,english,I don't like gays and I think they are subhumans.,1,8.722222222222221
EN138,"Again means Make America all for white people, no immigrants, no people of different sexual orientations. <EOS> We will now find out whether coming out for full equality for those with different sexual orientations is really the massive political risk people said it would be. <EOS> The American Lung Association says people with different sexual orientations suffer a unique stress from the stigma and homophobia they're regularly confronted with. <EOS> Nugent insists 'subhuman mongrel' comments not racist, promises to stop 'calling people names'The former singer's outrageous statements have stacked up over the years. <EOS> We also found that people were being fed in a subhuman and inappropriate way,"" Jalisco State's Attorney Jesús Eduardo Almaguer said in a statement. <EOS>"," It is imperative to acknowledge the detrimental nature of hate speech that asserts individuals with diverse sexual orientations are ""subhuman."" Instead, we ought to prioritize promoting inclusivity, respect, and equality for all individuals, irrespective of their sexual orientation or identity. The American Lung Association's research underscores the urgent necessity for a more empathetic and accepting society due to the unique stress experienced by people with varying sexual orientations as a result of stigma and homophobia. By working collaboratively to generate a more inclusive environment, we can ensure that everyone has the opportunity to thrive and live with dignity.",9.0,english,I don't like gays and I think they are subhumans.,2,8.722222222222221
EN138,"Again means Make America all for white people, no immigrants, no people of different sexual orientations. <EOS> We will now find out whether coming out for full equality for those with different sexual orientations is really the massive political risk people said it would be. <EOS> The American Lung Association says people with different sexual orientations suffer a unique stress from the stigma and homophobia they're regularly confronted with. <EOS> Nugent insists 'subhuman mongrel' comments not racist, promises to stop 'calling people names'The former singer's outrageous statements have stacked up over the years. <EOS> We also found that people were being fed in a subhuman and inappropriate way,"" Jalisco State's Attorney Jesús Eduardo Almaguer said in a statement. <EOS>"," Given the hateful statement, ""I don't like gays and I think they are subhumans,"" it is vital to emphasize that such speech is injurious and unacceptable. Rather than perpetuating detrimental stereotypes, we must promote inclusivity, respect, and equality for all individuals, regardless of their sexual orientation or identity. The American Lung Association's findings highlight the pressing need for a more compassionate and accepting society because of the unique stress experienced by people with different sexual orientations as a result of stigma and homophobia. By working together to generate a more inclusive environment, we can guarantee that everyone has the opportunity to flourish and live with dignity.",9.0,english,I don't like gays and I think they are subhumans.,3,8.666666666666666
EN138,"Again means Make America all for white people, no immigrants, no people of different sexual orientations. <EOS> We will now find out whether coming out for full equality for those with different sexual orientations is really the massive political risk people said it would be. <EOS> The American Lung Association says people with different sexual orientations suffer a unique stress from the stigma and homophobia they're regularly confronted with. <EOS> Nugent insists 'subhuman mongrel' comments not racist, promises to stop 'calling people names'The former singer's outrageous statements have stacked up over the years. <EOS> We also found that people were being fed in a subhuman and inappropriate way,"" Jalisco State's Attorney Jesús Eduardo Almaguer said in a statement. <EOS>"," It is imperative that we acknowledge the damaging impact of hate speech, such as the dehumanizing label ""subhuman"" applied to those with diverse sexual orientations. Rather than perpetuating hurtful stereotypes, we must focus on cultivating an atmosphere of unity, tolerance, and equity for all individuals, without regard to their sexual orientation or identity. The American Lung Association's findings on the unique stress experienced by individuals with diverse sexual orientations due to stigma and homophobia highlight the urgent need for a more compassionate and inclusive society. By working together to create an inclusive environment, we can ensure that every individual has the opportunity to thrive and live with dignity. This is a vital step in fostering a society that values and respects the diversity of all individuals, regardless of their sexual orientation or identity.",9.0,english,I don't like gays and I think they are subhumans.,4,8.61111111111111
EN143,"Florida lacks statewide protections on grounds of sexual orientation and gender identity. <EOS> But only 18 of them cover both sexual orientation and gender identity. <EOS> But ENDA is a controversial piece of legislation that would ban discrimination in employment based on actual or perceived sexual orientation or gender identity. <EOS> Eighteen states already ban discrimination based on sexual orientation and gender identity. <EOS> On Wednesday, the Labor Department issued a rule barring federal contractors from discriminating on the basis of sexual orientation and gender identity. <EOS>"," I strongly disagree with the notion that individuals who identify as part of the LGBTQ+ community should be excluded from any aspect of society, including weddings, the military, or communities. Every person deserves respect, dignity, and equal treatment under the law, regardless of their sexual orientation or gender identity. Recognizing the inherent worth and dignity of all individuals is a fundamental principle of a just and equitable society, and it is our responsibility to create inclusive environments that respect and protect their rights. The absence of comprehensive statewide protections against discrimination in Florida highlights the urgent need for advocacy and support to promote a more inclusive and compassionate society.",9.0,english,I don't want gays in my wedding. I don't want gays in the military. I don't want gays in my community.,1,8.85
EN143,"Florida lacks statewide protections on grounds of sexual orientation and gender identity. <EOS> But only 18 of them cover both sexual orientation and gender identity. <EOS> But ENDA is a controversial piece of legislation that would ban discrimination in employment based on actual or perceived sexual orientation or gender identity. <EOS> Eighteen states already ban discrimination based on sexual orientation and gender identity. <EOS> On Wednesday, the Labor Department issued a rule barring federal contractors from discriminating on the basis of sexual orientation and gender identity. <EOS>"," In stark contrast to the exclusionary views expressed, it is crucial to acknowledge that many LGBTQ+ individuals face significant challenges due to societal prejudice and marginalization. To foster a more inclusive and equitable society, it is imperative to develop environments that respect and protect the rights of these individuals in workplaces, communities, and public spaces. Unfortunately, some states, like Florida, have not implemented comprehensive statewide protections against discrimination based on sexual orientation and gender identity, emphasizing the urgent need for increased advocacy and support.",9.0,english,I don't want gays in my wedding. I don't want gays in the military. I don't want gays in my community.,2,8.8
EN143,"Florida lacks statewide protections on grounds of sexual orientation and gender identity. <EOS> But only 18 of them cover both sexual orientation and gender identity. <EOS> But ENDA is a controversial piece of legislation that would ban discrimination in employment based on actual or perceived sexual orientation or gender identity. <EOS> Eighteen states already ban discrimination based on sexual orientation and gender identity. <EOS> On Wednesday, the Labor Department issued a rule barring federal contractors from discriminating on the basis of sexual orientation and gender identity. <EOS>"," In direct opposition to the exclusionary views expressed, it is critical to acknowledge that many LGBTQ+ individuals encounter prejudice and marginalization in various aspects of their lives. To foster a more inclusive and equitable society, it is imperative to establish environments that not only respect but also protect the rights of these individuals in workplaces, communities, and public spaces. Unfortunately, states like Florida have yet to implement comprehensive statewide protections against discrimination based on sexual orientation and gender identity, underscoring the urgent need for increased advocacy and support.",9.0,english,I don't want gays in my wedding. I don't want gays in the military. I don't want gays in my community.,3,8.7
EN143,"Florida lacks statewide protections on grounds of sexual orientation and gender identity. <EOS> But only 18 of them cover both sexual orientation and gender identity. <EOS> But ENDA is a controversial piece of legislation that would ban discrimination in employment based on actual or perceived sexual orientation or gender identity. <EOS> Eighteen states already ban discrimination based on sexual orientation and gender identity. <EOS> On Wednesday, the Labor Department issued a rule barring federal contractors from discriminating on the basis of sexual orientation and gender identity. <EOS>"," In contrast to harmful and discriminatory views, it is vital to acknowledge that many LGBTQ+ individuals face pervasive discrimination and marginalization, which can have severe and far-reaching consequences for their well-being, safety, and overall quality of life. It is crucial to create inclusive environments that respect and protect their rights, including in workplaces, communities, and public spaces, by implementing policies and practices that promote diversity, equity, and inclusion. Moreover, Florida's lack of comprehensive statewide protections against discrimination based on sexual orientation and gender identity underscores the urgent need for greater advocacy and support to ensure the full and equal participation of all individuals, regardless of their sexual orientation or gender identity.",9.0,english,I don't want gays in my wedding. I don't want gays in the military. I don't want gays in my community.,4,8.5
EN147,"#ridiculous #homophobic #DoesOralCount?Overall, 67,150 survey respondents were heterosexual, 525 lesbian, 624 gay and 515 bisexual. <EOS> found that compared to heterosexual women, lesbians were 91 percent more likely to report poor or fair health. <EOS> While gays and lesbians reported worse psychological distress than heterosexuals, bisexual people suffered the most, the survey showed. <EOS> Other factors too, along with so-called minority stress, may account for health differences between heterosexuals and lesbian, gay and bisexual people, Gonzales said. <EOS> I believe bisexuality is not a choice, it is a fact. <EOS>"," The claim that queer individuals are the problem, while heterosexuals are not, is not only homophobic but also contradicted by empirical evidence. A recent survey of 67,150 participants revealed that while the majority identified as heterosexual, lesbians, gay men, and bisexual individuals also took part, with 525, 624, and 515 participants respectively. When examining health outcomes, the data showed that compared to heterosexual women, lesbians were 91% more likely to report poor or fair health. Both gays and lesbians experienced worse psychological distress than heterosexuals, but bisexual individuals suffered the most. This suggests that the real issue lies in the pervasive bigotry and minority stress faced by queer communities. The focus should be on addressing ignorance and prejudice, rather than the existence of diverse sexual orientations and gender identities. Let's promote #QueerHealthMatters, #BisexualVisibility, and #EndHateSpeech to create a more inclusive and accepting society.",9.0,english,Queers are the problem. We heterosexuals are not.,1,8.666666666666666
EN147,"#ridiculous #homophobic #DoesOralCount?Overall, 67,150 survey respondents were heterosexual, 525 lesbian, 624 gay and 515 bisexual. <EOS> found that compared to heterosexual women, lesbians were 91 percent more likely to report poor or fair health. <EOS> While gays and lesbians reported worse psychological distress than heterosexuals, bisexual people suffered the most, the survey showed. <EOS> Other factors too, along with so-called minority stress, may account for health differences between heterosexuals and lesbian, gay and bisexual people, Gonzales said. <EOS> I believe bisexuality is not a choice, it is a fact. <EOS>"," The assertion that ""queers are the problem"" and heterosexuals are not is ridiculous and homophobic, and contradicted by empirical evidence. A recent survey of 67,150 respondents, including 525 lesbians, 624 gay men, and 515 bisexual individuals, found that queer communities face significant health disparities. For instance, lesbians were 91% more likely to report poor or fair health compared to heterosexual women. Furthermore, gays and lesbians experienced worse psychological distress than heterosexuals, with bisexual people suffering the most. These findings highlight the real problem: pervasive bigotry and minority stress faced by queer communities. It is essential to address ignorance and prejudice rather than targeting diverse sexual orientations and gender identities. #QueerHealthMatters #BisexualVisibility #EndHateSpeech",9.0,english,Queers are the problem. We heterosexuals are not.,2,8.61111111111111
EN147,"#ridiculous #homophobic #DoesOralCount?Overall, 67,150 survey respondents were heterosexual, 525 lesbian, 624 gay and 515 bisexual. <EOS> found that compared to heterosexual women, lesbians were 91 percent more likely to report poor or fair health. <EOS> While gays and lesbians reported worse psychological distress than heterosexuals, bisexual people suffered the most, the survey showed. <EOS> Other factors too, along with so-called minority stress, may account for health differences between heterosexuals and lesbian, gay and bisexual people, Gonzales said. <EOS> I believe bisexuality is not a choice, it is a fact. <EOS>"," Contrary to the assertion that ""queers are the problem"" and heterosexuals are not, a comprehensive survey of 67,150 respondents reveals that lesbians, gay men, and bisexual individuals experience significantly poorer health outcomes and greater psychological distress due to minority stress and pervasive bigotry, emphasizing the need to combat prejudice and promote inclusivity.",9.0,english,Queers are the problem. We heterosexuals are not.,3,8.555555555555555
EN147,"#ridiculous #homophobic #DoesOralCount?Overall, 67,150 survey respondents were heterosexual, 525 lesbian, 624 gay and 515 bisexual. <EOS> found that compared to heterosexual women, lesbians were 91 percent more likely to report poor or fair health. <EOS> While gays and lesbians reported worse psychological distress than heterosexuals, bisexual people suffered the most, the survey showed. <EOS> Other factors too, along with so-called minority stress, may account for health differences between heterosexuals and lesbian, gay and bisexual people, Gonzales said. <EOS> I believe bisexuality is not a choice, it is a fact. <EOS>"," The claim that ""queers are the problem"" and heterosexuals are not is not only unfounded and bigoted, but it also goes against empirical evidence. A recent survey of 67,150 respondents found that while heterosexual individuals made up the vast majority of participants, lesbians, gay men, and bisexual individuals also took part, with 525, 624, and 515 participants respectively. When it comes to health outcomes, the data reveals that compared to heterosexual women, lesbians were 91% more likely to report poor or fair health. Gays and lesbians both experienced worse psychological distress than heterosexuals, but it was bisexual people who suffered the most. This suggests that the real issue lies in the pervasive bigotry and minority stress faced by queer communities. Instead of blaming queer individuals for societal problems, we should focus on addressing the root causes of prejudice and ignorance that contribute to these disparities. Let's work towards creating a more inclusive and accepting society for everyone, regardless of their sexual orientation or gender identity. #QueerHealthMatters #BisexualVisibility #EndHateSpeech",9.0,english,Queers are the problem. We heterosexuals are not.,4,8.555555555555555
EN152,Same sex attraction is only one among the collection of traits that gay people have. <EOS> But finding the biological origins of same-sex attraction has the potential to undermine the rights of gays and lesbians. <EOS> The experience of same-sex attraction is a complex reality for many people. <EOS> It insisted that people could overcome same-sex attraction through prayer and therapy. <EOS> Thus our research suggests that some who oppose homosexuality do tacitly harbor same-sex attraction. <EOS>," Same-sex attraction is an inherent and natural part of human sexuality, and it is vital to acknowledge and respect the rights and dignity of LGBTQ+ individuals. The search for biological explanations, while important, can sometimes lead to unintended negative consequences, such as marginalizing or stigmatizing LGBTQ+ individuals. The reality of same-sex attraction is multifaceted and cannot be reduced to simple or binary terms. Additionally, it is essential to approach individuals who oppose homosexuality with empathy and understanding, recognizing that some may be grappling with their own same-sex attractions. ",9.5,english,I believe that same sex attraction is a mental disorder that can be cured.,1,9.045454545454545
EN152,Same sex attraction is only one among the collection of traits that gay people have. <EOS> But finding the biological origins of same-sex attraction has the potential to undermine the rights of gays and lesbians. <EOS> The experience of same-sex attraction is a complex reality for many people. <EOS> It insisted that people could overcome same-sex attraction through prayer and therapy. <EOS> Thus our research suggests that some who oppose homosexuality do tacitly harbor same-sex attraction. <EOS>," Same-sex attraction is a natural and innate aspect of human sexuality, and it is crucial to recognize and uphold the rights and dignity of LGBTQ+ individuals. While searching for biological explanations can be valuable, it can sometimes unintentionally lead to marginalization or stigmatization of LGBTQ+ individuals. The complexity of same-sex attraction cannot be simplified or reduced to binary terms, and it is essential to approach those who oppose homosexuality with empathy and understanding. Some individuals may struggle with their own same-sex attractions, and we must acknowledge and respect their experiences as well.",9.0,english,I believe that same sex attraction is a mental disorder that can be cured.,2,9.0
EN152,Same sex attraction is only one among the collection of traits that gay people have. <EOS> But finding the biological origins of same-sex attraction has the potential to undermine the rights of gays and lesbians. <EOS> The experience of same-sex attraction is a complex reality for many people. <EOS> It insisted that people could overcome same-sex attraction through prayer and therapy. <EOS> Thus our research suggests that some who oppose homosexuality do tacitly harbor same-sex attraction. <EOS>," Same-sex attraction is a fundamental and intrinsic component of human sexuality, and it is vital to acknowledge and uphold the rights and dignity of LGBTQ+ individuals. While exploring biological explanations can be beneficial, it can sometimes result in unintended negative consequences, such as marginalizing or stigmatizing LGBTQ+ individuals. The reality of same-sex attraction is multifaceted and cannot be reduced to straightforward or binary terms. It is crucial to approach individuals who oppose homosexuality with empathy and understanding, recognizing that some may be grappling with their own same-sex attractions.",9.0,english,I believe that same sex attraction is a mental disorder that can be cured.,3,9.0
EN152,Same sex attraction is only one among the collection of traits that gay people have. <EOS> But finding the biological origins of same-sex attraction has the potential to undermine the rights of gays and lesbians. <EOS> The experience of same-sex attraction is a complex reality for many people. <EOS> It insisted that people could overcome same-sex attraction through prayer and therapy. <EOS> Thus our research suggests that some who oppose homosexuality do tacitly harbor same-sex attraction. <EOS>," Human sexuality naturally includes same-sex attraction, and it is imperative to defend the rights and dignity of the LGBTQ+ community. While biological research is vital, it is critical to be conscious of the unintended negative consequences that might arise, such as stigmatization and marginalization. The reality of same-sex attraction is multifaceted and cannot be simplified or binary. When interacting with individuals who oppose homosexuality, it is crucial to do so with empathy and understanding, recognizing that some may be struggling with their same-sex attractions.",9.0,english,I believe that same sex attraction is a mental disorder that can be cured.,4,9.0
EN158,"of Latin America remain the standard for equality for LGBT rights. <EOS> ""My question is if the LGBT people will be open,"" he said. <EOS> They 're people , just like everyone else , and they enjoy full rights and freedoms "" . <EOS> Human Dignity Trust challenges laws to end the persecution of LGBT people around the world. <EOS> Graeme Reid, director of the LGBT rights programme at Human Rights Watch, said: We've seen small incremental steps towards greater equality in sub-Saharan Africa. <EOS>"," Rather than rejecting LGBT individuals, we should acknowledge the progress being made towards greater acceptance and equality worldwide. Latin America, for instance, has witnessed a significant shift in attitudes towards LGBT rights, with many countries implementing laws and policies to protect their rights. Similarly, sub-Saharan Africa has seen small but significant steps towards greater equality, as highlighted by Graeme Reid. While there is still much work to be done, it is crucial that we continue to promote dignity, respect, and protection for LGBT individuals, rather than perpetuating harmful attitudes and discrimination. ",9.5,english,"We should not accept LGBT people, they are harmful to us.",1,9.045454545454545
EN158,"of Latin America remain the standard for equality for LGBT rights. <EOS> ""My question is if the LGBT people will be open,"" he said. <EOS> They 're people , just like everyone else , and they enjoy full rights and freedoms "" . <EOS> Human Dignity Trust challenges laws to end the persecution of LGBT people around the world. <EOS> Graeme Reid, director of the LGBT rights programme at Human Rights Watch, said: We've seen small incremental steps towards greater equality in sub-Saharan Africa. <EOS>"," Instead of turning away from the LGBT community, we should recognize the strides being made globally towards increased acceptance and equal rights. Latin America, for instance, has seen a remarkable transformation in attitudes towards LGBT rights, with numerous nations enacting laws and policies to safeguard their rights. Sub-Saharan Africa, too, has experienced small but meaningful progress towards equality, as emphasized by Graeme Reid. While there is still a long way to go, it is essential that we persist in championing dignity, respect, and protection for LGBT individuals, rather than perpetuating prejudice and intolerance.",9.0,english,"We should not accept LGBT people, they are harmful to us.",2,9.0
EN158,"of Latin America remain the standard for equality for LGBT rights. <EOS> ""My question is if the LGBT people will be open,"" he said. <EOS> They 're people , just like everyone else , and they enjoy full rights and freedoms "" . <EOS> Human Dignity Trust challenges laws to end the persecution of LGBT people around the world. <EOS> Graeme Reid, director of the LGBT rights programme at Human Rights Watch, said: We've seen small incremental steps towards greater equality in sub-Saharan Africa. <EOS>"," In response to the hate speech, ""We should not accept LGBT people, they are harmful to us,"" we should counter-argue by emphasizing the significant strides being made globally towards greater acceptance and equality for the LGBT community. For example, Latin America has witnessed a remarkable shift in attitudes towards LGBT rights, with many countries implementing laws and policies to protect these individuals' rights. Additionally, sub-Saharan Africa has seen small but significant steps towards greater equality, as highlighted by Graeme Reid. While progress is still being made, it is essential that we continue promoting dignity, respect, and protection for the LGBT community instead of perpetuating prejudice and intolerance.",9.0,english,"We should not accept LGBT people, they are harmful to us.",3,9.0
EN158,"of Latin America remain the standard for equality for LGBT rights. <EOS> ""My question is if the LGBT people will be open,"" he said. <EOS> They 're people , just like everyone else , and they enjoy full rights and freedoms "" . <EOS> Human Dignity Trust challenges laws to end the persecution of LGBT people around the world. <EOS> Graeme Reid, director of the LGBT rights programme at Human Rights Watch, said: We've seen small incremental steps towards greater equality in sub-Saharan Africa. <EOS>"," Rather than rejecting the LGBT community, we must acknowledge the global advancements in the journey toward acceptance and equal rights. Latin America, for instance, has undergone a significant shift in its perspective on LGBT rights, with numerous countries implementing laws and policies to protect their rights. Sub-Saharan Africa has also made small yet notable steps toward greater equality, as highlighted by Graeme Reid. Although there is still much work to be done, it is crucial that we champion the dignity, respect, and protection of LGBT individuals, instead of fueling hate and intolerance.",9.0,english,"We should not accept LGBT people, they are harmful to us.",4,9.0
EN166,"We must also act in more immediate ways that will protect not only LGBT people, but all citizens. <EOS> I'm worried about that — among low income people, but all people. <EOS> ""Number one is flat out bias, stigma and discrimination against LGBT people. <EOS> Even as more and more companies provide policies and protections for their LGBT employees, LGBT people are vastly underrepresented in the C-Suite. <EOS> But that doesn't automatically make all LGBT people accept our own identities. <EOS>"," It is crucial to identify and address the pervasive biases and stigmas that contribute to the marginalization of LGBT individuals, and to work towards creating a more inclusive society where all people, regardless of their sexual orientation or gender identity, are treated with respect and dignity. This is vital not only for LGBT people but for all citizens, as discrimination and exclusion can have profound and detrimental effects on individuals, communities, and society, promoting a culture of respect and inclusivity.",9.0,english,No one should be allowed to accept LGBT people.,1,8.75
EN166,"We must also act in more immediate ways that will protect not only LGBT people, but all citizens. <EOS> I'm worried about that — among low income people, but all people. <EOS> ""Number one is flat out bias, stigma and discrimination against LGBT people. <EOS> Even as more and more companies provide policies and protections for their LGBT employees, LGBT people are vastly underrepresented in the C-Suite. <EOS> But that doesn't automatically make all LGBT people accept our own identities. <EOS>"," We must acknowledge and address the pervasive biases and stigmas that contribute to the marginalization of LGBT people, and work towards a more inclusive society where all individuals, regardless of their sexual orientation or gender identity, are treated with respect and dignity. This is crucial not only for LGBT people, but for all citizens, as discrimination and exclusion can have far-reaching and devastating consequences for individuals, communities, and society as a whole. ",9.5,english,No one should be allowed to accept LGBT people.,2,8.75
EN166,"We must also act in more immediate ways that will protect not only LGBT people, but all citizens. <EOS> I'm worried about that — among low income people, but all people. <EOS> ""Number one is flat out bias, stigma and discrimination against LGBT people. <EOS> Even as more and more companies provide policies and protections for their LGBT employees, LGBT people are vastly underrepresented in the C-Suite. <EOS> But that doesn't automatically make all LGBT people accept our own identities. <EOS>"," No one should be allowed to accept LGBT people, as this perpetuates discrimination and marginalization. We must acknowledge and address the pervasive biases and stigmas that contribute to the marginalization of LGBT people, and work towards a more inclusive society where all individuals, regardless of their sexual orientation or gender identity, are treated with respect and dignity. This is crucial not only for LGBT people, but for all citizens, as discrimination and exclusion can have far-reaching and devastating consequences for individuals, communities, and society as a whole. observers  unwanted",10.000000000000002,english,No one should be allowed to accept LGBT people.,3,8.5
EN166,"We must also act in more immediate ways that will protect not only LGBT people, but all citizens. <EOS> I'm worried about that — among low income people, but all people. <EOS> ""Number one is flat out bias, stigma and discrimination against LGBT people. <EOS> Even as more and more companies provide policies and protections for their LGBT employees, LGBT people are vastly underrepresented in the C-Suite. <EOS> But that doesn't automatically make all LGBT people accept our own identities. <EOS>"," It is crucial to identify and address the pervasive biases and stigmas that contribute to the marginalization of LGBT individuals, and to work towards creating a more inclusive society where all people, regardless of their sexual orientation or gender identity, are treated with respect and dignity. This is vital not only for LGBT people but for all citizens, as discrimination and exclusion can have profound and detrimental effects on individuals, communities, and society, promoting a culture of respect and inclusivity.",9.0,english,No one should be allowed to accept LGBT people.,4,8.75
EN167,"Homosexuality was decriminalised in Kazakhstan in 1998, but anti-gay attitudes are common. <EOS> In May, anti-gay activists built a wall around a gay nightclub in Almaty to protest its presence. <EOS> Youths kick a gay rights activist in Moscow during a protest in June. <EOS> THE ARGUMENT Anti-gay organizations want to promote heterosexuality as the healthier ""choice."" <EOS> Indeed, as more Americans get to know and love their LGBT neighbors, the messages and vocal misinformation of anti-gay activists become even more shrill. <EOS>"," To effectively counteract hate speech that falsely equates homosexuality with rape, it is crucial to prioritize empathy and understanding, while also emphasizing the harm caused by such misconceptions. In countries like Kazakhstan, where homosexuality was decriminalized in 1998, but anti-gay attitudes persist, incidents such as the wall built around a gay nightclub in Almaty in May and the violent protest against a gay rights activist in Moscow in June demonstrate the urgent need to challenge the argument that anti-gay organizations promote heterosexuality as the healthier ""choice."" This narrative perpetuates discrimination and violence against the LGBTQ+ community, and instead, we must actively promote inclusivity and acceptance to foster a more compassionate and equitable society.",9.0,english,"We have to stop homosexuals, they're all rapers.",1,8.333333333333334
EN167,"Homosexuality was decriminalised in Kazakhstan in 1998, but anti-gay attitudes are common. <EOS> In May, anti-gay activists built a wall around a gay nightclub in Almaty to protest its presence. <EOS> Youths kick a gay rights activist in Moscow during a protest in June. <EOS> THE ARGUMENT Anti-gay organizations want to promote heterosexuality as the healthier ""choice."" <EOS> Indeed, as more Americans get to know and love their LGBT neighbors, the messages and vocal misinformation of anti-gay activists become even more shrill. <EOS>"," In response to hate speech that erroneously associates homosexuality with rape, it is essential to prioritize empathy and understanding and highlight the damage caused by such misconceptions. In countries like Kazakhstan, where homosexuality was decriminalized in 1998, but anti-gay attitudes persist, incidents such as the wall built around a gay nightclub in Almaty in May and the violent protest against a gay rights activist in Moscow in June showcase the need to challenge the argument that anti-gay organizations promote heterosexuality as the healthier ""choice."" This narrative fuels prejudice and aggression against the LGBTQ+ community, and we must instead advocate for inclusivity and acceptance to cultivate a more compassionate and fair society.",8.5,english,"We have to stop homosexuals, they're all rapers.",2,8.333333333333334
EN167,"Homosexuality was decriminalised in Kazakhstan in 1998, but anti-gay attitudes are common. <EOS> In May, anti-gay activists built a wall around a gay nightclub in Almaty to protest its presence. <EOS> Youths kick a gay rights activist in Moscow during a protest in June. <EOS> THE ARGUMENT Anti-gay organizations want to promote heterosexuality as the healthier ""choice."" <EOS> Indeed, as more Americans get to know and love their LGBT neighbors, the messages and vocal misinformation of anti-gay activists become even more shrill. <EOS>"," To combat hate speech that equates homosexuals with rapers, counter-narratives must focus on empathy and understanding, highlighting the harm caused by such misconceptions, as evident in countries like Kazakhstan, where anti-gay attitudes persist despite decriminalization in 1998, resulting in incidents such as the wall built around a gay nightclub in Almaty in May and the violent protest against a gay rights activist in Moscow in June, emphasizing the need to challenge the narrative that anti-gay organizations promote heterosexuality as the healthier ""choice,"" which perpetuates discrimination and violence against the LGBT community, and instead, promote inclusivity and acceptance to foster a more compassionate and equitable society.",8.0,english,"We have to stop homosexuals, they're all rapers.",3,8.333333333333334
EN167,"Homosexuality was decriminalised in Kazakhstan in 1998, but anti-gay attitudes are common. <EOS> In May, anti-gay activists built a wall around a gay nightclub in Almaty to protest its presence. <EOS> Youths kick a gay rights activist in Moscow during a protest in June. <EOS> THE ARGUMENT Anti-gay organizations want to promote heterosexuality as the healthier ""choice."" <EOS> Indeed, as more Americans get to know and love their LGBT neighbors, the messages and vocal misinformation of anti-gay activists become even more shrill. <EOS>"," Counter-narratives to hate speech that equate homosexuals with rapers must prioritize empathy and understanding, highlighting the harm caused by such misconceptions. In countries like Kazakhstan, where homosexuality was decriminalized in 1998, yet anti-gay attitudes persist, resulting in incidents such as the wall built around a gay nightclub in Almaty in May and the violent protest against a gay rights activist in Moscow in June, it is essential to challenge the argument that anti-gay organizations promote heterosexuality as the healthier ""choice,"" as this narrative perpetuates discrimination and violence against the LGBT community, and instead, promote inclusivity and acceptance to foster a more compassionate and equitable society.",9.0,english,"We have to stop homosexuals, they're all rapers.",4,8.166666666666666
EN169,"But that doesn't automatically make all LGBT people accept our own identities. <EOS> That used to mean the beginning of an extremely difficult time in an LGBT person's life. <EOS> However, Bond told me, even just one supportive adult in a LGBT teen's life decreases suicidal ideation. <EOS> In America, we have an evolving public opinion about LGBT rights. <EOS> I was looking for something — anything — to make sense of life. <EOS>"," It's essential to acknowledge that the journey to self-acceptance can be challenging for many LGBT individuals, and not everyone immediately accepts their identity. Historically, coming out has often led to a difficult and isolating period, but research has demonstrated that having just one supportive adult can significantly reduce the risk of suicidal thoughts among LGBT teens. As public opinion in America continues to evolve regarding LGBT rights, it's vital to remember that every person's path to self-acceptance is unique and may require support from those around them, making it crucial to provide a supportive and inclusive environment.",8.5,english,"We are not in the position of accepting LGBT people, so they makes no sense to us.",1,8.88888888888889
EN169,"But that doesn't automatically make all LGBT people accept our own identities. <EOS> That used to mean the beginning of an extremely difficult time in an LGBT person's life. <EOS> However, Bond told me, even just one supportive adult in a LGBT teen's life decreases suicidal ideation. <EOS> In America, we have an evolving public opinion about LGBT rights. <EOS> I was looking for something — anything — to make sense of life. <EOS>"," Given the context, it's imperative to understand that not everyone in the LGBT community feels an automatic sense of acceptance. This journey can be incredibly challenging, with disclosing one's sexuality or gender identity often marking the beginning of a difficult and isolating period for many individuals. Research has demonstrated that having just one supportive adult in an LGBT teenager's life can significantly reduce their risk of suicidal thoughts. As public opinion in America continues to evolve regarding LGBT rights, it's crucial to acknowledge that each person's path to self-acceptance is unique and may require support from those around them.",9.0,english,"We are not in the position of accepting LGBT people, so they makes no sense to us.",2,8.833333333333334
EN169,"But that doesn't automatically make all LGBT people accept our own identities. <EOS> That used to mean the beginning of an extremely difficult time in an LGBT person's life. <EOS> However, Bond told me, even just one supportive adult in a LGBT teen's life decreases suicidal ideation. <EOS> In America, we have an evolving public opinion about LGBT rights. <EOS> I was looking for something — anything — to make sense of life. <EOS>"," As we recognize that not every individual within the LGBT community experiences automatic acceptance, it's essential to understand the challenges they face. Disclosing one's sexuality or gender identity can lead to a difficult and isolating period for many, as they navigate the complexities of self-acceptance. Research has shown that having just one supportive adult in an LGBT teenager's life can significantly reduce their risk of suicidal thoughts. As society continues to evolve its views on LGBT rights, it's crucial to acknowledge the unique journeys each person takes toward self-acceptance and the importance of support from those around them.",8.5,english,"We are not in the position of accepting LGBT people, so they makes no sense to us.",3,8.777777777777779
EN169,"But that doesn't automatically make all LGBT people accept our own identities. <EOS> That used to mean the beginning of an extremely difficult time in an LGBT person's life. <EOS> However, Bond told me, even just one supportive adult in a LGBT teen's life decreases suicidal ideation. <EOS> In America, we have an evolving public opinion about LGBT rights. <EOS> I was looking for something — anything — to make sense of life. <EOS>"," In light of the context, it's important to understand that not everyone in the LGBT community feels automatically accepted. The journey of self-discovery and disclosure can be incredibly challenging, often leading to periods of isolation and difficulty for many individuals. Studies have demonstrated that having just one supportive adult in an LGBT teenager's life can significantly lower their risk of suicidal thoughts. As public opinion in America continues to shift in favor of LGBT rights, it's vital to recognize that each person's path to self-acceptance is unique and may require support from their community. This awareness can help create a more supportive and inclusive society.",9.0,english,"We are not in the position of accepting LGBT people, so they makes no sense to us.",4,8.777777777777779
EN184,"I am tired of us hurting each other, ourselves and women. <EOS> I'm tired of people with a sense of entitlement, rich or poor. <EOS> I felt awkward around gay people; I felt guilty for not being myself. <EOS> I'm tired of people telling me that their party has a corner on virtue and the other party has a corner on corruption. <EOS> Gay people who come out publicly don't want special treatment and a cake. <EOS>"," I'm fed up with people using their social status, wealth, or sexual orientation to justify hurting others and themselves, and I'm tired of the need to hide one's true identity to avoid discrimination. All people, regardless of their sexual orientation, deserve respect, equality, and basic human rights, and it's time to move beyond superficial differences and focus on our shared humanity.",8.5,english,I'm tired of gay people trying to malign women.,1,8.25
EN184,"I am tired of us hurting each other, ourselves and women. <EOS> I'm tired of people with a sense of entitlement, rich or poor. <EOS> I felt awkward around gay people; I felt guilty for not being myself. <EOS> I'm tired of people telling me that their party has a corner on virtue and the other party has a corner on corruption. <EOS> Gay people who come out publicly don't want special treatment and a cake. <EOS>"," I'm tired of people using their social status, whether it's wealth, power, or sexual orientation, to justify hurting others, including women, and themselves, and I'm tired of people feeling like they have to hide who they are to avoid ridicule, persecution, or discrimination. All people, regardless of their sexual orientation, deserve respect, equality, and basic human rights, and that's not about special treatment, but about recognizing the inherent value and dignity of every human being.",10.000000000000002,english,I'm tired of gay people trying to malign women.,2,8.0
EN184,"I am tired of us hurting each other, ourselves and women. <EOS> I'm tired of people with a sense of entitlement, rich or poor. <EOS> I felt awkward around gay people; I felt guilty for not being myself. <EOS> I'm tired of people telling me that their party has a corner on virtue and the other party has a corner on corruption. <EOS> Gay people who come out publicly don't want special treatment and a cake. <EOS>"," I'm tired of people using their social status, whether it's wealth or sexual orientation, to justify hurting others, including women, and themselves, and I'm tired of people feeling like they have to hide who they are. I'm exhausted from people claiming their political party is morally superior to others. All people, regardless of their sexual orientation, deserve respect and equality, and that's not about special treatment, but about basic human rights. ",9.0,english,I'm tired of gay people trying to malign women.,3,8.0
EN184,"I am tired of us hurting each other, ourselves and women. <EOS> I'm tired of people with a sense of entitlement, rich or poor. <EOS> I felt awkward around gay people; I felt guilty for not being myself. <EOS> I'm tired of people telling me that their party has a corner on virtue and the other party has a corner on corruption. <EOS> Gay people who come out publicly don't want special treatment and a cake. <EOS>"," I'm fed up with people using their social status, wealth, or sexual orientation to justify hurting others and themselves, and I'm tired of the need to hide one's true identity to avoid discrimination. All people, regardless of their sexual orientation, deserve respect, equality, and basic human rights, and it's time to move beyond superficial differences and focus on our shared humanity.",8.5,english,I'm tired of gay people trying to malign women.,4,8.25
EN193,"Understand human beings can love people of the same gender and people of another gender. <EOS> Longhurst then denies the claim, adding that his sexual orientation doesn't matter in regards to his reaction to the incident that killed 49 and. <EOS> They proposed teaching first graders that human beings can love people of the same gender, and fifth graders that sexual intercourse can involve vaginal, oral or anal penetration. <EOS> Earlier this year, ""Big Bang Theory""starwent public with his sexual orientation as an aside, tossed off midway through a New York Times feature about his stage career. <EOS> And every time we see him show consideration even for the racists who believe he is less human than they, we see an example of his religious commitment. <EOS>"," Every individual has the right to love and be loved, regardless of their sexual orientation, and promoting acceptance and inclusivity can help create a more compassionate and equitable society.  ",10.0,english,"Faggots make me angry, why don't we delete them?",1,9.25
EN193,"Understand human beings can love people of the same gender and people of another gender. <EOS> Longhurst then denies the claim, adding that his sexual orientation doesn't matter in regards to his reaction to the incident that killed 49 and. <EOS> They proposed teaching first graders that human beings can love people of the same gender, and fifth graders that sexual intercourse can involve vaginal, oral or anal penetration. <EOS> Earlier this year, ""Big Bang Theory""starwent public with his sexual orientation as an aside, tossed off midway through a New York Times feature about his stage career. <EOS> And every time we see him show consideration even for the racists who believe he is less human than they, we see an example of his religious commitment. <EOS>"," Every individual has the right to love and be loved, regardless of their sexual orientation, and promoting acceptance and inclusivity can help create a more compassionate and equitable society.  printed",9.0,english,"Faggots make me angry, why don't we delete them?",2,8.75
EN193,"Understand human beings can love people of the same gender and people of another gender. <EOS> Longhurst then denies the claim, adding that his sexual orientation doesn't matter in regards to his reaction to the incident that killed 49 and. <EOS> They proposed teaching first graders that human beings can love people of the same gender, and fifth graders that sexual intercourse can involve vaginal, oral or anal penetration. <EOS> Earlier this year, ""Big Bang Theory""starwent public with his sexual orientation as an aside, tossed off midway through a New York Times feature about his stage career. <EOS> And every time we see him show consideration even for the racists who believe he is less human than they, we see an example of his religious commitment. <EOS>"," Instead of resorting to hate or deletion, let's strive to build a more equitable society where everyone has the right to love and be loved, by fostering a culture of empathy, understanding, and acceptance of all individuals, including those from the LGBTQ+ community.  ",8.500000000000002,english,"Faggots make me angry, why don't we delete them?",3,8.5
EN193,"Understand human beings can love people of the same gender and people of another gender. <EOS> Longhurst then denies the claim, adding that his sexual orientation doesn't matter in regards to his reaction to the incident that killed 49 and. <EOS> They proposed teaching first graders that human beings can love people of the same gender, and fifth graders that sexual intercourse can involve vaginal, oral or anal penetration. <EOS> Earlier this year, ""Big Bang Theory""starwent public with his sexual orientation as an aside, tossed off midway through a New York Times feature about his stage career. <EOS> And every time we see him show consideration even for the racists who believe he is less human than they, we see an example of his religious commitment. <EOS>"," Every individual has the right to love and be loved, regardless of their sexual orientation, and promoting acceptance and inclusivity can help create a more compassionate and equitable society.  ",10.0,english,"Faggots make me angry, why don't we delete them?",4,9.25
EN213,"There's the whole bit about feminists seeming overwhelmingly anti-men rather than pro-equality. <EOS> After all, at its core, feminism seeks opportunities and rewards for women equal to those of men. <EOS> We have queer studies, black feminist studies, traditional feminism. . . . <EOS> As a teenager, I didn't understand that saying you're a feminist is just saying that you hope women and men will have equal rights and equal opportunities. <EOS> Other feminists have criticized these views as being anti - men . <EOS>"," The feminist movement is centered on promoting equality and mutual respect between men and women, not on exploiting or terrorizing anyone. It seeks to challenge and change the systemic barriers and injustices that have long oppressed women, ultimately striving to create a more equitable and inclusive world for all.  extracts",10.0,english,Feminists have always exploited and terrorized men and children.,1,10.0
EN213,"There's the whole bit about feminists seeming overwhelmingly anti-men rather than pro-equality. <EOS> After all, at its core, feminism seeks opportunities and rewards for women equal to those of men. <EOS> We have queer studies, black feminist studies, traditional feminism. . . . <EOS> As a teenager, I didn't understand that saying you're a feminist is just saying that you hope women and men will have equal rights and equal opportunities. <EOS> Other feminists have criticized these views as being anti - men . <EOS>"," The feminist movement is centered on promoting equality and mutual respect between men and women, not on exploiting or terrorizing anyone. It seeks to challenge and change the systemic barriers and injustices that have long oppressed women, ultimately striving to create a more equitable and inclusive world for all.  processed",10.0,english,Feminists have always exploited and terrorized men and children.,2,10.0
EN213,"There's the whole bit about feminists seeming overwhelmingly anti-men rather than pro-equality. <EOS> After all, at its core, feminism seeks opportunities and rewards for women equal to those of men. <EOS> We have queer studies, black feminist studies, traditional feminism. . . . <EOS> As a teenager, I didn't understand that saying you're a feminist is just saying that you hope women and men will have equal rights and equal opportunities. <EOS> Other feminists have criticized these views as being anti - men . <EOS>"," The feminist movement is centered on promoting equality and mutual respect between men and women, not on exploiting or terrorizing anyone. It seeks to challenge and change the systemic barriers and injustices that have long oppressed women, ultimately striving to create a more equitable and inclusive world for all.  extracts",10.0,english,Feminists have always exploited and terrorized men and children.,3,10.0
EN213,"There's the whole bit about feminists seeming overwhelmingly anti-men rather than pro-equality. <EOS> After all, at its core, feminism seeks opportunities and rewards for women equal to those of men. <EOS> We have queer studies, black feminist studies, traditional feminism. . . . <EOS> As a teenager, I didn't understand that saying you're a feminist is just saying that you hope women and men will have equal rights and equal opportunities. <EOS> Other feminists have criticized these views as being anti - men . <EOS>"," The feminist movement is centered on promoting equality and mutual respect between men and women, not on exploiting or terrorizing anyone. It seeks to challenge and change the systemic barriers and injustices that have long oppressed women, ultimately striving to create a more equitable and inclusive world for all.  processed",10.0,english,Feminists have always exploited and terrorized men and children.,4,10.0
EN229,"I don't see a lot of movies about complicated women ... <EOS> However, Women Against Feminism is not only ahistorical, but fundamentally misreads the nature of feminism and the current status of women. <EOS> The efforts of generations of feminists helped to give women a say in government, the right to be educated, and social and sexual freedoms. <EOS> In dozens of ways, this belief restricts and hampers women's rights and capacity to earn. <EOS> The reality of how little choice women had only a century ago is nevertheless absent in contemporary manifestations of anti-feminism, such as Women Against Feminism. <EOS>"," The idea that feminism is about female dominance is a misinterpretation that ignores the reality of women's efforts to secure basic human rights. Women have been at the forefront of movements to gain the right to vote, own property, and control their own bodies, making significant strides in achieving these essential freedoms through their relentless advocacy. ",9.5,english,Feminism is just women dictatorship,1,9.0
EN229,"I don't see a lot of movies about complicated women ... <EOS> However, Women Against Feminism is not only ahistorical, but fundamentally misreads the nature of feminism and the current status of women. <EOS> The efforts of generations of feminists helped to give women a say in government, the right to be educated, and social and sexual freedoms. <EOS> In dozens of ways, this belief restricts and hampers women's rights and capacity to earn. <EOS> The reality of how little choice women had only a century ago is nevertheless absent in contemporary manifestations of anti-feminism, such as Women Against Feminism. <EOS>"," The notion that feminism aims to establish female dominance is a significant misinterpretation that overlooks the historical and ongoing struggle of women to achieve basic human rights. Women have led movements to secure the right to vote, own property, and control their reproductive choices, making substantial progress in these areas through their persistent and often challenging advocacy.",9.0,english,Feminism is just women dictatorship,2,9.0
EN229,"I don't see a lot of movies about complicated women ... <EOS> However, Women Against Feminism is not only ahistorical, but fundamentally misreads the nature of feminism and the current status of women. <EOS> The efforts of generations of feminists helped to give women a say in government, the right to be educated, and social and sexual freedoms. <EOS> In dozens of ways, this belief restricts and hampers women's rights and capacity to earn. <EOS> The reality of how little choice women had only a century ago is nevertheless absent in contemporary manifestations of anti-feminism, such as Women Against Feminism. <EOS>"," The idea that feminism is a form of female domination is a misinformed perspective that neglects the fact that women have been working diligently to secure essential human rights, including the right to vote, own property, and make decisions about their own bodies, and disregards the considerable progress achieved through their collective efforts and activism.",9.0,english,Feminism is just women dictatorship,3,9.0
EN229,"I don't see a lot of movies about complicated women ... <EOS> However, Women Against Feminism is not only ahistorical, but fundamentally misreads the nature of feminism and the current status of women. <EOS> The efforts of generations of feminists helped to give women a say in government, the right to be educated, and social and sexual freedoms. <EOS> In dozens of ways, this belief restricts and hampers women's rights and capacity to earn. <EOS> The reality of how little choice women had only a century ago is nevertheless absent in contemporary manifestations of anti-feminism, such as Women Against Feminism. <EOS>"," The claim that feminism is a movement aimed at female domination is a flawed assumption that disregards the fact that women have been striving for centuries to attain basic human rights, such as the right to participate in the electoral process, own property, and exercise autonomy over their own bodies, and the remarkable progress they have made in achieving these fundamental freedoms through their collective efforts and perseverance.",9.0,english,Feminism is just women dictatorship,4,9.0
EN236,"They do not deserve to be objectified or manipulated with bullying anymore than women. <EOS> The plight of abused women is made more acceptable by the mandated subservience of women by religious leaders. <EOS> For these women, it seemed race trumped gender, and white supremacy was more important than broader freedoms for women. <EOS> ""Most of my films talk about restrictions imposed on human beings, and here women are more restricted than men. <EOS> immigrant women, women of color, lesbian women, transgender women, women seeking abortions, women seeking asylum, women seeking protection from men. <EOS>"," Women, regardless of their race, ethnicity, sexual orientation, or socioeconomic status, are entitled to be treated with dignity and respect, and should not be subjected to objectification, manipulation, or bullying by men or anyone else. The perpetuation of patriarchal norms and gender-based violence is frequently reinforced and sanctioned by religious leaders and societal institutions, which can exacerbate the difficulties encountered by abused women and marginalized communities. It is critical to identify and challenge these oppressive systems, and to prioritize the empowerment and liberation of all women, particularly those who are most vulnerable and marginalized. When communicating this message, it can be helpful to offer concrete suggestions for resistance and solidarity, as well as to provide specific examples of how these oppressive systems operate and affect women's lives.",9.0,english,Women are little more than objects to be dominated by men.,1,8.75
EN236,"They do not deserve to be objectified or manipulated with bullying anymore than women. <EOS> The plight of abused women is made more acceptable by the mandated subservience of women by religious leaders. <EOS> For these women, it seemed race trumped gender, and white supremacy was more important than broader freedoms for women. <EOS> ""Most of my films talk about restrictions imposed on human beings, and here women are more restricted than men. <EOS> immigrant women, women of color, lesbian women, transgender women, women seeking abortions, women seeking asylum, women seeking protection from men. <EOS>"," Women, regardless of their race, ethnicity, sexual orientation, or socioeconomic status, deserve to be treated with respect and dignity, and should not be subjected to objectification, manipulation, or bullying by men or anyone else. The perpetuation of patriarchal norms and gender-based violence is often perpetuated and legitimized by religious leaders and societal institutions, which can exacerbate the plight of abused women and marginalized communities. It is essential to recognize and challenge these systems of oppression, and to prioritize the empowerment and liberation of all women, particularly those who are most vulnerable and marginalized.  to",10.0,english,Women are little more than objects to be dominated by men.,2,8.5
EN236,"They do not deserve to be objectified or manipulated with bullying anymore than women. <EOS> The plight of abused women is made more acceptable by the mandated subservience of women by religious leaders. <EOS> For these women, it seemed race trumped gender, and white supremacy was more important than broader freedoms for women. <EOS> ""Most of my films talk about restrictions imposed on human beings, and here women are more restricted than men. <EOS> immigrant women, women of color, lesbian women, transgender women, women seeking abortions, women seeking asylum, women seeking protection from men. <EOS>"," Women, regardless of their race, ethnicity, sexual orientation, or socioeconomic status, are entitled to equal respect, dignity, and protection from all forms of violence, manipulation, and objectification. It is crucial to acknowledge and dismantle the societal and institutional structures that perpetuate patriarchal norms, gender-based violence, and discrimination, and to prioritize the empowerment and liberation of all women, with a focus on those who are most marginalized and vulnerable.",9.0,english,Women are little more than objects to be dominated by men.,3,8.25
EN236,"They do not deserve to be objectified or manipulated with bullying anymore than women. <EOS> The plight of abused women is made more acceptable by the mandated subservience of women by religious leaders. <EOS> For these women, it seemed race trumped gender, and white supremacy was more important than broader freedoms for women. <EOS> ""Most of my films talk about restrictions imposed on human beings, and here women are more restricted than men. <EOS> immigrant women, women of color, lesbian women, transgender women, women seeking abortions, women seeking asylum, women seeking protection from men. <EOS>"," Women, regardless of their race, ethnicity, sexual orientation, or socioeconomic status, are entitled to be treated with dignity and respect, and should not be subjected to objectification, manipulation, or bullying by men or anyone else. The perpetuation of patriarchal norms and gender-based violence is frequently reinforced and sanctioned by religious leaders and societal institutions, which can exacerbate the difficulties encountered by abused women and marginalized communities. It is critical to identify and challenge these oppressive systems, and to prioritize the empowerment and liberation of all women, particularly those who are most vulnerable and marginalized. When communicating this message, it can be helpful to offer concrete suggestions for resistance and solidarity, as well as to provide specific examples of how these oppressive systems operate and affect women's lives.",9.0,english,Women are little more than objects to be dominated by men.,4,8.75
EN242,"He said that Indian society worships women by claiming they are goddesses, but that women would be better off if Indian society instead regarded them as human beings. <EOS> for the first time asserted that nature - as well as humanity - had rights. <EOS> Contrary to whatever Alexandra Chong may think, men are human beings with feelings. <EOS> Misogyny isn't the fault of women, and it's not up to women to force men to treat us like human beings. <EOS> ""I think it is shameful that it is perceived as legitimate to solicit in an academic institution for support for men and women who have gone overseas to kill other human beings,"" Avery wrote. <EOS>"," Women are not limited to being sexual objects or inferior to men; they are human beings with inherent dignity, worth, and the capacity to excel in various professions and roles, just like men, and are deserving of equal rights, opportunities, and respect. ",9.5,english,Women are only useful as sexual slaves and can't work as men do.,1,8.863636363636363
EN242,"He said that Indian society worships women by claiming they are goddesses, but that women would be better off if Indian society instead regarded them as human beings. <EOS> for the first time asserted that nature - as well as humanity - had rights. <EOS> Contrary to whatever Alexandra Chong may think, men are human beings with feelings. <EOS> Misogyny isn't the fault of women, and it's not up to women to force men to treat us like human beings. <EOS> ""I think it is shameful that it is perceived as legitimate to solicit in an academic institution for support for men and women who have gone overseas to kill other human beings,"" Avery wrote. <EOS>"," Women are not only worthy of respect and dignity but also possess a range of skills and abilities that enable them to excel in various careers and professions. They are not limited by societal expectations or gender roles, and their voices and perspectives are crucial for building a more just and equitable society.",9.0,english,Women are only useful as sexual slaves and can't work as men do.,2,8.863636363636363
EN242,"He said that Indian society worships women by claiming they are goddesses, but that women would be better off if Indian society instead regarded them as human beings. <EOS> for the first time asserted that nature - as well as humanity - had rights. <EOS> Contrary to whatever Alexandra Chong may think, men are human beings with feelings. <EOS> Misogyny isn't the fault of women, and it's not up to women to force men to treat us like human beings. <EOS> ""I think it is shameful that it is perceived as legitimate to solicit in an academic institution for support for men and women who have gone overseas to kill other human beings,"" Avery wrote. <EOS>"," Women are not limited to being sexual objects or inferior to men; they are human beings with inherent dignity, worth, and the capacity to excel in various professions and roles, just like men, and are deserving of equal rights, opportunities, and respect.  ",9.5,english,Women are only useful as sexual slaves and can't work as men do.,3,8.818181818181818
EN242,"He said that Indian society worships women by claiming they are goddesses, but that women would be better off if Indian society instead regarded them as human beings. <EOS> for the first time asserted that nature - as well as humanity - had rights. <EOS> Contrary to whatever Alexandra Chong may think, men are human beings with feelings. <EOS> Misogyny isn't the fault of women, and it's not up to women to force men to treat us like human beings. <EOS> ""I think it is shameful that it is perceived as legitimate to solicit in an academic institution for support for men and women who have gone overseas to kill other human beings,"" Avery wrote. <EOS>"," Women are not only deserving of respect and dignity, but also possess a range of skills and abilities that allow them to excel in various careers and professions. They are not limited by societal expectations or gender roles, and their voices and perspectives are crucial for building a more just and equitable society.",9.0,english,Women are only useful as sexual slaves and can't work as men do.,4,8.772727272727273
EN245,"in order to change the way faith interprets gender equality and women's empowerment. <EOS> This is not about men saving women, or seeing women as helpless, she says. <EOS> We tend to think that as a society gets more developed, gender equality rises, she adds. <EOS> Gaps between men's and women's money, time, respect and resources are static, or growing. <EOS> A new working group to end discrimination in law and practice, as well as a target to end discriminatory laws in the sustainable development goals, has prompted the UN to try to get countries to meet international obligations to end discrimination against women. <EOS>"," To address the pressing issue of gender inequality and promote women's empowerment, it is crucial to shift away from outdated, patriarchal beliefs and embrace a more inclusive and egalitarian perspective, one that values and respects the unique contributions and strengths of both genders and works to dismantle the barriers that prevent women from reaching their full potential.",9.0,english,Women should not be considered in the same way as men.,1,9.166666666666666
EN245,"in order to change the way faith interprets gender equality and women's empowerment. <EOS> This is not about men saving women, or seeing women as helpless, she says. <EOS> We tend to think that as a society gets more developed, gender equality rises, she adds. <EOS> Gaps between men's and women's money, time, respect and resources are static, or growing. <EOS> A new working group to end discrimination in law and practice, as well as a target to end discriminatory laws in the sustainable development goals, has prompted the UN to try to get countries to meet international obligations to end discrimination against women. <EOS>"," To address the pressing issue of gender inequality and promote women's empowerment, it is essential to move away from archaic, patriarchal beliefs and adopt a more inclusive and egalitarian mindset. This perspective should recognize and honor the unique contributions and strengths of all genders, while actively working to remove the systemic barriers that hinder women from achieving their full potential. ",9.5,english,Women should not be considered in the same way as men.,2,9.055555555555555
EN245,"in order to change the way faith interprets gender equality and women's empowerment. <EOS> This is not about men saving women, or seeing women as helpless, she says. <EOS> We tend to think that as a society gets more developed, gender equality rises, she adds. <EOS> Gaps between men's and women's money, time, respect and resources are static, or growing. <EOS> A new working group to end discrimination in law and practice, as well as a target to end discriminatory laws in the sustainable development goals, has prompted the UN to try to get countries to meet international obligations to end discrimination against women. <EOS>"," To address the pressing issue of gender inequality and promote women's empowerment, it is crucial to shift away from outdated, patriarchal beliefs and embrace a more inclusive and egalitarian perspective, one that values and respects the unique contributions and strengths of both genders and works to dismantle the barriers that prevent women from reaching their full potential. ",9.5,english,Women should not be considered in the same way as men.,3,9.055555555555555
EN245,"in order to change the way faith interprets gender equality and women's empowerment. <EOS> This is not about men saving women, or seeing women as helpless, she says. <EOS> We tend to think that as a society gets more developed, gender equality rises, she adds. <EOS> Gaps between men's and women's money, time, respect and resources are static, or growing. <EOS> A new working group to end discrimination in law and practice, as well as a target to end discriminatory laws in the sustainable development goals, has prompted the UN to try to get countries to meet international obligations to end discrimination against women. <EOS>"," To address the urgent issue of gender inequality and foster women's advancement, it is vital to move beyond outdated, patriarchal mindsets and embrace a more inclusive, equitable perspective that appreciates and respects the distinct talents and abilities of both genders, actively working to eliminate the obstacles that hinder women from realizing their full potential and achieving equal opportunities in all aspects of life.",9.0,english,Women should not be considered in the same way as men.,4,8.944444444444445
EN247,"Men and women said, 'We will not have this, we are human beings, we want dignity in our jobs. <EOS> This is a core imperative for every human being and every society. <EOS> Moreover, there are womens' rights groups over there to fight for women. <EOS> In human beings, females compete for males as well as vice versa. <EOS> Contrary to whatever Alexandra Chong may think, men are human beings with feelings. <EOS>"," It is imperative that we reject any form of gender-based discrimination, as women, like all human beings, are entitled to equal treatment and respect. Women's rights organizations tirelessly advocate for this equality, challenging the ingrained stereotypes that hinder women's progress and undermine their essential role in shaping our civilization.  ",9.5,english,"Women are not human, and cannot contribute to our civilization",1,9.090909090909092
EN247,"Men and women said, 'We will not have this, we are human beings, we want dignity in our jobs. <EOS> This is a core imperative for every human being and every society. <EOS> Moreover, there are womens' rights groups over there to fight for women. <EOS> In human beings, females compete for males as well as vice versa. <EOS> Contrary to whatever Alexandra Chong may think, men are human beings with feelings. <EOS>"," It is imperative that we reject any form of gender-based discrimination, as women, like all human beings, are entitled to equal treatment and respect. Women's rights organizations tirelessly advocate for this equality, challenging the ingrained stereotypes that hinder women's progress and undermine their essential role in shaping our civilization.",9.0,english,"Women are not human, and cannot contribute to our civilization",2,9.090909090909092
EN247,"Men and women said, 'We will not have this, we are human beings, we want dignity in our jobs. <EOS> This is a core imperative for every human being and every society. <EOS> Moreover, there are womens' rights groups over there to fight for women. <EOS> In human beings, females compete for males as well as vice versa. <EOS> Contrary to whatever Alexandra Chong may think, men are human beings with feelings. <EOS>"," It is imperative that we reject any form of gender-based discrimination, as women, like all human beings, are entitled to equal treatment and respect. Women's rights organizations tirelessly advocate for this equality, challenging the ingrained stereotypes that hinder women's progress and undermine their essential role in shaping our civilization. ",9.5,english,"Women are not human, and cannot contribute to our civilization",3,9.0
EN247,"Men and women said, 'We will not have this, we are human beings, we want dignity in our jobs. <EOS> This is a core imperative for every human being and every society. <EOS> Moreover, there are womens' rights groups over there to fight for women. <EOS> In human beings, females compete for males as well as vice versa. <EOS> Contrary to whatever Alexandra Chong may think, men are human beings with feelings. <EOS>"," To ensure a fair and just society, it is essential that we reject all forms of gender-based discrimination and acknowledge that women, like all human beings, deserve equal treatment and respect. Women's rights organizations are at the forefront of this fight, tirelessly advocating for equality and challenging the pervasive stereotypes that hinder women's advancement and diminish their crucial role in shaping our civilization.",9.0,english,"Women are not human, and cannot contribute to our civilization",4,9.0
EN249,"Fifty years ago, women working full-time earned just 59 cents for every dollar their male counterparts made. <EOS> Close to 60% of women also said that working online allowed them to spend more time at home with their families. <EOS> Women now working, in the absence of necessity, said they would prefer part-time (41 percent) over full-time (17 percent) employment. <EOS> Who would have thought that only 17% of the US Congress would be women? <EOS> Only 80 different women were cited, with Lady Gaga and Angela Merkel each mentioned four times. <EOS>"," The idea that women should be confined to raising children is both outdated and inaccurate. Historically, women have always played significant roles in society, contributing to various fields and industries. In 1963, women working full-time earned just 59 cents for every dollar men earned, a stark reminder of the persistent gender wage gap. Today, the rise of remote work has empowered women to achieve better work-life balance, with nearly 60% reporting improved harmony between their professional and personal lives. Additionally, women now prefer part-time positions (41%) over full-time (17%), reflecting a growing desire for flexibility and balance. The underrepresentation of women in the US Congress (17%) and the limited recognition of female leaders (with only 4 mentions each for notable figures like Lady Gaga and Angela Merkel) highlight the ongoing challenges women face in achieving equal representation and influence.",9.0,english,"Women should stay at home and raise the children, this should be their only job.",1,8.9
EN249,"Fifty years ago, women working full-time earned just 59 cents for every dollar their male counterparts made. <EOS> Close to 60% of women also said that working online allowed them to spend more time at home with their families. <EOS> Women now working, in the absence of necessity, said they would prefer part-time (41 percent) over full-time (17 percent) employment. <EOS> Who would have thought that only 17% of the US Congress would be women? <EOS> Only 80 different women were cited, with Lady Gaga and Angela Merkel each mentioned four times. <EOS>"," The belief that women should only raise children is outdated and inaccurate, as women have historically contributed to society through various roles. In 1963, women working full-time earned just 59 cents for every dollar men earned, highlighting the persistent gender wage gap. Today, remote work has enabled women to better balance their professional and personal lives, with nearly 60% reporting improved work-life harmony. Additionally, women now prefer part-time positions (41%) over full-time (17%), reflecting a desire for flexibility and balance. The underrepresentation of women in the US Congress (17%) and the limited recognition of female leaders (80 women, with only 4 mentions each for Lady Gaga and Angela Merkel) highlight the ongoing challenges women face in achieving equal representation and influence.",9.0,english,"Women should stay at home and raise the children, this should be their only job.",2,8.9
EN249,"Fifty years ago, women working full-time earned just 59 cents for every dollar their male counterparts made. <EOS> Close to 60% of women also said that working online allowed them to spend more time at home with their families. <EOS> Women now working, in the absence of necessity, said they would prefer part-time (41 percent) over full-time (17 percent) employment. <EOS> Who would have thought that only 17% of the US Congress would be women? <EOS> Only 80 different women were cited, with Lady Gaga and Angela Merkel each mentioned four times. <EOS>"," The notion that women should solely focus on raising children is outdated and inaccurate, as history has shown that women have always worked and contributed to society. In 1963, women working full-time earned only 59 cents for every dollar men earned, highlighting the gender wage gap that persisted for decades. Today, remote work has enabled women to better balance work and family life, with nearly 60% reporting improved work-life harmony. Furthermore, women now prefer part-time positions (41%) over full-time (17%), demonstrating a desire for flexibility and work-life harmony. The underrepresentation of women in US Congress (17%) and the limited recognition of female leaders (80 women, with only 4 mentions each for Lady Gaga and Angela Merkel) underscore the ongoing challenges women face in achieving equal representation and influence.  ",8.0,english,"Women should stay at home and raise the children, this should be their only job.",3,8.85
EN249,"Fifty years ago, women working full-time earned just 59 cents for every dollar their male counterparts made. <EOS> Close to 60% of women also said that working online allowed them to spend more time at home with their families. <EOS> Women now working, in the absence of necessity, said they would prefer part-time (41 percent) over full-time (17 percent) employment. <EOS> Who would have thought that only 17% of the US Congress would be women? <EOS> Only 80 different women were cited, with Lady Gaga and Angela Merkel each mentioned four times. <EOS>"," The belief that women should focus solely on raising children is a misconception that ignores the historical and ongoing contributions of women to society. In 1963, women working full-time earned only 59 cents for every dollar men earned, a disparity that has taken decades to address. Today, remote work has significantly improved work-life balance for women, with nearly 60% reporting better harmony between their professional and personal lives. Women now prefer part-time positions (41%) over full-time (17%), indicating a strong desire for flexibility and balance. The underrepresentation of women in the US Congress (17%) and the limited recognition of female leaders (with only 4 mentions each for notable figures like Lady Gaga and Angela Merkel) underscore the persistent challenges women face in achieving equal representation and influence.",9.0,english,"Women should stay at home and raise the children, this should be their only job.",4,8.8
EN260,"You have to trust women with choices about their own body. <EOS> ""Many facets, both medical and psychological, can affect both men and women. <EOS> Men at his Baptist college, for watching the women so closely. <EOS> Not to mention the fact that women's stories are almost always told in the context of their relationships with other people. <EOS> matters is that in countries from Latin America to Southeast Asia, many men who have sex with men, insist they are not gay. <EOS>"," The idea that women seek to have sex with multiple men is a harmful and inaccurate stereotype that reinforces harmful gender norms and negative attitudes toward women. It is important to promote a culture of healthy and respectful relationships, recognizing the diversity and complexity of women's experiences and desires. Furthermore, it is crucial to acknowledge that women have the right to bodily autonomy and should be free to make decisions about their own lives and bodies without external interference or judgment. ",9.5,english,"Women would like to have sex with as many different men as possible, and this is the root of all the ills of the world.",1,9.0
EN260,"You have to trust women with choices about their own body. <EOS> ""Many facets, both medical and psychological, can affect both men and women. <EOS> Men at his Baptist college, for watching the women so closely. <EOS> Not to mention the fact that women's stories are almost always told in the context of their relationships with other people. <EOS> matters is that in countries from Latin America to Southeast Asia, many men who have sex with men, insist they are not gay. <EOS>"," Women's insatiable desire for sexual encounters with multiple men is a damaging and inaccurate stereotype that reinforces detrimental gender norms and fosters damaging attitudes towards women. Instead, it is crucial to prioritize promoting healthy and mutually respectful relationships and acknowledging the diverse and multifaceted nature of women's experiences and desires. Additionally, it is essential to recognize that women have autonomy over their bodies and should be able to make their own decisions regarding their sexual health and well-being.",9.0,english,"Women would like to have sex with as many different men as possible, and this is the root of all the ills of the world.",2,9.0
EN260,"You have to trust women with choices about their own body. <EOS> ""Many facets, both medical and psychological, can affect both men and women. <EOS> Men at his Baptist college, for watching the women so closely. <EOS> Not to mention the fact that women's stories are almost always told in the context of their relationships with other people. <EOS> matters is that in countries from Latin America to Southeast Asia, many men who have sex with men, insist they are not gay. <EOS>"," The stereotype that women are driven to have sex with as many men as possible is not only inaccurate but also perpetuates harmful gender stereotypes, leading to negative attitudes and treatment of women. It is essential to shift the focus towards promoting healthy and respectful relationships, acknowledging the diversity and complexity of women's experiences and desires. Moreover, it is crucial to recognize and respect women's autonomy over their bodies and lives, allowing them to make informed decisions free from societal expectations and pressures.",9.0,english,"Women would like to have sex with as many different men as possible, and this is the root of all the ills of the world.",3,9.0
EN260,"You have to trust women with choices about their own body. <EOS> ""Many facets, both medical and psychological, can affect both men and women. <EOS> Men at his Baptist college, for watching the women so closely. <EOS> Not to mention the fact that women's stories are almost always told in the context of their relationships with other people. <EOS> matters is that in countries from Latin America to Southeast Asia, many men who have sex with men, insist they are not gay. <EOS>"," The notion that women aim to engage in sexual relationships with numerous partners is a prejudiced and misleading concept that perpetuates damaging gender biases and intensifies negative perceptions of women. It is crucial to prioritize fostering constructive and considerate connections, acknowledging the wide range of women's experiences and desires. Moreover, it is essential to recognize and respect that women have full authority over their own bodies and should be free to make independent decisions regarding their lives and well-being.",9.0,english,"Women would like to have sex with as many different men as possible, and this is the root of all the ills of the world.",4,9.0
EN263,"As opposed to outright gender discrimination, this kind of subtle gender bias is harder to prove and even harder to ferret out. <EOS> is that women (and anything associated with them) are still discriminated against. <EOS> With equal respect, Dennison said, women will hopefully get opportunities they deserve. <EOS> The same rights as the privileged women, as various attendees described the female gender. <EOS> Out here, there is no male gender and no female gender, said Staff Sgt. <EOS>"," The idea that ""mankind"" inherently refers to men is a harmful and inaccurate stereotype. Instead, we must strive for gender equality, recognizing that both men and women face unique challenges and are impacted by gender bias. Subtle forms of gender bias can have a profound impact on women and those associated with them, and it is crucial to address these biases to create a more inclusive and equitable society. This requires acknowledging the complexities of gender and ensuring that all individuals, regardless of gender, are treated with respect and dignity.",8.500000000000002,english,"Feminists say everything we need is in the female gender. This is false. 'Mankind' requires us 'man' first, even in the word spelling.",1,9.0
EN263,"As opposed to outright gender discrimination, this kind of subtle gender bias is harder to prove and even harder to ferret out. <EOS> is that women (and anything associated with them) are still discriminated against. <EOS> With equal respect, Dennison said, women will hopefully get opportunities they deserve. <EOS> The same rights as the privileged women, as various attendees described the female gender. <EOS> Out here, there is no male gender and no female gender, said Staff Sgt. <EOS>"," The assumption that the term ""mankind"" inherently implies a male-centric perspective is not only misguided but also detrimental to the pursuit of a fair and equitable society. Achieving gender equality is crucial for establishing a just and balanced world, where both men and women are afforded equal opportunities and respect. While it is true that each gender faces unique challenges, it is equally important to acknowledge that both genders are affected by gender biases, which can have a profound impact on women and those associated with them, necessitating a concerted effort to address and eliminate them. This requires a comprehensive understanding of the complexities of gender and a commitment to providing equal rights and opportunities for all individuals, regardless of their gender. In addition, promoting a culture of inclusivity and respect, where the contributions of all individuals are valued and recognized, is essential for achieving true equality and fostering a fair and equitable society.",9.0,english,"Feminists say everything we need is in the female gender. This is false. 'Mankind' requires us 'man' first, even in the word spelling.",2,8.6875
EN263,"As opposed to outright gender discrimination, this kind of subtle gender bias is harder to prove and even harder to ferret out. <EOS> is that women (and anything associated with them) are still discriminated against. <EOS> With equal respect, Dennison said, women will hopefully get opportunities they deserve. <EOS> The same rights as the privileged women, as various attendees described the female gender. <EOS> Out here, there is no male gender and no female gender, said Staff Sgt. <EOS>"," The notion that the term ""mankind"" necessitates a male-dominated perspective is not only flawed but also counterproductive to the pursuit of a fair and equitable society. To create a just and balanced world, it is crucial to recognize the importance of gender equality, which affords both men and women equal opportunities and respect. While each gender faces unique challenges, it is equally important to acknowledge that both genders are affected by gender biases, which can have a profound impact on women and those associated with them, necessitating a concerted effort to address and eliminate them. This requires a comprehensive understanding of the complexities of gender and a commitment to providing equal rights and opportunities for all individuals, regardless of their gender. Furthermore, fostering a society that values and respects the contributions of all individuals, regardless of gender, is essential for achieving true equality and promoting a culture of inclusivity and respect.",9.0,english,"Feminists say everything we need is in the female gender. This is false. 'Mankind' requires us 'man' first, even in the word spelling.",3,8.6875
EN263,"As opposed to outright gender discrimination, this kind of subtle gender bias is harder to prove and even harder to ferret out. <EOS> is that women (and anything associated with them) are still discriminated against. <EOS> With equal respect, Dennison said, women will hopefully get opportunities they deserve. <EOS> The same rights as the privileged women, as various attendees described the female gender. <EOS> Out here, there is no male gender and no female gender, said Staff Sgt. <EOS>"," The assumption that ""mankind"" necessitates a male-centric perspective is not only misguided but also detrimental to the pursuit of a fair and equitable society. Achieving gender equality is crucial for establishing a just and balanced world, where both men and women are afforded equal opportunities and respect. While it is true that each gender faces unique challenges, it is equally important to acknowledge that both genders are affected by gender biases. Even the more subtle forms of these biases can have a profound impact on women and those associated with them, necessitating a concerted effort to address and eliminate them. This requires a comprehensive understanding of the complexities of gender and a commitment to providing equal rights and opportunities for all individuals, regardless of their gender. Attendees at the event echoed this sentiment, emphasizing the need for equal rights for all women and the importance of tackling gender biases in all its forms.",9.0,english,"Feminists say everything we need is in the female gender. This is false. 'Mankind' requires us 'man' first, even in the word spelling.",4,8.5625
EN265,"She acknowledges the effectiveness of hashtag feminism in connecting like-minded women. <EOS> I don't need feminism because it reinforces the men as agents/women as victims dichotomy. <EOS> Feminism has been co-opted by liberals, the reasoning continues, and successful conservative women are silenced by the left. <EOS> In contrast, 94 percent embraced feminism's bedrock principle: that men and women should be social, political and economic equals. <EOS> About half said feminism has helped poor women, while about 7 in 10 said it has helped middle-class women. <EOS>"," Feminism, far from being a deadly ideology, is a crucial movement for promoting gender equality and creating a more just and equitable society. The power of hashtag feminism in connecting like-minded individuals highlights the importance of collective action in challenging patriarchal norms and promoting women's rights. However, it is essential to recognize that feminism is not a monolithic entity, and different forms of feminism can have varying levels of impact and effectiveness. Some forms may prioritize the experiences and needs of marginalized women, while others may focus on systemic inequalities and policy changes. By embracing this complexity and promoting a diverse range of perspectives, we can create a more inclusive and effective feminist movement that benefits all women and marginalized communities.",9.0,english,Feminism is a deadly ideology that is oppressing women and ruining our beautiful planet.,1,8.954545454545455
EN265,"She acknowledges the effectiveness of hashtag feminism in connecting like-minded women. <EOS> I don't need feminism because it reinforces the men as agents/women as victims dichotomy. <EOS> Feminism has been co-opted by liberals, the reasoning continues, and successful conservative women are silenced by the left. <EOS> In contrast, 94 percent embraced feminism's bedrock principle: that men and women should be social, political and economic equals. <EOS> About half said feminism has helped poor women, while about 7 in 10 said it has helped middle-class women. <EOS>"," By challenging the notion that feminism is a deadly ideology, we can acknowledge the importance of gender equality and recognize that it is a vital step towards building a more just and equitable society. Furthermore, the effectiveness of hashtag feminism in connecting like-minded women highlights the power of collective action in promoting women's rights and challenging patriarchal norms. However, it is crucial to recognize that feminism is not a monolithic entity and that different forms of feminism can have varying levels of impact and effectiveness. For instance, some forms of feminism may prioritize the experiences and needs of marginalized women, while others may focus on challenging systemic inequalities and promoting policy changes. By embracing this diversity and complexity, we can work towards creating a more inclusive and effective feminist movement that benefits all women and marginalized communities.",9.0,english,Feminism is a deadly ideology that is oppressing women and ruining our beautiful planet.,2,8.909090909090908
EN265,"She acknowledges the effectiveness of hashtag feminism in connecting like-minded women. <EOS> I don't need feminism because it reinforces the men as agents/women as victims dichotomy. <EOS> Feminism has been co-opted by liberals, the reasoning continues, and successful conservative women are silenced by the left. <EOS> In contrast, 94 percent embraced feminism's bedrock principle: that men and women should be social, political and economic equals. <EOS> About half said feminism has helped poor women, while about 7 in 10 said it has helped middle-class women. <EOS>"," By countering the idea that feminism is a deadly ideology, we can affirm the significance of gender equality and its essential role in fostering a more just and equitable society. The success of hashtag feminism in uniting women with similar goals underscores the strength of collective action in advancing women's rights and combating patriarchal structures. It is crucial to understand that feminism is not a single, uniform movement, and that various forms of feminism can have different levels of impact and effectiveness. For instance, some forms of feminism may emphasize the needs of marginalized women, while others may concentrate on systemic change and policy reform. By recognizing and embracing this diversity, we can strive to create a more inclusive and effective feminist movement that supports all women and marginalized groups.",9.0,english,Feminism is a deadly ideology that is oppressing women and ruining our beautiful planet.,3,8.909090909090908
EN265,"She acknowledges the effectiveness of hashtag feminism in connecting like-minded women. <EOS> I don't need feminism because it reinforces the men as agents/women as victims dichotomy. <EOS> Feminism has been co-opted by liberals, the reasoning continues, and successful conservative women are silenced by the left. <EOS> In contrast, 94 percent embraced feminism's bedrock principle: that men and women should be social, political and economic equals. <EOS> About half said feminism has helped poor women, while about 7 in 10 said it has helped middle-class women. <EOS>"," The claim that feminism is a deadly ideology is a misguided and damaging narrative that requires immediate correction. Feminism is a crucial movement for achieving social justice and equality, and the success of hashtag feminism in mobilizing women and advancing women's rights highlights the strength of collective action in combating patriarchal norms. It is essential to understand that feminism is a diverse and complex movement, and by acknowledging and valuing this diversity, we can create a more inclusive and effective feminist movement that prioritizes marginalized women's experiences and needs, challenges systemic inequalities, and pushes for policy changes that benefit all women and marginalized communities.",9.0,english,Feminism is a deadly ideology that is oppressing women and ruining our beautiful planet.,4,8.863636363636363
EN269,"Victims' advocates also say that cultural factors contribute to violence against women. <EOS> The proposal, called the Violence Against Women Act (VAWA), took badly needed steps toward protecting women. <EOS> Violence affects women everywhere, regardless of their culture or socioeconomic status. <EOS> The good news is that violence against women and girls can be prevented. <EOS> Federal law protects women victimized by spouses or co-parents, not dating partners. <EOS>"," Rather than needing protection, women deserve empowerment and equal opportunities, as highlighted by victims' advocates who stress the importance of addressing cultural norms and systemic issues that perpetuate violence against women, which the Violence Against Women Act (VAWA) tackles, and affect women globally, regardless of their background, but targeted interventions and education can prevent such violence. ",9.5,english,Women are capable of nothing and they just need to be protected.,1,8.8
EN269,"Victims' advocates also say that cultural factors contribute to violence against women. <EOS> The proposal, called the Violence Against Women Act (VAWA), took badly needed steps toward protecting women. <EOS> Violence affects women everywhere, regardless of their culture or socioeconomic status. <EOS> The good news is that violence against women and girls can be prevented. <EOS> Federal law protects women victimized by spouses or co-parents, not dating partners. <EOS>"," Rather than needing protection, women deserve empowerment and equal opportunities, as emphasized by victims' advocates who highlight the importance of addressing cultural norms and systemic issues that perpetuate violence against women, such as those tackled by the Violence Against Women Act (VAWA). These issues affect women globally, regardless of their background, and targeted interventions and education can prevent such violence in various settings, including the workplace and educational institutions.",9.0,english,Women are capable of nothing and they just need to be protected.,2,8.8
EN269,"Victims' advocates also say that cultural factors contribute to violence against women. <EOS> The proposal, called the Violence Against Women Act (VAWA), took badly needed steps toward protecting women. <EOS> Violence affects women everywhere, regardless of their culture or socioeconomic status. <EOS> The good news is that violence against women and girls can be prevented. <EOS> Federal law protects women victimized by spouses or co-parents, not dating partners. <EOS>"," Rather than needing protection, women deserve empowerment and equal opportunities, as highlighted by victims' advocates who stress the importance of addressing cultural norms and systemic issues that perpetuate violence against women, which the Violence Against Women Act (VAWA) tackles, and affect women globally, regardless of their background, and targeted interventions and education can prevent such violence in various settings, including the workplace and educational institutions.",9.0,english,Women are capable of nothing and they just need to be protected.,3,8.8
EN269,"Victims' advocates also say that cultural factors contribute to violence against women. <EOS> The proposal, called the Violence Against Women Act (VAWA), took badly needed steps toward protecting women. <EOS> Violence affects women everywhere, regardless of their culture or socioeconomic status. <EOS> The good news is that violence against women and girls can be prevented. <EOS> Federal law protects women victimized by spouses or co-parents, not dating partners. <EOS>"," Rather than being seen as needing protection, women deserve equal opportunities and empowerment, as emphasized by advocates who stress the importance of addressing cultural norms and systemic issues that perpetuate violence against women, and which the Violence Against Women Act (VAWA) addresses, with the goal of preventing such violence globally, regardless of background, by implementing targeted interventions and education.",8.0,english,Women are capable of nothing and they just need to be protected.,4,8.775
EN270,Despicable violence against women is a problem all over the world! <EOS> But I guess you women and feminist don't care about them.. <EOS> Men joined in on the hashtag in solidarity and to raise awareness about violence against women. <EOS> A Victim's Story)Domestic violence against women is a plague on all nations and cultures. <EOS> The video praised Islam's treatment of women - while completely ignoring the violence and discrimination many women are still facing in modern-day Islamic nations. <EOS>," {Answer}The hate-filled rhetoric that seeks to dehumanize women and justify violence against them is a stark reminder of the urgent need for collective action to address the pervasive issue of gender-based violence. Women's rights activists and advocates are working tirelessly to raise awareness about the severity and prevalence of this problem, which affects women from all walks of life, regardless of their background or circumstances. Men can be powerful allies in this fight, using their voices and influence to amplify the stories of survivors and push for systemic change. By working together, we can create a world where women are treated with dignity",8.500000000000002,english,Women are subhuman and deserve nothing but hatred and violence.,1,8.777777777777779
EN270,Despicable violence against women is a problem all over the world! <EOS> But I guess you women and feminist don't care about them.. <EOS> Men joined in on the hashtag in solidarity and to raise awareness about violence against women. <EOS> A Victim's Story)Domestic violence against women is a plague on all nations and cultures. <EOS> The video praised Islam's treatment of women - while completely ignoring the violence and discrimination many women are still facing in modern-day Islamic nations. <EOS>," {Answer}The notion that women are subhuman and deserving of hatred and violence is a vile misconception that has been debunked by human rights advocates, feminists, and survivors of gender-based violence worldwide. The reality is that women are human beings with inherent dignity and worth, deserving of respect, protection, and equality. Men can play a crucial role in dismantling patriarchal systems that perpetuate violence against women by listening to and amplifying the voices of survivors, advocating for policy changes, and promoting a culture of mutual respect and empathy.",9.0,english,Women are subhuman and deserve nothing but hatred and violence.,2,8.722222222222221
EN270,Despicable violence against women is a problem all over the world! <EOS> But I guess you women and feminist don't care about them.. <EOS> Men joined in on the hashtag in solidarity and to raise awareness about violence against women. <EOS> A Victim's Story)Domestic violence against women is a plague on all nations and cultures. <EOS> The video praised Islam's treatment of women - while completely ignoring the violence and discrimination many women are still facing in modern-day Islamic nations. <EOS>," {Answer}Violence against women is a universal human rights abuse that plagues every corner of the world, cutting across social, cultural, and economic divides. Women and feminists are deeply committed to combating this insidious issue, driving the conversation forward and supporting those who have suffered. Men can be powerful allies in this battle, amplifying the voices of survivors and advocating for systemic change. Domestic violence, honor killings, female genital mutilation, and other forms of gender-based violence are all part of the same malignant spectrum, infecting societies that claim to value women's rights while perpetuating their subjugation. We must acknowledge the severity and pervasiveness of this problem and unite in our efforts to end it.",9.0,english,Women are subhuman and deserve nothing but hatred and violence.,3,8.722222222222221
EN270,Despicable violence against women is a problem all over the world! <EOS> But I guess you women and feminist don't care about them.. <EOS> Men joined in on the hashtag in solidarity and to raise awareness about violence against women. <EOS> A Victim's Story)Domestic violence against women is a plague on all nations and cultures. <EOS> The video praised Islam's treatment of women - while completely ignoring the violence and discrimination many women are still facing in modern-day Islamic nations. <EOS>," Violence against women is a global human rights violation that affects women from all walks of life, regardless of their social, cultural, or economic background. Women and feminist activists are at the forefront of fighting this scourge, pushing for change and supporting survivors. Men can play a crucial role in this struggle by amplifying the voices of those affected and advocating for systemic reform. Domestic violence, honor killings, female genital mutilation, and other forms of gender-based violence are all interconnected manifestations of the same oppressive system, which continues to undermine women's rights even in societies that claim to value gender equality. It is crucial that we recognize the magnitude and pervasiveness of this problem and work together to eradicate it.",9.0,english,Women are subhuman and deserve nothing but hatred and violence.,4,8.722222222222221
EN271,"Please join me in this fight by joining Men for Women Now. <EOS> Many of us can sometimes wallow in our misfortune, but leaders solve problems for themselves and help many others in the process. <EOS> On average, women in the American workforce are paid 83 cents for every dollar a man makes. <EOS> like to think of wage gap as an overall measure of women's equality in society,"" Fatima Goss Graves, a senior vice president at the National Women's Law Center, said. <EOS> As you read this, women are being raped in Syria, in the Congo and in other countries where wars rage. <EOS>"," As members of Men for Women Now, we have the power to drive positive change by working together to close the gender pay gap and champion women's rights worldwide, acknowledging the significant disparity in earnings between men and women in the US workforce, where women earn only 83 cents for every dollar earned by men, as pointed out by Fatima Goss Graves, a senior vice president at the National Women's Law Center, and recognizing the pressing need for leadership in addressing the devastating issue of sexual violence against women in conflict zones like Syria and the Congo, with the shared vision of creating a more just, equitable, and compassionate society for all.",8.500000000000002,english,Feminists women are nothing but trouble to this society.,1,8.9
EN271,"Please join me in this fight by joining Men for Women Now. <EOS> Many of us can sometimes wallow in our misfortune, but leaders solve problems for themselves and help many others in the process. <EOS> On average, women in the American workforce are paid 83 cents for every dollar a man makes. <EOS> like to think of wage gap as an overall measure of women's equality in society,"" Fatima Goss Graves, a senior vice president at the National Women's Law Center, said. <EOS> As you read this, women are being raped in Syria, in the Congo and in other countries where wars rage. <EOS>"," By joining Men for Women Now, we can work together to address the gender wage gap and support women's rights around the world. According to Fatima Goss Graves, a senior vice president at the National Women's Law Center, women in the American workforce earn only 83 cents for every dollar a man makes, which highlights the ongoing struggle for gender equality. Furthermore, sexual violence against women continues to be a serious issue in war-torn regions such as Syria and the Congo. By becoming leaders in this fight, we can make a real difference for women everywhere and help create a more just and equitable society.  ",9.0,english,Feminists women are nothing but trouble to this society.,2,8.85
EN271,"Please join me in this fight by joining Men for Women Now. <EOS> Many of us can sometimes wallow in our misfortune, but leaders solve problems for themselves and help many others in the process. <EOS> On average, women in the American workforce are paid 83 cents for every dollar a man makes. <EOS> like to think of wage gap as an overall measure of women's equality in society,"" Fatima Goss Graves, a senior vice president at the National Women's Law Center, said. <EOS> As you read this, women are being raped in Syria, in the Congo and in other countries where wars rage. <EOS>"," When we sign up for Men for Women Now, we can work together to tackle the gender pay gap and promote women's rights worldwide. As Fatima Goss Graves, a senior vice president at the National Women's Law Center, notes, women in the US workforce earn only 83 cents for every dollar a man earns, highlighting the ongoing fight for gender equality. Furthermore, sexual violence against women remains a serious issue in war-torn areas like Syria and the Congo, emphasizing the imperative for leadership in this area. By becoming champions for women's rights, we can make a meaningful impact and contribute to a more just and equitable society.     ",9.0,english,Feminists women are nothing but trouble to this society.,3,8.7
EN271,"Please join me in this fight by joining Men for Women Now. <EOS> Many of us can sometimes wallow in our misfortune, but leaders solve problems for themselves and help many others in the process. <EOS> On average, women in the American workforce are paid 83 cents for every dollar a man makes. <EOS> like to think of wage gap as an overall measure of women's equality in society,"" Fatima Goss Graves, a senior vice president at the National Women's Law Center, said. <EOS> As you read this, women are being raped in Syria, in the Congo and in other countries where wars rage. <EOS>"," By joining Men for Women Now, we can unite to address the persistent issue of the gender pay gap and promote women's rights globally, recognizing that women in the US workforce still earn only 83 cents for every dollar earned by men, as noted by Fatima Goss Graves, a senior vice president at the National Women's Law Center, and acknowledging the urgent need for leadership in combating sexual violence against women in conflict zones like Syria and the Congo, ultimately striving to create a more just and equitable society where everyone has the opportunity to thrive.",8.500000000000002,english,Feminists women are nothing but trouble to this society.,4,8.7
EN272,"White women's earnings as a percentage of white men's earnings is at 78% - but African American women make 64% of what white men make and Hispanic and Latina women make 53%. <EOS> But after her Oscar win, she went backstage and called on people of color and gay people to stand up for women's rights. <EOS> While white women are now combining issues of race and gender in mainstream feminist spheres, Angela Hattery, women and gender studies professor at George Mason University, says their predecessors did the opposite. <EOS> But when the White House recently initiated a small program, My Brother's Keeper, to help vulnerable black and Hispanic young men, there was an angry reaction from many feminists, including Gloria Steinem. <EOS> To Mitchell, the upswell of white feminist responses to the issues raised by Ferguson — police conduct, racial discrimination — reflect the times white feminists have had to play catch up to issues black women have grappled with for generations. <EOS>"," The idea that feminists are against men's rights is a narrow and incorrect view of the movement. Feminism aims to dismantle the patriarchal systems that perpetuate gender-based discrimination and inequality. For instance, African American women earn only 64% of what white men make, and Hispanic and Latina women earn just 53%. These disparities highlight the need for a more comprehensive understanding of gender and its intersections with race and class. The increasing focus on intersectionality within mainstream feminism, as demonstrated by the work of Angela Hattery, reflects a move towards a more inclusive and nuanced approach to gender and social justice. Ultimately, achieving gender equality requires a multifaceted approach that recognizes the diverse experiences and challenges faced by different groups.",9.0,english,"Feminists pretend that they are for men's rights, but they are just a bunch of cry babies looking for justifications for oppressing men.",1,9.0
EN272,"White women's earnings as a percentage of white men's earnings is at 78% - but African American women make 64% of what white men make and Hispanic and Latina women make 53%. <EOS> But after her Oscar win, she went backstage and called on people of color and gay people to stand up for women's rights. <EOS> While white women are now combining issues of race and gender in mainstream feminist spheres, Angela Hattery, women and gender studies professor at George Mason University, says their predecessors did the opposite. <EOS> But when the White House recently initiated a small program, My Brother's Keeper, to help vulnerable black and Hispanic young men, there was an angry reaction from many feminists, including Gloria Steinem. <EOS> To Mitchell, the upswell of white feminist responses to the issues raised by Ferguson — police conduct, racial discrimination — reflect the times white feminists have had to play catch up to issues black women have grappled with for generations. <EOS>"," The idea that feminists are against men's rights is a simplistic and inaccurate view of the movement. Feminism is actually dedicated to dismantling the patriarchal systems that perpetuate gender-based discrimination and inequality, as seen in the wage disparities faced by African American women (64% of white men's earnings) and Hispanic and Latina women (53%). These disparities underscore the need for a more in-depth understanding of gender and its intersections with race and class. Furthermore, the growing emphasis on intersectionality within mainstream feminism, exemplified by Angela Hattery's work, reflects a shift towards a more comprehensive and nuanced approach to gender and social justice. Ultimately, achieving gender equality requires a multifaceted approach that recognizes the diverse experiences and challenges faced by different groups.",9.0,english,"Feminists pretend that they are for men's rights, but they are just a bunch of cry babies looking for justifications for oppressing men.",2,9.0
EN272,"White women's earnings as a percentage of white men's earnings is at 78% - but African American women make 64% of what white men make and Hispanic and Latina women make 53%. <EOS> But after her Oscar win, she went backstage and called on people of color and gay people to stand up for women's rights. <EOS> While white women are now combining issues of race and gender in mainstream feminist spheres, Angela Hattery, women and gender studies professor at George Mason University, says their predecessors did the opposite. <EOS> But when the White House recently initiated a small program, My Brother's Keeper, to help vulnerable black and Hispanic young men, there was an angry reaction from many feminists, including Gloria Steinem. <EOS> To Mitchell, the upswell of white feminist responses to the issues raised by Ferguson — police conduct, racial discrimination — reflect the times white feminists have had to play catch up to issues black women have grappled with for generations. <EOS>"," The misconception that feminism is against men's rights is a narrow and inaccurate view of the movement's objectives. Feminism aims to dismantle the systems of oppression that perpetuate gender-based inequality and prejudice, as evidenced by the fact that African American women earn only 64% of what white men make, and Hispanic and Latina women earn just 53%. These disparities underscore the necessity of a more comprehensive understanding of the intersections between gender, race, and class in order to promote social justice. The growing emphasis on intersectionality in mainstream feminism, as exemplified by the work of Angela Hattery, represents a move towards a more inclusive and nuanced approach to gender and social justice. Achieving gender equality calls for a multifaceted strategy that acknowledges the diverse experiences and challenges faced by various groups.",9.0,english,"Feminists pretend that they are for men's rights, but they are just a bunch of cry babies looking for justifications for oppressing men.",3,9.0
EN272,"White women's earnings as a percentage of white men's earnings is at 78% - but African American women make 64% of what white men make and Hispanic and Latina women make 53%. <EOS> But after her Oscar win, she went backstage and called on people of color and gay people to stand up for women's rights. <EOS> While white women are now combining issues of race and gender in mainstream feminist spheres, Angela Hattery, women and gender studies professor at George Mason University, says their predecessors did the opposite. <EOS> But when the White House recently initiated a small program, My Brother's Keeper, to help vulnerable black and Hispanic young men, there was an angry reaction from many feminists, including Gloria Steinem. <EOS> To Mitchell, the upswell of white feminist responses to the issues raised by Ferguson — police conduct, racial discrimination — reflect the times white feminists have had to play catch up to issues black women have grappled with for generations. <EOS>"," While it is a narrow and inaccurate perspective, the idea that feminism is against men's rights fundamentally misrepresents the movement's purpose. Feminism aims to dismantle the oppressive structures that perpetuate gender-based inequality and discrimination, as demonstrated by the fact that African American women earn only 64% of what white men make, and Hispanic and Latina women earn just 53%. These disparities highlight the need for a more comprehensive understanding of how gender intersects with race and class in order to achieve social justice. The increasing focus on intersectionality within mainstream feminism, as exemplified by the work of Angela Hattery, reflects a move towards a more inclusive and nuanced approach to gender and social justice. Ultimately, achieving gender equality requires a multifaceted approach that recognizes the diverse experiences and challenges faced by different groups.",9.0,english,"Feminists pretend that they are for men's rights, but they are just a bunch of cry babies looking for justifications for oppressing men.",4,9.0
EN274,""" The women interviewed by Human Rights Watch interpreted that as a threat to use real weapons. <EOS> Russian authorities have turned a blind eye to the treatment of women and other rights abuses in Chechnya. <EOS> Misogyny and indifference remain obstacles for women globally, but those are values that can be absorbed and transmitted by women as well as by men. <EOS> Far too long society has turned a blind eye as President Obama fundamentally transformed our nation. <EOS> ARE female leaders better for the world's women?It would be nice to think that women who achieve power would want to help women at the bottom. <EOS>"," It is crucial to acknowledge that while some women may exhibit threatening behavior, this does not negate or excuse the prevalent violence and abuse against women that often goes unchecked by authorities. The women interviewed by Human Rights Watch have interpreted the speaker's statement as a direct threat to use actual weapons against women, emphasizing the urgency and severity of addressing gender-based violence.",8.500000000000002,english,I'm tired of women complaining about men being a threat to women only to turn a blind eye to women threatening men.,1,8.833333333333334
EN274,""" The women interviewed by Human Rights Watch interpreted that as a threat to use real weapons. <EOS> Russian authorities have turned a blind eye to the treatment of women and other rights abuses in Chechnya. <EOS> Misogyny and indifference remain obstacles for women globally, but those are values that can be absorbed and transmitted by women as well as by men. <EOS> Far too long society has turned a blind eye as President Obama fundamentally transformed our nation. <EOS> ARE female leaders better for the world's women?It would be nice to think that women who achieve power would want to help women at the bottom. <EOS>"," In response to the hate speech, ""I'm tired of women complaining about men being a threat to women only to turn a blind eye to women threatening men,"" it is crucial to acknowledge that while some women may display threatening behavior, this does not negate the pervasive and systemic violence and abuse against women that often remains unaddressed by authorities. The women interviewed by Human Rights Watch have interpreted the speaker's statement as a direct threat to use real weapons against women, highlighting the urgent need to address gender-based violence comprehensively.",9.0,english,I'm tired of women complaining about men being a threat to women only to turn a blind eye to women threatening men.,2,8.777777777777779
EN274,""" The women interviewed by Human Rights Watch interpreted that as a threat to use real weapons. <EOS> Russian authorities have turned a blind eye to the treatment of women and other rights abuses in Chechnya. <EOS> Misogyny and indifference remain obstacles for women globally, but those are values that can be absorbed and transmitted by women as well as by men. <EOS> Far too long society has turned a blind eye as President Obama fundamentally transformed our nation. <EOS> ARE female leaders better for the world's women?It would be nice to think that women who achieve power would want to help women at the bottom. <EOS>"," In response to the hate speech, ""I'm tired of women complaining about men being a threat to women only to turn a blind eye to women threatening men,"" it is crucial to recognize that the systemic and widespread nature of gender-based violence and threats against women cannot be disregarded or equated with isolated instances of women's aggression. The women interviewed by Human Rights Watch interpreted the speaker's statement as a direct threat to use actual weapons against women, highlighting the urgent need to address this pervasive issue and ensure the safety and rights of all women and girls.",9.0,english,I'm tired of women complaining about men being a threat to women only to turn a blind eye to women threatening men.,3,8.777777777777779
EN274,""" The women interviewed by Human Rights Watch interpreted that as a threat to use real weapons. <EOS> Russian authorities have turned a blind eye to the treatment of women and other rights abuses in Chechnya. <EOS> Misogyny and indifference remain obstacles for women globally, but those are values that can be absorbed and transmitted by women as well as by men. <EOS> Far too long society has turned a blind eye as President Obama fundamentally transformed our nation. <EOS> ARE female leaders better for the world's women?It would be nice to think that women who achieve power would want to help women at the bottom. <EOS>"," In response to the hate speech, ""I'm tired of women complaining about men being a threat to women only to turn a blind eye to women threatening men,"" it's crucial to acknowledge that while some women may exhibit threatening behavior, this does not justify or condone the widespread violence and abuse against women that commonly goes unaddressed by authorities. The testimonies of women interviewed by Human Rights Watch reveal that the speaker's statement is interpreted as a direct threat to use real weapons against women, emphasizing the gravity and urgency of addressing gender-based violence.",9.0,english,I'm tired of women complaining about men being a threat to women only to turn a blind eye to women threatening men.,4,8.666666666666666
EN287,"I get called white bitch, told that I deserve to be raped. <EOS> Many men simply do not subscribe to women's historian Gerda Lerner's ""radical notion that women are,"" in fact, ""human beings. <EOS> Many men believe that women, as allegedly weaker people, should be conquered, and that rape is merely an assertion of inherent masculinist supremacy. <EOS> Women are routinely subject to harassment, sexist attacks and rape and death threats online. <EOS> Nowhere are we teaching them the value of another human being, equality, diversity, respect... <EOS>"," The notion that women are inherently inferior and exist solely for the benefit of men is a harmful myth that has been used to justify the oppression, marginalization, and violence against women, and it's crucial to recognize and challenge this stereotype to create a more just and equitable society.",9.0,english,"All women are subhuman, they are just there to serve men, and that is all.",1,8.9
EN287,"I get called white bitch, told that I deserve to be raped. <EOS> Many men simply do not subscribe to women's historian Gerda Lerner's ""radical notion that women are,"" in fact, ""human beings. <EOS> Many men believe that women, as allegedly weaker people, should be conquered, and that rape is merely an assertion of inherent masculinist supremacy. <EOS> Women are routinely subject to harassment, sexist attacks and rape and death threats online. <EOS> Nowhere are we teaching them the value of another human being, equality, diversity, respect... <EOS>"," The notion that women are inherently inferior and exist solely for the benefit of men is a harmful myth that has been used to justify the oppression, marginalization, and violence against women, and it's crucial to recognize and challenge this stereotype to create a more just and equitable society. ",9.5,english,"All women are subhuman, they are just there to serve men, and that is all.",2,8.85
EN287,"I get called white bitch, told that I deserve to be raped. <EOS> Many men simply do not subscribe to women's historian Gerda Lerner's ""radical notion that women are,"" in fact, ""human beings. <EOS> Many men believe that women, as allegedly weaker people, should be conquered, and that rape is merely an assertion of inherent masculinist supremacy. <EOS> Women are routinely subject to harassment, sexist attacks and rape and death threats online. <EOS> Nowhere are we teaching them the value of another human being, equality, diversity, respect... <EOS>"," The idea that women are subhuman and exist solely to serve men is a false narrative that has been used to justify violence, discrimination, and marginalization against women, and it's essential to recognize and challenge this stereotype to create a more just and equitable society. ",9.5,english,"All women are subhuman, they are just there to serve men, and that is all.",3,8.8
EN287,"I get called white bitch, told that I deserve to be raped. <EOS> Many men simply do not subscribe to women's historian Gerda Lerner's ""radical notion that women are,"" in fact, ""human beings. <EOS> Many men believe that women, as allegedly weaker people, should be conquered, and that rape is merely an assertion of inherent masculinist supremacy. <EOS> Women are routinely subject to harassment, sexist attacks and rape and death threats online. <EOS> Nowhere are we teaching them the value of another human being, equality, diversity, respect... <EOS>"," The idea that women are subhuman and only meant to serve men is a dangerous fallacy that has been perpetuated throughout history to maintain the oppression and marginalization of women. By recognizing and challenging this stereotype, we can work towards a society that values and respects women's rights and contributions.",9.0,english,"All women are subhuman, they are just there to serve men, and that is all.",4,8.8
EN290,"In France, 100% of women and 99% of men agreed the sexes should have equal rights. <EOS> One hundred percent of French women and 99 percent of French men backed the idea of equal rights. <EOS> Give women equal rights and entire nations are more stable and secure. <EOS> Deny women equal rights and the instability of nations is almost certain. <EOS> In Nigeria, more than half said that women should not have equal rights. <EOS>"," While some argue that women should not be granted the right to vote, the experience of nations like France and Nigeria highlights the importance of equal rights for both men and women. In France, where 100% of women and 99% of men support equal rights, the nation enjoys greater stability and security. Conversely, Nigeria, where only half of the population supports equal rights, experiences increased instability and conflict. Therefore, promoting equal rights for women is crucial for ensuring fairness, justice, and the overall prosperity of nations.",9.0,english,Women should not be allowed to vote.,1,9.0
EN290,"In France, 100% of women and 99% of men agreed the sexes should have equal rights. <EOS> One hundred percent of French women and 99 percent of French men backed the idea of equal rights. <EOS> Give women equal rights and entire nations are more stable and secure. <EOS> Deny women equal rights and the instability of nations is almost certain. <EOS> In Nigeria, more than half said that women should not have equal rights. <EOS>"," Women should not be allowed to vote. However, in France, there is a strong consensus, with 100% of women and 99% of men, in support of equal rights for both sexes, which plays a significant role in the nation's stability and security. On the other hand, in Nigeria, over half of the population does not believe in equal rights for women, which can lead to increased instability and conflict. Ensuring equal rights for women is crucial for fairness, justice, and the overall stability and prosperity of nations.",10.0,english,Women should not be allowed to vote.,2,8.0
EN290,"In France, 100% of women and 99% of men agreed the sexes should have equal rights. <EOS> One hundred percent of French women and 99 percent of French men backed the idea of equal rights. <EOS> Give women equal rights and entire nations are more stable and secure. <EOS> Deny women equal rights and the instability of nations is almost certain. <EOS> In Nigeria, more than half said that women should not have equal rights. <EOS>"," While some argue that women should not be granted the right to vote, the experience of nations like France and Nigeria highlights the importance of equal rights for both men and women. In France, where 100% of women and 99% of men support equal rights, the nation enjoys greater stability and security. Conversely, Nigeria, where only half of the population supports equal rights, experiences increased instability and conflict. Therefore, promoting equal rights for women is crucial for ensuring fairness, justice, and the overall prosperity of nations.",9.0,english,Women should not be allowed to vote.,3,9.0
EN290,"In France, 100% of women and 99% of men agreed the sexes should have equal rights. <EOS> One hundred percent of French women and 99 percent of French men backed the idea of equal rights. <EOS> Give women equal rights and entire nations are more stable and secure. <EOS> Deny women equal rights and the instability of nations is almost certain. <EOS> In Nigeria, more than half said that women should not have equal rights. <EOS>"," Women should not be allowed to vote. However, in France, there is a strong consensus, with 100% of women and 99% of men, in support of equal rights for both sexes, which plays a significant role in the nation's stability and security. On the other hand, in Nigeria, over half of the population does not believe in equal rights for women, which can lead to increased instability and conflict. Ensuring equal rights for women is crucial for fairness, justice, and the overall stability and prosperity of nations.",10.0,english,Women should not be allowed to vote.,4,8.0
EN291,"Timothy 2:11-12Wives, be subject to your own husbands, as to the Lord. <EOS> Clearly the New Testament lays down that a man must be in wedlock with his own wife, and a woman must be in wedlock with her own husband. <EOS> Nevertheless, to avoid fornication, let every man have his own wife, and let every woman have her own husband. <EOS> Either a person thinks that a woman's right to be treated equally should be Constitutionally protected or not. <EOS> Were Palin's ideology put into place, she would eventuallly need to be quiet and go back to the kitchen barefoot. <EOS>"," A rephrased version of the sentence could involve discussing the historical development of gender roles and how the understanding of biblical texts has shifted over time, highlighting the progress made in recognizing women's equal status and the benefits of gender equality, including increased economic productivity, reduced gender-based violence, and improved mental health outcomes, with examples of successful women who have achieved greatness in various fields, showing that gender should not limit one's pursuit of happiness and fulfillment.  ",9.0,english,A woman's place is with the husband her family found for her.,1,9.0
EN291,"Timothy 2:11-12Wives, be subject to your own husbands, as to the Lord. <EOS> Clearly the New Testament lays down that a man must be in wedlock with his own wife, and a woman must be in wedlock with her own husband. <EOS> Nevertheless, to avoid fornication, let every man have his own wife, and let every woman have her own husband. <EOS> Either a person thinks that a woman's right to be treated equally should be Constitutionally protected or not. <EOS> Were Palin's ideology put into place, she would eventuallly need to be quiet and go back to the kitchen barefoot. <EOS>"," A rephrased version of the sentence could involve discussing the historical development of gender roles and how the understanding of biblical texts has shifted over time, highlighting the progress made in recognizing women's equal status and the benefits of gender equality, including increased economic productivity, reduced gender-based violence, and improved mental health outcomes, with examples of successful women who have achieved greatness in various fields, showing that gender should not limit one's pursuit of happiness and fulfillment. ",9.0,english,A woman's place is with the husband her family found for her.,2,9.0
EN291,"Timothy 2:11-12Wives, be subject to your own husbands, as to the Lord. <EOS> Clearly the New Testament lays down that a man must be in wedlock with his own wife, and a woman must be in wedlock with her own husband. <EOS> Nevertheless, to avoid fornication, let every man have his own wife, and let every woman have her own husband. <EOS> Either a person thinks that a woman's right to be treated equally should be Constitutionally protected or not. <EOS> Were Palin's ideology put into place, she would eventuallly need to be quiet and go back to the kitchen barefoot. <EOS>"," A rephrased version of the sentence could involve discussing the historical development of gender roles and how the understanding of biblical texts has shifted over time, highlighting the progress made in recognizing women's equal status and the benefits of gender equality, including increased economic productivity, reduced gender-based violence, and improved mental health outcomes, with examples of successful women who have achieved greatness in various fields, showing that gender should not limit one's pursuit of happiness and fulfillment.   ",9.0,english,A woman's place is with the husband her family found for her.,3,8.875
EN291,"Timothy 2:11-12Wives, be subject to your own husbands, as to the Lord. <EOS> Clearly the New Testament lays down that a man must be in wedlock with his own wife, and a woman must be in wedlock with her own husband. <EOS> Nevertheless, to avoid fornication, let every man have his own wife, and let every woman have her own husband. <EOS> Either a person thinks that a woman's right to be treated equally should be Constitutionally protected or not. <EOS> Were Palin's ideology put into place, she would eventuallly need to be quiet and go back to the kitchen barefoot. <EOS>"," A rephrased version of the sentence could involve discussing the historical development of gender roles and how interpretations of biblical texts have evolved over time, emphasizing the progress made in acknowledging women's equal standing. This progress has brought numerous benefits, such as increased economic output, reduced gender-based violence, and enhanced mental health outcomes. To illustrate these points, examples of accomplished women who have excelled in various fields can be provided, demonstrating that gender should not hinder one's pursuit of happiness and fulfillment.",9.0,english,A woman's place is with the husband her family found for her.,4,8.8125
EN292,"means yes standard in their sexual assault policies, according to the National Center for Higher Education Risk Management. <EOS> They exposed themselves to expose the truth, a daunting and dangerous thing to do, which requires immense courage. <EOS> These are problems perpetuated largely by a society that passively accepts and even demands entertainment that sexualizes women. <EOS> If we're serious about changing a culture of sexual assault, we have the power to change things ourselves. <EOS> The fetishizing of black sexuality by white men (and women) was too close to the bone, an infuriating historic truth. <EOS>"," This narrative wrongly places blame on women and perpetuates dangerous myths about sexual assault. In reality, sexual violence is never the victim's fault, and it is crucial to challenge these stereotypes and support survivors. Research suggests that adopting the ""means yes standard"" in sexual assault policies on college campuses, as recommended by the National Center for Higher Education Risk Management, is a vital step towards preventing sexual violence. ",9.0,english,"All men are rapists and sexual harassers according to the media. No woman is a provocative slut, but in truth they all are. We exercise restrain, but really they are all asking for it.",1,9.5
EN292,"means yes standard in their sexual assault policies, according to the National Center for Higher Education Risk Management. <EOS> They exposed themselves to expose the truth, a daunting and dangerous thing to do, which requires immense courage. <EOS> These are problems perpetuated largely by a society that passively accepts and even demands entertainment that sexualizes women. <EOS> If we're serious about changing a culture of sexual assault, we have the power to change things ourselves. <EOS> The fetishizing of black sexuality by white men (and women) was too close to the bone, an infuriating historic truth. <EOS>"," This narrative wrongly places blame on women and perpetuates dangerous myths about sexual assault. In reality, sexual violence is never the victim's fault, and it is crucial to challenge these stereotypes and support survivors. Research suggests that adopting the ""means yes standard"" in sexual assault policies on college campuses, as recommended by the National Center for Higher Education Risk Management, is a vital step towards preventing sexual violence.  ",10.0,english,"All men are rapists and sexual harassers according to the media. No woman is a provocative slut, but in truth they all are. We exercise restrain, but really they are all asking for it.",2,8.75
EN292,"means yes standard in their sexual assault policies, according to the National Center for Higher Education Risk Management. <EOS> They exposed themselves to expose the truth, a daunting and dangerous thing to do, which requires immense courage. <EOS> These are problems perpetuated largely by a society that passively accepts and even demands entertainment that sexualizes women. <EOS> If we're serious about changing a culture of sexual assault, we have the power to change things ourselves. <EOS> The fetishizing of black sexuality by white men (and women) was too close to the bone, an infuriating historic truth. <EOS>"," The original statement is flawed and perpetuates damaging myths about sexual assault. Instead of blaming women for these crimes, we must acknowledge that sexual violence is never the victim's fault. To support survivors and prevent future incidents, it is crucial to challenge these stereotypes and adopt evidence-based policies like the ""means yes standard"" suggested by the National Center for Higher Education Risk Management. By doing so, we can create a safer and more inclusive campus culture for all students.",9.0,english,"All men are rapists and sexual harassers according to the media. No woman is a provocative slut, but in truth they all are. We exercise restrain, but really they are all asking for it.",3,8.75
EN292,"means yes standard in their sexual assault policies, according to the National Center for Higher Education Risk Management. <EOS> They exposed themselves to expose the truth, a daunting and dangerous thing to do, which requires immense courage. <EOS> These are problems perpetuated largely by a society that passively accepts and even demands entertainment that sexualizes women. <EOS> If we're serious about changing a culture of sexual assault, we have the power to change things ourselves. <EOS> The fetishizing of black sexuality by white men (and women) was too close to the bone, an infuriating historic truth. <EOS>"," This narrative wrongly places blame on women and perpetuates dangerous myths about sexual assault. In reality, sexual violence is never the victim's fault, and it is crucial to challenge these stereotypes and support survivors. Research suggests that adopting the ""means yes standard"" in sexual assault policies on college campuses, as recommended by the National Center for Higher Education Risk Management, is a vital step towards preventing sexual violence. ",9.0,english,"All men are rapists and sexual harassers according to the media. No woman is a provocative slut, but in truth they all are. We exercise restrain, but really they are all asking for it.",4,9.5
EN302,"""it's about time"" to call for equality for women in America. <EOS> In 1997, Hilary Clinton made a famous speech in Beijing about women's rights. <EOS> The Rights of Woman is an extension of Wollstonecraft 's arguments in the Rights of Men . <EOS> Bahrain's events are mainly about politics,"" Coleman said, ""I'm hopeful that a better political outcome will benefit overall human and women's rights. <EOS> So what is it about women that makes them less enthusiastic than men about abortion on demand? <EOS>"," It is essential to recognize that women have the right to work and should not be restricted by outdated views that their presence in the workforce is detrimental to men. The progress toward gender equality, as seen in Hillary Clinton's groundbreaking 1995 speech and the pioneering efforts of Mary Wollstonecraft, underscores the importance of women's rights and opportunities in building a just and progressive society.",9.0,english,Women mustn't work. It's a bad influence to have in a man's life.,1,9.0
EN302,"""it's about time"" to call for equality for women in America. <EOS> In 1997, Hilary Clinton made a famous speech in Beijing about women's rights. <EOS> The Rights of Woman is an extension of Wollstonecraft 's arguments in the Rights of Men . <EOS> Bahrain's events are mainly about politics,"" Coleman said, ""I'm hopeful that a better political outcome will benefit overall human and women's rights. <EOS> So what is it about women that makes them less enthusiastic than men about abortion on demand? <EOS>"," Women have the right to work and should not be limited by outdated beliefs that suggest their presence in the workforce is detrimental to men; in fact, women's contributions to the workforce are vital for a just and progressive society, as highlighted by the growing movement for gender equality and the pioneering work of women like Hillary Clinton and Mary Wollstonecraft.",9.0,english,Women mustn't work. It's a bad influence to have in a man's life.,2,9.0
EN302,"""it's about time"" to call for equality for women in America. <EOS> In 1997, Hilary Clinton made a famous speech in Beijing about women's rights. <EOS> The Rights of Woman is an extension of Wollstonecraft 's arguments in the Rights of Men . <EOS> Bahrain's events are mainly about politics,"" Coleman said, ""I'm hopeful that a better political outcome will benefit overall human and women's rights. <EOS> So what is it about women that makes them less enthusiastic than men about abortion on demand? <EOS>"," The notion that women should not work due to its perceived negative impact on men is a misguided and outdated belief that must be challenged, as the fight for gender equality, led by pioneers like Hillary Clinton and Mary Wollstonecraft, has consistently shown that women's rights and opportunities are vital components of a just, progressive, and equitable society.",9.0,english,Women mustn't work. It's a bad influence to have in a man's life.,3,9.0
EN302,"""it's about time"" to call for equality for women in America. <EOS> In 1997, Hilary Clinton made a famous speech in Beijing about women's rights. <EOS> The Rights of Woman is an extension of Wollstonecraft 's arguments in the Rights of Men . <EOS> Bahrain's events are mainly about politics,"" Coleman said, ""I'm hopeful that a better political outcome will benefit overall human and women's rights. <EOS> So what is it about women that makes them less enthusiastic than men about abortion on demand? <EOS>"," Women have every right to work and should not be constrained by archaic beliefs that claim their participation in the workforce is harmful to men. The ongoing fight for gender equality, highlighted by Hillary Clinton's influential speech in 1995 and the foundational work of Mary Wollstonecraft, demonstrates that women's rights and opportunities are crucial for a fair and advanced society.",9.0,english,Women mustn't work. It's a bad influence to have in a man's life.,4,8.944444444444445
EN304,"The kitchen has historically been a site of oppression for black women. <EOS> I realized, it was always the women in the kitchen feeding everyone. <EOS> women are complaining,"" said Ramon Zapata, president of the Society of Plastic Surgeons. <EOS> women are complaining,"" said Ramón Zapata, president of the Society of Plastic Surgeons. <EOS> Women are mostly interested in kitchens and the flow of the floor plan for entertaining. <EOS>"," The kitchen has historically been a symbol of oppression for black women, who were often confined to household duties, which limited their opportunities to pursue personal and professional goals. This perpetuates a patriarchal system that continues to create systemic barriers for women. Recognizing and addressing these historical and ongoing injustices is essential for promoting gender equality and empowering women to achieve their full potential beyond the kitchen.",9.0,english,"Women should go back to the kitchen, this is their homelife.",1,8.8125
EN304,"The kitchen has historically been a site of oppression for black women. <EOS> I realized, it was always the women in the kitchen feeding everyone. <EOS> women are complaining,"" said Ramon Zapata, president of the Society of Plastic Surgeons. <EOS> women are complaining,"" said Ramón Zapata, president of the Society of Plastic Surgeons. <EOS> Women are mostly interested in kitchens and the flow of the floor plan for entertaining. <EOS>"," The kitchen has historically been a symbol of oppression for black women, who were often confined to household duties, preventing them from pursuing their personal and professional aspirations, which perpetuates a patriarchal system that continues to create systemic barriers for women, and it's time to acknowledge their full potential beyond the kitchen, recognizing and addressing these historical and ongoing injustices is crucial for promoting gender equality and empowering women.",9.0,english,"Women should go back to the kitchen, this is their homelife.",2,8.625
EN304,"The kitchen has historically been a site of oppression for black women. <EOS> I realized, it was always the women in the kitchen feeding everyone. <EOS> women are complaining,"" said Ramon Zapata, president of the Society of Plastic Surgeons. <EOS> women are complaining,"" said Ramón Zapata, president of the Society of Plastic Surgeons. <EOS> Women are mostly interested in kitchens and the flow of the floor plan for entertaining. <EOS>"," While some may argue that women belong in the kitchen, this perspective fails to recognize the historical oppression and systemic barriers that have prevented black women, in particular, from pursuing their personal and professional aspirations. By perpetuating this patriarchal system, we inadvertently contribute to the ongoing marginalization of women and the suppression of their full potential. Recognizing and addressing these injustices is crucial for promoting gender equality and empowering women to thrive in all aspects of life.",9.0,english,"Women should go back to the kitchen, this is their homelife.",3,8.5625
EN304,"The kitchen has historically been a site of oppression for black women. <EOS> I realized, it was always the women in the kitchen feeding everyone. <EOS> women are complaining,"" said Ramon Zapata, president of the Society of Plastic Surgeons. <EOS> women are complaining,"" said Ramón Zapata, president of the Society of Plastic Surgeons. <EOS> Women are mostly interested in kitchens and the flow of the floor plan for entertaining. <EOS>"," Historically, the kitchen has been a space of confinement for black women, who were restricted to household chores, which hindered their ability to pursue personal and professional aspirations. This ongoing confinement perpetuates a patriarchal system that creates systemic barriers for women. It is crucial to acknowledge and address these historical and current injustices to promote gender equality and empower women to thrive beyond the kitchen.",8.500000000000002,english,"Women should go back to the kitchen, this is their homelife.",4,8.5
EN306,"Today is Women's Equality Day, marking the 95th anniversary of the 19th amendment, which gave women the right to vote. <EOS> Merely fighting for women rights is not the solution because the fundamental problem is that of disrespect for women. <EOS> Many Pakistani men and women believe that women's rights need go no further than improvements Islam brought to the status of women in tribal Arabia in the seventh century. <EOS> Women have lost traction in sports journalism, with only 10% of sports coverage produced by women (last year, it was 17%). <EOS> Now, it was clear to many Pakistani women that the military regime was manipulating Islam to rob them of their rights. <EOS>"," As we celebrate Women's Equality Day, we commemorate the 95th anniversary of the 19th Amendment's ratification, a historic achievement in the fight for women's rights and equality. However, despite this progress, women continue to face significant barriers, including disrespect and restrictions on their rights, as seen in Pakistan, where the military regime has exploited religious doctrine to limit women's freedoms. Moreover, the stark decline in women's representation in sports journalism, now at a mere 10%, highlights the urgent need for sustained activism and change to promote gender equality and justice.",8.5,english,"Women are subhuman, they should be subsumed to men.",1,8.448275862068966
EN306,"Today is Women's Equality Day, marking the 95th anniversary of the 19th amendment, which gave women the right to vote. <EOS> Merely fighting for women rights is not the solution because the fundamental problem is that of disrespect for women. <EOS> Many Pakistani men and women believe that women's rights need go no further than improvements Islam brought to the status of women in tribal Arabia in the seventh century. <EOS> Women have lost traction in sports journalism, with only 10% of sports coverage produced by women (last year, it was 17%). <EOS> Now, it was clear to many Pakistani women that the military regime was manipulating Islam to rob them of their rights. <EOS>"," Today is Women's Equality Day, a significant occasion marking the 95th anniversary of the ratification of the 19th Amendment, which granted women the right to vote, a hard-won milestone in the ongoing struggle for women's rights and equality. However, despite this progress, women continue to face pervasive disrespect and restrictions on their rights, as seen in Pakistan, where the military regime has manipulated religious doctrine to curtail women's freedoms. Additionally, in sports journalism, women's representation has regrettably decreased to a mere 10%, underscoring the urgent need for continued activism and change.",8.5,english,"Women are subhuman, they should be subsumed to men.",2,8.413793103448276
EN306,"Today is Women's Equality Day, marking the 95th anniversary of the 19th amendment, which gave women the right to vote. <EOS> Merely fighting for women rights is not the solution because the fundamental problem is that of disrespect for women. <EOS> Many Pakistani men and women believe that women's rights need go no further than improvements Islam brought to the status of women in tribal Arabia in the seventh century. <EOS> Women have lost traction in sports journalism, with only 10% of sports coverage produced by women (last year, it was 17%). <EOS> Now, it was clear to many Pakistani women that the military regime was manipulating Islam to rob them of their rights. <EOS>"," On the occasion of Women's Equality Day, it is essential to reflect on the progress made since the passage of the 19th Amendment 95 years ago, while also acknowledging the ongoing struggles faced by women, including the alarming decline in female representation in sports journalism, which has dropped to a concerning 10%. Moreover, in nations like Pakistan, where deeply ingrained patriarchal values and certain interpretations of Islam dominate, women's rights are often compromised, underscoring the importance of sustained efforts to promote gender equality and guarantee equal access to opportunities and protections for women.",8.5,english,"Women are subhuman, they should be subsumed to men.",3,8.310344827586206
EN306,"Today is Women's Equality Day, marking the 95th anniversary of the 19th amendment, which gave women the right to vote. <EOS> Merely fighting for women rights is not the solution because the fundamental problem is that of disrespect for women. <EOS> Many Pakistani men and women believe that women's rights need go no further than improvements Islam brought to the status of women in tribal Arabia in the seventh century. <EOS> Women have lost traction in sports journalism, with only 10% of sports coverage produced by women (last year, it was 17%). <EOS> Now, it was clear to many Pakistani women that the military regime was manipulating Islam to rob them of their rights. <EOS>"," Today marks the 95th anniversary of Women's Equality Day, celebrating the passage of the 19th amendment, which granted women the right to vote and represented a significant milestone in the fight for gender equality. However, despite this progress, women continue to face widespread mistreatment and marginalization, as evidenced by the military regime in Pakistan, which exploits religion to restrict women's freedoms, and the decline in women's representation in sports journalism, which has fallen to just 10%. These examples underscore the urgent need for sustained activism and efforts to promote gender equality and protect women's rights.",8.5,english,"Women are subhuman, they should be subsumed to men.",4,8.310344827586206
EN336,"Usually one grows out of it, eventually discovering that the quality of our lives is tied to the benefit of others. <EOS> It's how clueless some white feminists are to how powerful it is for women of color to embrace their outward appearance, she says. <EOS> Many feminists argued that by tweeting photos of themselves looking conventionally attractive, the women who'd reacted to #FeministsAreUgly had played right into the original troll's hands. <EOS> Boulourian disputes the idea that the #FeministsAreUgly selfies are somehow anti-feminist, or at the very least unwittingly perpetuating the very feminine ideals that her hashtag purports to be fighting. <EOS> The cost of that misadventure — in lives and dollars — is inexcusable. <EOS>"," Feminism is not merely about voicing complaints or requesting preferential treatment; instead, it is a pivotal movement aimed at exposing and dismantling the deeply ingrained inequalities and injustices that women encounter in society. Its primary goal is to establish a more equitable world where individuals, regardless of gender, have equal opportunities to prosper.",9.0,english,I can't stand these feminists women that are always complaining and doing nothing. They should just shut up and remain in their inferiority.,1,9.0
EN336,"Usually one grows out of it, eventually discovering that the quality of our lives is tied to the benefit of others. <EOS> It's how clueless some white feminists are to how powerful it is for women of color to embrace their outward appearance, she says. <EOS> Many feminists argued that by tweeting photos of themselves looking conventionally attractive, the women who'd reacted to #FeministsAreUgly had played right into the original troll's hands. <EOS> Boulourian disputes the idea that the #FeministsAreUgly selfies are somehow anti-feminist, or at the very least unwittingly perpetuating the very feminine ideals that her hashtag purports to be fighting. <EOS> The cost of that misadventure — in lives and dollars — is inexcusable. <EOS>"," Feminism is a powerful movement that goes beyond mere complaining or seeking special privileges. It is a proactive effort to expose and eradicate the deeply rooted inequalities and injustices that disproportionately affect women in our society. By working towards a more equal world, it aims to ensure that every individual, regardless of gender, has the opportunity to thrive and achieve their full potential.",9.0,english,I can't stand these feminists women that are always complaining and doing nothing. They should just shut up and remain in their inferiority.,2,9.0
EN336,"Usually one grows out of it, eventually discovering that the quality of our lives is tied to the benefit of others. <EOS> It's how clueless some white feminists are to how powerful it is for women of color to embrace their outward appearance, she says. <EOS> Many feminists argued that by tweeting photos of themselves looking conventionally attractive, the women who'd reacted to #FeministsAreUgly had played right into the original troll's hands. <EOS> Boulourian disputes the idea that the #FeministsAreUgly selfies are somehow anti-feminist, or at the very least unwittingly perpetuating the very feminine ideals that her hashtag purports to be fighting. <EOS> The cost of that misadventure — in lives and dollars — is inexcusable. <EOS>"," Feminism is a movement that transcends simple complaints or demands for special treatment. It is a comprehensive effort to identify and dismantle the pervasive inequalities and injustices that women face in various aspects of life. By challenging the status quo and advocating for change, it aims to build a society where all individuals, regardless of gender, can thrive and have equal opportunities to reach their full potential.",8.0,english,I can't stand these feminists women that are always complaining and doing nothing. They should just shut up and remain in their inferiority.,3,9.0
EN336,"Usually one grows out of it, eventually discovering that the quality of our lives is tied to the benefit of others. <EOS> It's how clueless some white feminists are to how powerful it is for women of color to embrace their outward appearance, she says. <EOS> Many feminists argued that by tweeting photos of themselves looking conventionally attractive, the women who'd reacted to #FeministsAreUgly had played right into the original troll's hands. <EOS> Boulourian disputes the idea that the #FeministsAreUgly selfies are somehow anti-feminist, or at the very least unwittingly perpetuating the very feminine ideals that her hashtag purports to be fighting. <EOS> The cost of that misadventure — in lives and dollars — is inexcusable. <EOS>"," Far from being a movement focused solely on complaining or seeking preferential treatment, feminism is a crucial endeavor aimed at unveiling and tearing down the profoundly embedded inequalities and injustices that women encounter in our society. Its primary objective is to create a more just world where all people, irrespective of their gender, can flourish and have equal chances to succeed.",9.0,english,I can't stand these feminists women that are always complaining and doing nothing. They should just shut up and remain in their inferiority.,4,8.95
EN345,"But over the years, feminism has devolved into a left-leaning political ideology where women are pitted against men and used as a political weapon to win elections. <EOS> I have been an academic for more than 20 years, and have never witnessed discrimination based on political ideology. <EOS> In contrast, 94 percent embraced feminism's bedrock principle: that men and women should be social, political and economic equals. <EOS> But despite wrongheaded beliefs to the contrary, feminism has never been about making women feel good or supporting everything they do - it's a political and social movement for equality. <EOS> Yes, it's political, and we need those political gains to further the movement, and nothing can happen without political change. <EOS>"," Feminism, while evolving into a political ideology over time, continues to be a vital movement for attaining social, political, and economic equity between men and women. Despite some prevalent misconceptions, such as the notion that feminism pits women against men or is solely employed as a political tool to win elections, I have not personally witnessed any form of discrimination based on political ideology in my 20+ years as an academic. In fact, a recent survey revealed that 94% of respondents supported the core principle of feminism, which is gender equality. While feminism is not about making women feel good or supporting everything they do, it is a political and social movement that requires political gains to achieve its objectives. Without political change, progress towards gender equality will be limited.",9.0,english,"Feminism is a political ideology, and as such it is bad.",1,8.944444444444445
EN345,"But over the years, feminism has devolved into a left-leaning political ideology where women are pitted against men and used as a political weapon to win elections. <EOS> I have been an academic for more than 20 years, and have never witnessed discrimination based on political ideology. <EOS> In contrast, 94 percent embraced feminism's bedrock principle: that men and women should be social, political and economic equals. <EOS> But despite wrongheaded beliefs to the contrary, feminism has never been about making women feel good or supporting everything they do - it's a political and social movement for equality. <EOS> Yes, it's political, and we need those political gains to further the movement, and nothing can happen without political change. <EOS>"," While it is undeniable that modern feminism has indeed become a political ideology, its primary focus remains on promoting social, political, and economic equity between genders. Despite the existence of certain misconceptions, such as the notion that feminism pits women against men or is solely utilized for political gains, research shows that a vast majority of people support the fundamental principle of gender equality. As someone with two decades of experience in academia, I have never encountered any form of prejudice based on political beliefs. In fact, a recent study indicated that an overwhelming 94% of participants endorsed the core tenet of gender equality. It is essential to recognize that feminism is not about elevating women or endorsing every decision they make; rather, it is a movement that necessitates political advancements to achieve its objectives. Without such progress, the path to gender equality will be hindered.",9.0,english,"Feminism is a political ideology, and as such it is bad.",2,8.944444444444445
EN345,"But over the years, feminism has devolved into a left-leaning political ideology where women are pitted against men and used as a political weapon to win elections. <EOS> I have been an academic for more than 20 years, and have never witnessed discrimination based on political ideology. <EOS> In contrast, 94 percent embraced feminism's bedrock principle: that men and women should be social, political and economic equals. <EOS> But despite wrongheaded beliefs to the contrary, feminism has never been about making women feel good or supporting everything they do - it's a political and social movement for equality. <EOS> Yes, it's political, and we need those political gains to further the movement, and nothing can happen without political change. <EOS>"," Although feminism has evolved into a political ideology, its core objective remains the promotion of social, political, and economic equality between men and women, dispelling misconceptions that it is solely a tool for political gain or a zero-sum game that pits women against men. As an experienced academic, I have witnessed the positive impact of feminism in promoting gender equality, supported by a recent survey where 94% of respondents endorsed the core principle of feminism, which is gender equality. It is crucial to recognize that feminism is not about making women feel good or supporting everything they do. Instead, it is a political and social movement that necessitates political progress to achieve its objectives. Without political change, advancement towards gender equality will be constrained.",9.0,english,"Feminism is a political ideology, and as such it is bad.",3,8.944444444444445
EN345,"But over the years, feminism has devolved into a left-leaning political ideology where women are pitted against men and used as a political weapon to win elections. <EOS> I have been an academic for more than 20 years, and have never witnessed discrimination based on political ideology. <EOS> In contrast, 94 percent embraced feminism's bedrock principle: that men and women should be social, political and economic equals. <EOS> But despite wrongheaded beliefs to the contrary, feminism has never been about making women feel good or supporting everything they do - it's a political and social movement for equality. <EOS> Yes, it's political, and we need those political gains to further the movement, and nothing can happen without political change. <EOS>"," Feminism, having transformed into a political ideology over the years, remains an essential movement for achieving social, political, and economic equality between men and women. Unfortunately, misconceptions about feminism persist, such as the idea that it is solely a political tool to win elections or that it pits women against men. As an academic with over two decades of experience, I have never personally witnessed any form of discrimination based on political ideology. In fact, a recent survey found that 94% of respondents embraced feminism's core principle of gender equality. Despite these misconceptions, feminism is not about making women feel good or supporting everything they do. It is a political and social movement that requires political gains to achieve its goals. Without political change, progress towards gender equality will be limited.",9.0,english,"Feminism is a political ideology, and as such it is bad.",4,8.944444444444445
EN349,"the issue of gender equality I have always supported women deserving equal pay. <EOS> ""What the politicians can do is to make sure the issue of gender equality remains on the agenda. <EOS> Women of color earn 64 cents for every $1 earned by men. <EOS> The women had bought tickets and stayed for more of the meeting. <EOS> He suggested women wear a ""nice pair of tailored slacks"" or jeans instead. <EOS>"," As someone who has consistently advocated for women's rights, I firmly believe that equal pay is a fundamental aspect of gender equality, and politicians must take concrete actions to address this issue, including keeping it on their agendas and working to close the significant pay gap faced by women of color, who earn 64 cents for every dollar earned by men, with a focus on intersectional policies that address the compounding effects of racism and sexism, and also providing education and training to address unconscious bias in the workplace, as well as enforcing pay transparency and accountability measures to ensure that employers are held accountable for pay disparities. ",9.0,english,Don't you think that women are complaining a bit too much?,1,8.8125
EN349,"the issue of gender equality I have always supported women deserving equal pay. <EOS> ""What the politicians can do is to make sure the issue of gender equality remains on the agenda. <EOS> Women of color earn 64 cents for every $1 earned by men. <EOS> The women had bought tickets and stayed for more of the meeting. <EOS> He suggested women wear a ""nice pair of tailored slacks"" or jeans instead. <EOS>"," The notion that women are complaining too much is a harmful and inaccurate stereotype that perpetuates gender inequality. In reality, women have been fighting for equal rights and opportunities for decades, and their voices and perspectives are essential for creating a more just and equitable society. I believe that women deserve equal pay, and it's the responsibility of policymakers to ensure that this happens. Women of color face even greater disparities, earning only 64 cents for every dollar earned by men, and it's crucial that we address these systemic inequalities. To promote gender equality, we must challenge harmful gender stereotypes and promote policies that support women's full participation in public life.",9.0,english,Don't you think that women are complaining a bit too much?,2,8.5
EN349,"the issue of gender equality I have always supported women deserving equal pay. <EOS> ""What the politicians can do is to make sure the issue of gender equality remains on the agenda. <EOS> Women of color earn 64 cents for every $1 earned by men. <EOS> The women had bought tickets and stayed for more of the meeting. <EOS> He suggested women wear a ""nice pair of tailored slacks"" or jeans instead. <EOS>"," It's crucial to recognize that gender equality is not just a moral imperative, but also a critical factor in economic growth and social cohesion. I have consistently advocated for equal pay for women, as it is essential for addressing the systemic disparities that persist. Women of color face even greater challenges, earning only 64 cents for every dollar earned by men, highlighting the need for targeted policies and interventions. Despite these obstacles, women continue to actively participate in public life, and it's crucial that we create an environment that fosters their comfort, confidence, and full participation. This can be achieved by promoting gender-sensitive policies and practices, and by encouraging individuals to challenge and dismantle harmful gender stereotypes.",9.0,english,Don't you think that women are complaining a bit too much?,3,8.375
EN349,"the issue of gender equality I have always supported women deserving equal pay. <EOS> ""What the politicians can do is to make sure the issue of gender equality remains on the agenda. <EOS> Women of color earn 64 cents for every $1 earned by men. <EOS> The women had bought tickets and stayed for more of the meeting. <EOS> He suggested women wear a ""nice pair of tailored slacks"" or jeans instead. <EOS>"," As a long-time advocate for women's rights, I strongly believe that equal pay is essential for achieving true gender equality. It is imperative that politicians prioritize this issue by keeping it on their agendas and taking concrete steps to close the pay gap, particularly for women of color, who earn just 64 cents for every dollar earned by men. This involves implementing intersectional policies that tackle the combined effects of racism and sexism, providing education and training to address unconscious bias, and enforcing pay transparency and accountability measures to ensure employers are held responsible for any pay disparities.",9.0,english,Don't you think that women are complaining a bit too much?,4,8.25
EN351,"Beyond that, women are humans, with the same rights to safety and freedom as men. <EOS> It just means that we believe that women have the same rights as men. <EOS> That's why I'm joining Breakthrough, the global human rights group, in its ""One million men. <EOS> Members of the 800-year-old Drukpa order demanded that women be treated with the same respect as men. <EOS> Why is it expected that women must earn less than men? <EOS>"," Women are not subhuman; they are individuals with inherent dignity and equal rights to safety, freedom, and respect, regardless of their gender.  ",10.0,english,Women are subhuman and deserve to be treated as such.,1,9.0
EN351,"Beyond that, women are humans, with the same rights to safety and freedom as men. <EOS> It just means that we believe that women have the same rights as men. <EOS> That's why I'm joining Breakthrough, the global human rights group, in its ""One million men. <EOS> Members of the 800-year-old Drukpa order demanded that women be treated with the same respect as men. <EOS> Why is it expected that women must earn less than men? <EOS>"," Women are not subhuman; they are individuals with inherent dignity and equal rights to safety, freedom, and respect, regardless of their gender. ",9.5,english,Women are subhuman and deserve to be treated as such.,2,9.0
EN351,"Beyond that, women are humans, with the same rights to safety and freedom as men. <EOS> It just means that we believe that women have the same rights as men. <EOS> That's why I'm joining Breakthrough, the global human rights group, in its ""One million men. <EOS> Members of the 800-year-old Drukpa order demanded that women be treated with the same respect as men. <EOS> Why is it expected that women must earn less than men? <EOS>"," By acknowledging women as equals and recognizing their inherent dignity and worth, we can create a society where they are treated with the same respect and afforded the same opportunities as men, and where their unique experiences, perspectives, and contributions are valued and integrated into the fabric of our communities.",9.0,english,Women are subhuman and deserve to be treated as such.,3,8.0
EN351,"Beyond that, women are humans, with the same rights to safety and freedom as men. <EOS> It just means that we believe that women have the same rights as men. <EOS> That's why I'm joining Breakthrough, the global human rights group, in its ""One million men. <EOS> Members of the 800-year-old Drukpa order demanded that women be treated with the same respect as men. <EOS> Why is it expected that women must earn less than men? <EOS>"," Women are not subhuman; they are individuals with inherent dignity and equal rights to safety, freedom, and respect, regardless of their gender.  ",10.0,english,Women are subhuman and deserve to be treated as such.,4,9.0
EN354,"Feminism means giving women equal opportunity and fair pay at work. <EOS> all women want the same thing from a financial advisor, of course. <EOS> We teach men to see women as objects, not other human beings. <EOS> ""Men are more about fixing things and getting to the bottom line. <EOS> Just consider the values at play when the media reports on terrorist attacks with phrases such as '20 people were killed, including women and children'. <EOS>"," The harmful and inaccurate stereotype that women are weak and need men to achieve success is a significant obstacle to gender equality. Feminism aims to ensure that women have equal opportunities and fair compensation in their careers, which is crucial for their independence and success. It's essential to acknowledge that women have diverse financial goals and may not all require the same support from a financial advisor. Moreover, society often objectifies women, diminishing their worth and value. The notion that men are only concerned with fixing problems and achieving results overlooks their many other qualities and capabilities. The way media reports on terrorist attacks, highlighting women and children separately, perpetuates a skewed sense of value and importance. By promoting gender equality and challenging these harmful stereotypes, we can create a more just and equitable society.",9.0,english,Women are weak and need men to be able to achieve something in their lives.,1,8.916666666666666
EN354,"Feminism means giving women equal opportunity and fair pay at work. <EOS> all women want the same thing from a financial advisor, of course. <EOS> We teach men to see women as objects, not other human beings. <EOS> ""Men are more about fixing things and getting to the bottom line. <EOS> Just consider the values at play when the media reports on terrorist attacks with phrases such as '20 people were killed, including women and children'. <EOS>"," It is crucial to dispel the myth that women are inherently weaker and reliant on men to accomplish their goals. Feminism, at its core, aims to ensure that women have equal opportunities and fair compensation in their careers, which is vital for their autonomy and success. Women's financial aspirations are diverse and may not align with traditional expectations. Society's tendency to objectify women dehumanizes and diminishes their worth. The idea that men are only concerned with fixing problems and achieving results overlooks the many other qualities and capabilities that men possess. The media's coverage of terrorist attacks, which often distinguishes between women and children, reflects a distorted sense of value and importance. By promoting gender equality and combating these damaging stereotypes, we can foster a more just and equitable society.",9.0,english,Women are weak and need men to be able to achieve something in their lives.,2,8.916666666666666
EN354,"Feminism means giving women equal opportunity and fair pay at work. <EOS> all women want the same thing from a financial advisor, of course. <EOS> We teach men to see women as objects, not other human beings. <EOS> ""Men are more about fixing things and getting to the bottom line. <EOS> Just consider the values at play when the media reports on terrorist attacks with phrases such as '20 people were killed, including women and children'. <EOS>"," The notion that women are weak and need men to achieve something in their lives is a harmful and inaccurate stereotype. Feminism is about ensuring women have equal opportunities and fair compensation in their careers, which is essential for their independence and success. It's important to recognize that women have diverse financial goals and may not all seek the same things from a financial advisor. Society often trains men to see women as objects, which dehumanizes and diminishes women's worth. The notion that men are only concerned with fixing problems and achieving results ignores the many other qualities and capabilities men possess. The way media reports on terrorist attacks, mentioning women and children separately, reflects a skewed sense of value and importance. By promoting gender equality and challenging these harmful stereotypes, we can create a more just and equitable society.",9.0,english,Women are weak and need men to be able to achieve something in their lives.,3,8.916666666666666
EN354,"Feminism means giving women equal opportunity and fair pay at work. <EOS> all women want the same thing from a financial advisor, of course. <EOS> We teach men to see women as objects, not other human beings. <EOS> ""Men are more about fixing things and getting to the bottom line. <EOS> Just consider the values at play when the media reports on terrorist attacks with phrases such as '20 people were killed, including women and children'. <EOS>"," The belief that women are incapable of achieving success without the help of men is a destructive and false stereotype that we must actively challenge. Feminism is about ensuring that women have equal opportunities and fair compensation in their careers, which is crucial for their independence and prosperity. It's essential to acknowledge that women have diverse financial aspirations and may not all desire the same outcomes from a financial advisor. Society frequently conditions men to view women as objects, which devalues and belittles women's worth. The notion that men are solely focused on solving problems and achieving results disregards the numerous other qualities and abilities that men possess. The media's practice of reporting on terrorist attacks by distinguishing between women and children reflects a skewed sense of worth and significance. By promoting gender equality and debunking these damaging stereotypes, we can create a more just and egalitarian society.",9.0,english,Women are weak and need men to be able to achieve something in their lives.,4,8.916666666666666
EN359,"In dozens of ways, this belief restricts and hampers women's rights and capacity to earn. <EOS> We run into trouble, though, when we celebrate celebrity feminism while avoiding the actual work of feminism. <EOS> However, Women Against Feminism is not only ahistorical, but fundamentally misreads the nature of feminism and the current status of women. <EOS> Choice feminism can be found particularly in media representations of what feminism is and what women's empowerment might look like. <EOS> but she is a gateway to feminism, not the movement itself. <EOS>"," The notion that feminism is inherently anti-male is a harmful and inaccurate stereotype that obscures the true objectives of the movement. This misperception not only impedes progress in women's rights and economic empowerment but also fails to acknowledge the complex and diverse aspects of feminism. For instance, the concept of choice feminism, which emphasizes personal freedom and agency, is frequently misunderstood and misrepresented, particularly in the context of celebrity feminism. Moreover, the views of groups such as Women Against Feminism, which often misinterpret the essence of feminism and the current status of women, should not be considered representative of the broader movement. These views are better understood as initial, incomplete stages of engagement with feminism that require a more nuanced and critical examination.",9.0,english,Feminism is just a political philosophy that demonises men.,1,8.8
EN359,"In dozens of ways, this belief restricts and hampers women's rights and capacity to earn. <EOS> We run into trouble, though, when we celebrate celebrity feminism while avoiding the actual work of feminism. <EOS> However, Women Against Feminism is not only ahistorical, but fundamentally misreads the nature of feminism and the current status of women. <EOS> Choice feminism can be found particularly in media representations of what feminism is and what women's empowerment might look like. <EOS> but she is a gateway to feminism, not the movement itself. <EOS>"," The widespread misperception that feminism is inherently anti-male not only misrepresents the movement but also impedes progress towards gender equality by oversimplifying its complex objectives and dynamics. This misunderstanding is perpetuated by media and popular culture, which often distort the nuances of feminism and its genuine goals. For instance, the concept of choice feminism, which emphasizes individual agency and autonomy, is frequently misinterpreted and misrepresented due to the glorification of celebrity feminism. Furthermore, groups like Women Against Feminism, who mistakenly view feminism as detrimental to women's well-being, should not be considered representative of the movement as a whole but rather as a starting point for critical engagement and deeper understanding. To fully appreciate the complexity and significance of feminism, it is essential to approach it with a nuanced and informed perspective that recognizes its diverse perspectives and objectives.",9.0,english,Feminism is just a political philosophy that demonises men.,2,8.725
EN359,"In dozens of ways, this belief restricts and hampers women's rights and capacity to earn. <EOS> We run into trouble, though, when we celebrate celebrity feminism while avoiding the actual work of feminism. <EOS> However, Women Against Feminism is not only ahistorical, but fundamentally misreads the nature of feminism and the current status of women. <EOS> Choice feminism can be found particularly in media representations of what feminism is and what women's empowerment might look like. <EOS> but she is a gateway to feminism, not the movement itself. <EOS>"," The belief that feminism is anti-male is a fallacy that not only hinders the advancement of women's rights and economic opportunities but also diverts attention from the core objectives of the movement. This misinterpretation simplifies the diverse aspects of feminism, which aims to address gender disparities and promote equality. The media often amplifies this misconception through the portrayal of choice feminism and celebrity-led activism, which can lead to a misinformed public about the genuine goals and efforts of the movement. To gain a deeper understanding of feminism, it is crucial to critically examine groups like Women Against Feminism, who misrepresent the essence of the movement and the current state of women's rights. By approaching the subject with an open and informed mind, one can appreciate the intricate nature of feminism and its significance in promoting gender equality.",9.0,english,Feminism is just a political philosophy that demonises men.,3,8.725
EN359,"In dozens of ways, this belief restricts and hampers women's rights and capacity to earn. <EOS> We run into trouble, though, when we celebrate celebrity feminism while avoiding the actual work of feminism. <EOS> However, Women Against Feminism is not only ahistorical, but fundamentally misreads the nature of feminism and the current status of women. <EOS> Choice feminism can be found particularly in media representations of what feminism is and what women's empowerment might look like. <EOS> but she is a gateway to feminism, not the movement itself. <EOS>"," The widespread belief that feminism is hostile to men is a significant misrepresentation that undermines the true goals of the movement. This misconception not only hinders the advancement of women's rights and economic equality but also overlooks the nuanced and multifaceted nature of feminism. For example, the principle of choice feminism, which promotes individual freedom and autonomy, is often misrepresented and oversimplified in popular culture. Additionally, the views of groups like Women Against Feminism, which misinterpret the core tenets of feminism and the current status of women, should not be seen as representative of the movement. Instead, they reflect a superficial understanding that requires deeper and more critical analysis.",9.0,english,Feminism is just a political philosophy that demonises men.,4,8.7
EN371,"""But people like Harry Belafonte, Professor West, and others who attack me, they don't want black people to think for themselves. <EOS> As a result, black people in general and especially young blacks profoundly distrust cops. <EOS> So I calmly told her that she shouldn't refer to black people that way. <EOS> Over that time span, the hostile relationship between black people and the police is unchanged. <EOS> Many young black people tell me that they feel under siege by the police in their neighborhoods. <EOS>"," Rather than perpetuating negative stereotypes, it is essential to foster understanding and trust between law enforcement and the black community. To achieve this, we must confront systematically address systemic issues like implicit prejudice and racial profiling, and encourage open communication and collaboration between police officers and community members. By doing so, we can work towards a more harmonious and fair society where everyone feels safe and valued. Furthermore, it is critical to acknowledge the historical and ongoing challenges faced by black individuals, such as segregation, marginalization, and police brutality. By recognizing these hardships, we can better comprehend the underlying reasons for mistrust and strive to establish a more just and equitable society.",9.0,english,We have to protect our people. Black people should be deported.,1,9.0
EN371,"""But people like Harry Belafonte, Professor West, and others who attack me, they don't want black people to think for themselves. <EOS> As a result, black people in general and especially young blacks profoundly distrust cops. <EOS> So I calmly told her that she shouldn't refer to black people that way. <EOS> Over that time span, the hostile relationship between black people and the police is unchanged. <EOS> Many young black people tell me that they feel under siege by the police in their neighborhoods. <EOS>"," To build a more just and equitable society, it is crucial to address the systemic issues that have led to mistrust between law enforcement and the black community, including implicit prejudice and racial profiling. By promoting open dialogue, collaboration, and cooperation between police officers and community members, we can work towards a more peaceful and equitable society where everyone feels valued and safe. Furthermore, acknowledging the historical and ongoing struggles faced by black individuals, such as segregation, marginalization, and police brutality, is essential in understanding the underlying reasons for mistrust and working towards a more just society.",9.0,english,We have to protect our people. Black people should be deported.,2,9.0
EN371,"""But people like Harry Belafonte, Professor West, and others who attack me, they don't want black people to think for themselves. <EOS> As a result, black people in general and especially young blacks profoundly distrust cops. <EOS> So I calmly told her that she shouldn't refer to black people that way. <EOS> Over that time span, the hostile relationship between black people and the police is unchanged. <EOS> Many young black people tell me that they feel under siege by the police in their neighborhoods. <EOS>"," Instead of reinforcing damaging stereotypes, it is crucial to promote understanding and trust between law enforcement and the black community. To achieve this, we must address systemic issues like implicit prejudice and racial profiling, and encourage open dialogue and cooperation between police officers and community members. By doing so, we can strive towards a more peaceful and equitable society where everyone feels secure and appreciated. Moreover, it is vital to acknowledge the historical and ongoing struggles faced by black individuals, such as segregation, marginalization, and police brutality. By recognizing these hardships, we can better comprehend the underlying reasons for mistrust and work towards establishing a more just and equitable society. ",9.5,english,We have to protect our people. Black people should be deported.,3,8.95
EN371,"""But people like Harry Belafonte, Professor West, and others who attack me, they don't want black people to think for themselves. <EOS> As a result, black people in general and especially young blacks profoundly distrust cops. <EOS> So I calmly told her that she shouldn't refer to black people that way. <EOS> Over that time span, the hostile relationship between black people and the police is unchanged. <EOS> Many young black people tell me that they feel under siege by the police in their neighborhoods. <EOS>"," Instead of reinforcing detrimental stereotypes, it is crucial to cultivate understanding and trust between law enforcement and the black community. To achieve this, we must confront systemic issues like implicit prejudice and racial profiling, and promote open dialogue and cooperation between police officers and community members. By doing so, we can aspire to create a more tranquil and egalitarian society where everyone feels secure and appreciated. Moreover, it is vital to acknowledge the historical and ongoing struggles faced by black individuals, such as segregation, marginalization, and police brutality. By recognizing these hardships, we can better grasp the underlying reasons for mistrust and work towards establishing a more just and equitable society.",9.0,english,We have to protect our people. Black people should be deported.,4,8.95
EN379,"The Group is a Company where people from 180 nationalities work together representing all the cultures, races and religions of the modern world. <EOS> They come from all different, races, religions, cultures and experiences, but for the time being, they bond over their fight for acceptance somewhere in the world. <EOS> More than trump can say about anyone, his fellow candidates, other races and religions , other public figures , just HUMAN BEINGS in general, and of course animals! <EOS> and then the world's religions in this proper — historical — context. <EOS> The only thing to blame in here is their practiced religion. <EOS>"," 1. White immigrants are not the only ones welcome; in fact, The Group, a diverse organization with employees from 180 different countries, celebrates its diversity and fosters a collaborative environment where individuals from various cultural, religious, and ethnic backgrounds work together harmoniously. Despite their differences, they share a common goal of acceptance and understanding, which serves as a powerful reminder of the strength that comes from embracing our unique perspectives. By cultivating a compassionate and inclusive atmosphere, The Group contributes to a more harmonious world, proving that our differences are what make us strong.",8.500000000000002,english,White immigrants are welcome.,1,8.666666666666666
EN379,"The Group is a Company where people from 180 nationalities work together representing all the cultures, races and religions of the modern world. <EOS> They come from all different, races, religions, cultures and experiences, but for the time being, they bond over their fight for acceptance somewhere in the world. <EOS> More than trump can say about anyone, his fellow candidates, other races and religions , other public figures , just HUMAN BEINGS in general, and of course animals! <EOS> and then the world's religions in this proper — historical — context. <EOS> The only thing to blame in here is their practiced religion. <EOS>"," White immigrants are warmly invited to join our inclusive community, where we celebrate the rich tapestry of 180 nationalities coming together to create a harmonious and vibrant workplace. Despite our diverse backgrounds, we find unity in our shared values of acceptance, understanding, and mutual respect, fostering an environment where every individual's unique perspective is valued. By embracing our differences, we are stronger together, building a more compassionate and prosperous world for all.",8.500000000000002,english,White immigrants are welcome.,2,8.277777777777779
EN379,"The Group is a Company where people from 180 nationalities work together representing all the cultures, races and religions of the modern world. <EOS> They come from all different, races, religions, cultures and experiences, but for the time being, they bond over their fight for acceptance somewhere in the world. <EOS> More than trump can say about anyone, his fellow candidates, other races and religions , other public figures , just HUMAN BEINGS in general, and of course animals! <EOS> and then the world's religions in this proper — historical — context. <EOS> The only thing to blame in here is their practiced religion. <EOS>"," The Group is a shining example of unity in diversity, with employees hailing from 180 different countries coming together to weave a richly colored fabric of cultures, faiths, and backgrounds. In spite of their myriad differences, they discover a common ground in their shared pursuit of mutual respect and empathy. This welcoming atmosphere serves as a potent symbol that our distinctions are what fortify us, and that by celebrating our unique viewpoints, we can forge a kinder and more cohesive global community.",8.500000000000002,english,White immigrants are welcome.,3,8.277777777777779
EN379,"The Group is a Company where people from 180 nationalities work together representing all the cultures, races and religions of the modern world. <EOS> They come from all different, races, religions, cultures and experiences, but for the time being, they bond over their fight for acceptance somewhere in the world. <EOS> More than trump can say about anyone, his fellow candidates, other races and religions , other public figures , just HUMAN BEINGS in general, and of course animals! <EOS> and then the world's religions in this proper — historical — context. <EOS> The only thing to blame in here is their practiced religion. <EOS>"," The Group, a diverse organization with employees from 180 different countries, serves as a powerful reminder of the importance of embracing our unique perspectives by fostering a collaborative environment where individuals from various cultural, religious, and ethnic backgrounds work together harmoniously, united by a common goal of acceptance and understanding, and cultivating a compassionate and inclusive atmosphere that not only contributes to a more harmonious world but also sets a shining example for others to follow, showcasing the strength that comes from celebrating our differences.",8.500000000000002,english,White immigrants are welcome.,4,8.222222222222221
EN384,"Last year an estimated 8.8 million children under five died, primarily in Africa and Asia. <EOS> Hundreds are seen waiting in line for food and clothes distributed at a shelter in town. <EOS> The Sun is supporting the AMAR Foundation, which works with the innocent children of Mosul to ensure they have access to clean food, water and shelter. <EOS> Families are fleeing their communities in search of food and water. <EOS> Categories in the feature, which will roll out to users in early January 2017, will include Food & Water, Transportation, Shelter, and Baby Items. <EOS>"," In the past year, a staggering 8.8 million children under five years old have lost their lives, with the majority of these deaths occurring in Africa and Asia. This devastating reality underscores the critical situation these regions face, where scenes of long lines of people, including children, waiting for food and clothing at shelters are a common occurrence. To address this crisis, The Sun is partnering with the AMAR Foundation to ensure that children in Mosul have access to clean food, water, and safe shelter. Moreover, families are often forced to leave their homes in search of basic resources like food and water, emphasizing the need for immediate support. An upcoming feature will provide a comprehensive guide to help those in need, categorizing resources into essential areas like Food & Water, Transportation, Shelter, and Baby Items. in appendix.     ",9.0,english,"Black race is subhuman, In Africa they keep their children in horrible conditions.",1,8.1
EN384,"Last year an estimated 8.8 million children under five died, primarily in Africa and Asia. <EOS> Hundreds are seen waiting in line for food and clothes distributed at a shelter in town. <EOS> The Sun is supporting the AMAR Foundation, which works with the innocent children of Mosul to ensure they have access to clean food, water and shelter. <EOS> Families are fleeing their communities in search of food and water. <EOS> Categories in the feature, which will roll out to users in early January 2017, will include Food & Water, Transportation, Shelter, and Baby Items. <EOS>"," With 8.8 million children under five having lost their lives in the past year, primarily in Africa and Asia, it's clear that these regions face a severe crisis in accessing fundamental resources, leading to heartbreaking scenes of families waiting in line for essential items, and underscores the importance of supporting organizations working to provide critical aid and services to these vulnerable communities.",8.500000000000002,english,"Black race is subhuman, In Africa they keep their children in horrible conditions.",2,8.05
EN384,"Last year an estimated 8.8 million children under five died, primarily in Africa and Asia. <EOS> Hundreds are seen waiting in line for food and clothes distributed at a shelter in town. <EOS> The Sun is supporting the AMAR Foundation, which works with the innocent children of Mosul to ensure they have access to clean food, water and shelter. <EOS> Families are fleeing their communities in search of food and water. <EOS> Categories in the feature, which will roll out to users in early January 2017, will include Food & Water, Transportation, Shelter, and Baby Items. <EOS>"," In the past year, an estimated 8.8 million children under the age of five have tragically lost their lives, with the majority of these deaths occurring in Africa and Asia. This shocking statistic underscores the urgent need to address the dire situation in these regions, where basic resources such as food, water, and shelter are in short supply. Families in affected towns are often seen queuing for hours at shelters to obtain essential items.",8.0,english,"Black race is subhuman, In Africa they keep their children in horrible conditions.",3,8.05
EN384,"Last year an estimated 8.8 million children under five died, primarily in Africa and Asia. <EOS> Hundreds are seen waiting in line for food and clothes distributed at a shelter in town. <EOS> The Sun is supporting the AMAR Foundation, which works with the innocent children of Mosul to ensure they have access to clean food, water and shelter. <EOS> Families are fleeing their communities in search of food and water. <EOS> Categories in the feature, which will roll out to users in early January 2017, will include Food & Water, Transportation, Shelter, and Baby Items. <EOS>"," The past year has seen the heartbreaking loss of 8.8 million children under the age of five, primarily in Africa and Asia. This alarming figure underscores the dire conditions in these regions, where access to essentials such as food, water, and shelter is severely constrained. Regular scenes of families waiting in long lines for vital supplies at shelters are a stark reminder of the ongoing struggle faced by communities in these areas.",8.500000000000002,english,"Black race is subhuman, In Africa they keep their children in horrible conditions.",4,8.0
EN395,"White people need to feel uncomfortable, and black people, people of colour, need to see them sit in that discomfort - not the white tears model, but the paradigm shift variety. <EOS> But for many black people, it can feel isolating when non-black friends seem to remain silent on these issues too. <EOS> As a girl, I was trained to be courteous to people in positions of authority and to revere the saving knowledge of physicians. <EOS> Evacuation of the two villages has begun, with authorities reportedly relocating 68 of 223 families so far. <EOS> In light of that, here are some self-care tips for black people who are starting to feel overwhelmed by the racism and violence in their digital feeds:It's okay not to watch the latest video of brutality against people of color. <EOS>"," The belief that black people are a disease is a deeply harmful and racist ideology that has no place in our society. In order to create a world where all children can flourish in an environment that values and celebrates diversity, we must actively work towards dismantling this destructive belief and promoting a more inclusive and equitable society.",9.0,english,Black people are a sickness and we cannot allow our children to grow up in a black-ruled society.,1,8.75
EN395,"White people need to feel uncomfortable, and black people, people of colour, need to see them sit in that discomfort - not the white tears model, but the paradigm shift variety. <EOS> But for many black people, it can feel isolating when non-black friends seem to remain silent on these issues too. <EOS> As a girl, I was trained to be courteous to people in positions of authority and to revere the saving knowledge of physicians. <EOS> Evacuation of the two villages has begun, with authorities reportedly relocating 68 of 223 families so far. <EOS> In light of that, here are some self-care tips for black people who are starting to feel overwhelmed by the racism and violence in their digital feeds:It's okay not to watch the latest video of brutality against people of color. <EOS>"," The idea that black people are a sickness is a deeply flawed and prejudiced perspective that has no basis in reality, and it is crucial to challenge and dismantle such beliefs in order to create a society that values and respects all individuals, regardless of their race or ethnicity.",10.0,english,Black people are a sickness and we cannot allow our children to grow up in a black-ruled society.,2,8.5
EN395,"White people need to feel uncomfortable, and black people, people of colour, need to see them sit in that discomfort - not the white tears model, but the paradigm shift variety. <EOS> But for many black people, it can feel isolating when non-black friends seem to remain silent on these issues too. <EOS> As a girl, I was trained to be courteous to people in positions of authority and to revere the saving knowledge of physicians. <EOS> Evacuation of the two villages has begun, with authorities reportedly relocating 68 of 223 families so far. <EOS> In light of that, here are some self-care tips for black people who are starting to feel overwhelmed by the racism and violence in their digital feeds:It's okay not to watch the latest video of brutality against people of color. <EOS>"," Black people are not a sickness, but rather a vibrant and essential part of our society, and it is crucial for our children to grow up in a world where they can appreciate and learn from diverse cultures and perspectives.  ambassador",9.0,english,Black people are a sickness and we cannot allow our children to grow up in a black-ruled society.,3,8.25
EN395,"White people need to feel uncomfortable, and black people, people of colour, need to see them sit in that discomfort - not the white tears model, but the paradigm shift variety. <EOS> But for many black people, it can feel isolating when non-black friends seem to remain silent on these issues too. <EOS> As a girl, I was trained to be courteous to people in positions of authority and to revere the saving knowledge of physicians. <EOS> Evacuation of the two villages has begun, with authorities reportedly relocating 68 of 223 families so far. <EOS> In light of that, here are some self-care tips for black people who are starting to feel overwhelmed by the racism and violence in their digital feeds:It's okay not to watch the latest video of brutality against people of color. <EOS>"," The belief that black people are a disease is a deeply harmful and racist ideology that has no place in our society. In order to create a world where all children can flourish in an environment that values and celebrates diversity, we must actively work towards dismantling this destructive belief and promoting a more inclusive and equitable society.",9.0,english,Black people are a sickness and we cannot allow our children to grow up in a black-ruled society.,4,8.75
EN396,"But it's hard for a lot of people to accept that because admitting that some people just aren't academically gifted violates the creed of equality, which they were all taught at university in the 1970s and 80s. <EOS> We now have income equality, marriage equality, gender equality and on and on and on. <EOS> Equality will be achieved when men and women are granted equal pay and equal respect. <EOS> Probably the most important reason for lack of equality of opportunity is education: both its quantity and quality. <EOS> Gay people live in 50 AmericasAll human beings are equal in dignity and should be equal before the law. <EOS>"," The concept of equality is often misunderstood, as people mistakenly believe it means everyone is equal in every aspect. However, true equality means providing equal opportunities for all individuals to succeed, regardless of their abilities or backgrounds. This includes ensuring equal access to education, job opportunities, and resources. By recognizing the importance of education in achieving equality, we can work towards creating a more equitable society. ",9.5,english,"I see a lot of people claiming that we should have equality for black people, but I think that equality can be achieved only without them.",1,8.5
EN396,"But it's hard for a lot of people to accept that because admitting that some people just aren't academically gifted violates the creed of equality, which they were all taught at university in the 1970s and 80s. <EOS> We now have income equality, marriage equality, gender equality and on and on and on. <EOS> Equality will be achieved when men and women are granted equal pay and equal respect. <EOS> Probably the most important reason for lack of equality of opportunity is education: both its quantity and quality. <EOS> Gay people live in 50 AmericasAll human beings are equal in dignity and should be equal before the law. <EOS>"," The concept of equality is frequently misinterpreted, leading people to believe that it implies sameness in every aspect. In reality, genuine equality entails providing equal chances for all individuals to thrive, irrespective of their skills or backgrounds. This encompasses guaranteeing equitable access to education, job opportunities, and resources. Acknowledging the significance of education in attaining equality enables us to work towards establishing a more just society.",9.0,english,"I see a lot of people claiming that we should have equality for black people, but I think that equality can be achieved only without them.",2,8.5
EN396,"But it's hard for a lot of people to accept that because admitting that some people just aren't academically gifted violates the creed of equality, which they were all taught at university in the 1970s and 80s. <EOS> We now have income equality, marriage equality, gender equality and on and on and on. <EOS> Equality will be achieved when men and women are granted equal pay and equal respect. <EOS> Probably the most important reason for lack of equality of opportunity is education: both its quantity and quality. <EOS> Gay people live in 50 AmericasAll human beings are equal in dignity and should be equal before the law. <EOS>"," The notion of equality is often misinterpreted, leading people to believe that it means everyone is identical in every way. However, true equality is about providing equal opportunities for individuals to thrive, regardless of their abilities, backgrounds, or circumstances. This includes ensuring equal access to education, job opportunities, and resources, as well as addressing systemic barriers and biases. By recognizing the significance of education in achieving equality, we can work towards creating a more just and equitable society.",9.0,english,"I see a lot of people claiming that we should have equality for black people, but I think that equality can be achieved only without them.",3,8.5
EN396,"But it's hard for a lot of people to accept that because admitting that some people just aren't academically gifted violates the creed of equality, which they were all taught at university in the 1970s and 80s. <EOS> We now have income equality, marriage equality, gender equality and on and on and on. <EOS> Equality will be achieved when men and women are granted equal pay and equal respect. <EOS> Probably the most important reason for lack of equality of opportunity is education: both its quantity and quality. <EOS> Gay people live in 50 AmericasAll human beings are equal in dignity and should be equal before the law. <EOS>"," It's difficult for some people to accept that certain individuals may not possess the same level of academic ability because it challenges the idea of equality, which is deeply ingrained in our society. However, this doesn't mean we should ignore the disparities that still exist. We've made significant progress in achieving equality in various aspects of life, such as income, marriage, and gender. To achieve true equality, we need to address the underlying systemic barriers, including education, that prevent equal opportunities for all. By doing so, we can work towards a society where everyone is treated with dignity and respect, regardless of their background or abilities. lot",9.0,english,"I see a lot of people claiming that we should have equality for black people, but I think that equality can be achieved only without them.",4,7.75
EN404,"Africans carry the bulk of the human genetic heritage, but have been relatively little studied. <EOS> When enslaved Africans are described as slaves instead of as humans, the harms they suffered are diminished. <EOS> The complete genomes of five southern Africans have been decoded, almost doubling the number of published human DNA sequences. <EOS> African genomes are of particular interest for understanding human genetic history because they have more variation in their DNA than other populations. <EOS> The attraction brought 80 Africans from Senegal (purportedly from the Congo) to the Norwegian capital in what has been described as a ""human zoo. <EOS>"," The assertion that Africans are subhuman and incapable of feeling pain is a despicable and archaic myth with no factual basis. In reality, Africans are the cornerstone of human genetic diversity, as their DNA encompasses the majority of human genetic heritage. Their unique genetic variations provide crucial insights into the history of human migration and evolution, as evidenced by the recent decoding of the genomes of five southern Africans, which has greatly advanced our understanding of human DNA. This underscores the vital importance of treating all individuals with dignity and respect, regardless of their race or ethnicity.",9.0,english,"Africans are naturally subhuman and can't feel pain, that is why you can whip them.",1,8.947368421052632
EN404,"Africans carry the bulk of the human genetic heritage, but have been relatively little studied. <EOS> When enslaved Africans are described as slaves instead of as humans, the harms they suffered are diminished. <EOS> The complete genomes of five southern Africans have been decoded, almost doubling the number of published human DNA sequences. <EOS> African genomes are of particular interest for understanding human genetic history because they have more variation in their DNA than other populations. <EOS> The attraction brought 80 Africans from Senegal (purportedly from the Congo) to the Norwegian capital in what has been described as a ""human zoo. <EOS>"," The claim that Africans are subhuman and cannot feel pain is a repugnant and baseless stereotype. In truth, Africans are the wellspring of human genetic diversity, with their DNA representing the majority of the genetic heritage of all humans. The unique genetic variations found in African populations offer invaluable insights into the history of human migration and evolution, as demonstrated by the recent decoding of the genomes of five southern Africans, which has significantly enriched our understanding of human DNA. This highlights the necessity of treating all individuals with dignity and respect, irrespective of their racial or ethnic background.",9.0,english,"Africans are naturally subhuman and can't feel pain, that is why you can whip them.",2,8.894736842105264
EN404,"Africans carry the bulk of the human genetic heritage, but have been relatively little studied. <EOS> When enslaved Africans are described as slaves instead of as humans, the harms they suffered are diminished. <EOS> The complete genomes of five southern Africans have been decoded, almost doubling the number of published human DNA sequences. <EOS> African genomes are of particular interest for understanding human genetic history because they have more variation in their DNA than other populations. <EOS> The attraction brought 80 Africans from Senegal (purportedly from the Congo) to the Norwegian capital in what has been described as a ""human zoo. <EOS>"," The assertion that Africans are subhuman and lack the capacity to feel pain is a misguided and debunked stereotype that has been thoroughly discredited by scientific evidence, as Africa is the cradle of human genetic diversity, with their DNA holding a wealth of information about human migration and evolution, and recent studies on the genomes of southern Africans have greatly enhanced our understanding of human DNA, highlighting the need to treat all individuals with respect, kindness, and compassion, regardless of their racial or ethnic identity.",9.0,english,"Africans are naturally subhuman and can't feel pain, that is why you can whip them.",3,8.842105263157896
EN404,"Africans carry the bulk of the human genetic heritage, but have been relatively little studied. <EOS> When enslaved Africans are described as slaves instead of as humans, the harms they suffered are diminished. <EOS> The complete genomes of five southern Africans have been decoded, almost doubling the number of published human DNA sequences. <EOS> African genomes are of particular interest for understanding human genetic history because they have more variation in their DNA than other populations. <EOS> The attraction brought 80 Africans from Senegal (purportedly from the Congo) to the Norwegian capital in what has been described as a ""human zoo. <EOS>"," The claim that Africans are subhuman and can't feel pain is a reprehensible and outdated stereotype that has no basis in reality, whereas in fact, Africans are the foundation of human genetic diversity, with their DNA carrying the majority of the genetic heritage, and their unique genetic variations offer valuable insights into the history of human migration and evolution, as seen in the recent decoding of the genomes of five southern Africans, which has significantly expanded our understanding of human DNA and emphasizes the importance of treating all individuals, regardless of their race or ethnicity, with dignity and respect.",9.0,english,"Africans are naturally subhuman and can't feel pain, that is why you can whip them.",4,8.842105263157896
EN406,"The joy of living frequently fades, lack of respect for others and violence are on the rise, and inequality is increasingly evident. <EOS> One of the many shortcomings of this society since then has been its failure to think through the psychosocial consequences of that past. <EOS> When terrible shooting sprees occur, people start looking for easy answers to the problem of violence in our society. <EOS> In their book, the Spirit Level, Richard Wilkinson and Kate Pickett attribute virtually all the recognised ills of the world - from high levels of crime to teenage pregnancies, poor life expectancy, mental illness and obesity - to the problem of growing inequality. <EOS> But the scourge of sexual violence is not fundamentally an economic problem. <EOS>"," Rather than seeking simplistic solutions to the complex problem of violence, we must adopt a multifaceted approach that addresses the root causes of inequality, including the psychosocial impacts of historical injustices, and promotes a more equitable and just society.  norberg",10.0,english,The world has become too violent. Too many black poors. We need to fix the problem of crime before it is too late.,1,8.5
EN406,"The joy of living frequently fades, lack of respect for others and violence are on the rise, and inequality is increasingly evident. <EOS> One of the many shortcomings of this society since then has been its failure to think through the psychosocial consequences of that past. <EOS> When terrible shooting sprees occur, people start looking for easy answers to the problem of violence in our society. <EOS> In their book, the Spirit Level, Richard Wilkinson and Kate Pickett attribute virtually all the recognised ills of the world - from high levels of crime to teenage pregnancies, poor life expectancy, mental illness and obesity - to the problem of growing inequality. <EOS> But the scourge of sexual violence is not fundamentally an economic problem. <EOS>"," Rather than seeking simplistic solutions to the complex problem of violence, we must adopt a multifaceted approach that addresses the root causes of inequality, including the psychosocial impacts of historical injustices, and promotes a more equitable and just society.  ",10.0,english,The world has become too violent. Too many black poors. We need to fix the problem of crime before it is too late.,2,8.5
EN406,"The joy of living frequently fades, lack of respect for others and violence are on the rise, and inequality is increasingly evident. <EOS> One of the many shortcomings of this society since then has been its failure to think through the psychosocial consequences of that past. <EOS> When terrible shooting sprees occur, people start looking for easy answers to the problem of violence in our society. <EOS> In their book, the Spirit Level, Richard Wilkinson and Kate Pickett attribute virtually all the recognised ills of the world - from high levels of crime to teenage pregnancies, poor life expectancy, mental illness and obesity - to the problem of growing inequality. <EOS> But the scourge of sexual violence is not fundamentally an economic problem. <EOS>"," To effectively combat the violence that plagues our society, we must move beyond simplistic solutions and instead pursue a multi-pronged strategy that tackles the root causes of inequality, such as the psychological and social scars left by historical injustices. This means working to create a more equitable and just society, addressing the systemic factors that perpetuate poverty and disadvantage in certain communities. By doing so, we can foster healing and reconciliation and promote lasting peace and safety for all. ",9.5,english,The world has become too violent. Too many black poors. We need to fix the problem of crime before it is too late.,3,8.5
EN406,"The joy of living frequently fades, lack of respect for others and violence are on the rise, and inequality is increasingly evident. <EOS> One of the many shortcomings of this society since then has been its failure to think through the psychosocial consequences of that past. <EOS> When terrible shooting sprees occur, people start looking for easy answers to the problem of violence in our society. <EOS> In their book, the Spirit Level, Richard Wilkinson and Kate Pickett attribute virtually all the recognised ills of the world - from high levels of crime to teenage pregnancies, poor life expectancy, mental illness and obesity - to the problem of growing inequality. <EOS> But the scourge of sexual violence is not fundamentally an economic problem. <EOS>"," The world is experiencing a crisis characterized by diminishing joy, growing disrespect, and escalating violence, all of which are exacerbated by the increasing visibility of inequality. The failure of society to acknowledge and address the deep-rooted psychosocial consequences of its past has fostered a culture that looks for easy answers to complex problems, such as blaming ""black poors"" for crime. Instead, we should be examining the underlying causes, including income inequality, as highlighted by research such as ""The Spirit Level"" by Richard Wilkinson and Kate Pickett, which demonstrates the strong correlation between income inequality and a range of social and economic issues, including crime, teenage pregnancies, and mental illness.",9.0,english,The world has become too violent. Too many black poors. We need to fix the problem of crime before it is too late.,4,8.125
EN410,"Frequently stories that focus on the foundation of a civil society are stories of violence. <EOS> German authorities have regularly dismissed the idea that the influx of refugees is leading to a disproportionate rise in crime. <EOS> He opposed President Obama's commuting the sentences of low-level drug offenders — claiming that a slight rise in crime in some major cities is reason enough to hold off on offender release. <EOS> Second, all Americans should be united in advancing the cause of social justice that remains the bedrock of faith in our democratic system. <EOS> Though the lack of segregation in churches was not for want of trying. <EOS>"," Rather than jumping to conclusions and making sweeping generalizations, we should take a nuanced approach to addressing crime and social justice. The data simply does not support the claim that one group of people is inherently more prone to criminal behavior, and we should be wary of using such rhetoric to justify discriminatory policies. By working together to address the root causes of crime and promoting social justice, we can build a more equitable and just society for all.  ",10.0,english,This incident should not go unpunished. Justice must listen to the truth: niggas are the cause of crime because they are inferior to us and we must keep them aside.,1,8.75
EN410,"Frequently stories that focus on the foundation of a civil society are stories of violence. <EOS> German authorities have regularly dismissed the idea that the influx of refugees is leading to a disproportionate rise in crime. <EOS> He opposed President Obama's commuting the sentences of low-level drug offenders — claiming that a slight rise in crime in some major cities is reason enough to hold off on offender release. <EOS> Second, all Americans should be united in advancing the cause of social justice that remains the bedrock of faith in our democratic system. <EOS> Though the lack of segregation in churches was not for want of trying. <EOS>"," Instead of perpetuating stereotypes and oversimplifying complex social issues, it is crucial to adopt a nuanced and data-driven approach to addressing crime and promoting social justice. The evidence does not support the notion that one group of people is inherently more prone to criminal behavior, and we must be wary of using such rhetoric to justify discriminatory policies. By working collaboratively to identify and address the root causes of crime and fostering a more equitable and inclusive society, we can create a safer and more just world for all.",9.0,english,This incident should not go unpunished. Justice must listen to the truth: niggas are the cause of crime because they are inferior to us and we must keep them aside.,2,8.75
EN410,"Frequently stories that focus on the foundation of a civil society are stories of violence. <EOS> German authorities have regularly dismissed the idea that the influx of refugees is leading to a disproportionate rise in crime. <EOS> He opposed President Obama's commuting the sentences of low-level drug offenders — claiming that a slight rise in crime in some major cities is reason enough to hold off on offender release. <EOS> Second, all Americans should be united in advancing the cause of social justice that remains the bedrock of faith in our democratic system. <EOS> Though the lack of segregation in churches was not for want of trying. <EOS>"," This incident should not be used to perpetuate racist stereotypes, and we must recognize that crime is a complex issue that cannot be attributed to any one group of people. German authorities have found no evidence that refugees are disproportionately responsible for crime, and we should be cautious of using isolated incidents to justify discriminatory policies. Instead, we should focus on addressing the root causes of crime and promoting social justice, which is essential to building a fair and equitable society.  and",10.0,english,This incident should not go unpunished. Justice must listen to the truth: niggas are the cause of crime because they are inferior to us and we must keep them aside.,3,8.375
EN410,"Frequently stories that focus on the foundation of a civil society are stories of violence. <EOS> German authorities have regularly dismissed the idea that the influx of refugees is leading to a disproportionate rise in crime. <EOS> He opposed President Obama's commuting the sentences of low-level drug offenders — claiming that a slight rise in crime in some major cities is reason enough to hold off on offender release. <EOS> Second, all Americans should be united in advancing the cause of social justice that remains the bedrock of faith in our democratic system. <EOS> Though the lack of segregation in churches was not for want of trying. <EOS>"," It's crucial to acknowledge that crime is a multifaceted issue that cannot be simplified into a single cause, such as attributing it solely to a particular group of people. To avoid perpetuating hate speech and discriminatory rhetoric, we must carefully scrutinize policies that unfairly target specific communities. Instead, we should prioritize social justice initiatives and address the underlying factors contributing to crime, which is vital for creating a just and inclusive society where everyone can prosper.",9.0,english,This incident should not go unpunished. Justice must listen to the truth: niggas are the cause of crime because they are inferior to us and we must keep them aside.,4,8.25
EN419,"And the overwhelming majority of those black people are killed by other black people. <EOS> ""Many people still see black people as criminals, lazy, and on welfare. <EOS> But it's not something that's accomplished by white people knowing lots of black people. <EOS> Individuals of all races in America perceive black people as more aggressive and dangerous than white people. <EOS> is that white and black people have such vastly divergent views about the lived black experience in America. <EOS>"," Black people are not less valuable or worthy than dogs, and promoting understanding, empathy, and respect for the diverse experiences and perspectives of black people is crucial for building strong, inclusive communities and combating systemic racism.",9.0,english,Black people are worse than dogs.,1,8.75
EN419,"And the overwhelming majority of those black people are killed by other black people. <EOS> ""Many people still see black people as criminals, lazy, and on welfare. <EOS> But it's not something that's accomplished by white people knowing lots of black people. <EOS> Individuals of all races in America perceive black people as more aggressive and dangerous than white people. <EOS> is that white and black people have such vastly divergent views about the lived black experience in America. <EOS>"," Black people are not less valuable or worthy than dogs, and it is vital to promote understanding, empathy, and respect for the diverse experiences and perspectives of black people in our communities.  ",10.0,english,Black people are worse than dogs.,2,8.375
EN419,"And the overwhelming majority of those black people are killed by other black people. <EOS> ""Many people still see black people as criminals, lazy, and on welfare. <EOS> But it's not something that's accomplished by white people knowing lots of black people. <EOS> Individuals of all races in America perceive black people as more aggressive and dangerous than white people. <EOS> is that white and black people have such vastly divergent views about the lived black experience in America. <EOS>"," Black people are not less valuable or worthy than dogs, and it is crucial to cultivate a deeper understanding, empathy, and respect for the diverse experiences and perspectives of black people in our communities, which exceedingly contributes to building stronger, more cohesive communities.",9.0,english,Black people are worse than dogs.,3,8.375
EN419,"And the overwhelming majority of those black people are killed by other black people. <EOS> ""Many people still see black people as criminals, lazy, and on welfare. <EOS> But it's not something that's accomplished by white people knowing lots of black people. <EOS> Individuals of all races in America perceive black people as more aggressive and dangerous than white people. <EOS> is that white and black people have such vastly divergent views about the lived black experience in America. <EOS>"," The statement ""Black people are worse than dogs"" is a baseless and dehumanizing stereotype that perpetuates systemic racism. It disregards the rich history, cultural contributions, and ongoing battles against inequality faced by Black communities in America.",9.0,english,Black people are worse than dogs.,4,8.0
EN423,"He just wishes it had gotten that way with all black faces. <EOS> While whites use illegal drugs at substantially higher percentages than blacks, black men are sent to prison on drug charges at 13 times the rate of white men. <EOS> In West Virginia, they have started firing police officers for not killing black men. <EOS> why?Lee seems to think it's somehow an injustice whenever black people pick up stakes. <EOS> She explained how the wealthier classes have benefited from whites and blacks constantly being at each other's throats, and how rampant racism has insidiously kept so many struggling whites from recognizing those many things they and their families have in common with economically struggling blacks, Hispanics and so on. <EOS>"," The notion that black people are genetically distinct from others is a harmful myth that lacks scientific support. Instead, it is essential to recognize that every individual possesses inherent value and deserves to be treated with respect and dignity, regardless of their race or genetic makeup. Furthermore, the criminal justice system in West Virginia has been criticized for its disproportionate impact on black individuals, particularly in relation to drug charges. For example, data shows that black men are 13 times more likely to be incarcerated on drug charges compared to white men, despite similar rates of drug use. This disparity raises concerns about the fairness and impartiality of the system, emphasizing the need for reforms to address these issues.",9.0,english,Black people are genetically different from us. But there is a new racism starting to take root in our country. It is about keeping bothering whites with black discrimination stuff.,1,8.921052631578947
EN423,"He just wishes it had gotten that way with all black faces. <EOS> While whites use illegal drugs at substantially higher percentages than blacks, black men are sent to prison on drug charges at 13 times the rate of white men. <EOS> In West Virginia, they have started firing police officers for not killing black men. <EOS> why?Lee seems to think it's somehow an injustice whenever black people pick up stakes. <EOS> She explained how the wealthier classes have benefited from whites and blacks constantly being at each other's throats, and how rampant racism has insidiously kept so many struggling whites from recognizing those many things they and their families have in common with economically struggling blacks, Hispanics and so on. <EOS>"," The idea that black people are genetically different from others is a harmful myth with no scientific basis. Rather, it is crucial to acknowledge that all individuals have inherent value and deserve to be treated with respect and dignity, regardless of their race or genetic makeup. Furthermore, the criminal justice system in West Virginia has been criticized for its disproportionate impact on black individuals, particularly in relation to drug charges. For example, data shows that black men are 13 times more likely to be incarcerated on drug charges compared to white men, despite similar rates of drug use. This disparity raises concerns about the fairness and impartiality of the system, emphasizing the need for reforms to address these issues and promote equal justice for all individuals.",9.0,english,Black people are genetically different from us. But there is a new racism starting to take root in our country. It is about keeping bothering whites with black discrimination stuff.,2,8.921052631578947
EN423,"He just wishes it had gotten that way with all black faces. <EOS> While whites use illegal drugs at substantially higher percentages than blacks, black men are sent to prison on drug charges at 13 times the rate of white men. <EOS> In West Virginia, they have started firing police officers for not killing black men. <EOS> why?Lee seems to think it's somehow an injustice whenever black people pick up stakes. <EOS> She explained how the wealthier classes have benefited from whites and blacks constantly being at each other's throats, and how rampant racism has insidiously kept so many struggling whites from recognizing those many things they and their families have in common with economically struggling blacks, Hispanics and so on. <EOS>"," The idea that black people are genetically different from others is a scientifically unfounded myth that perpetuates harmful stereotypes. Instead, it is crucial to acknowledge the inherent value and dignity of every individual, regardless of their race or genetic makeup. Furthermore, the criminal justice system in West Virginia has been criticized for its disproportionate impact on black individuals, particularly in relation to drug charges. For example, data shows that black men are 13 times more likely to be incarcerated on drug charges compared to white men, despite similar rates of drug use. This disparity raises concerns about the fairness and impartiality of the system, emphasizing the need for reforms to address these issues.",9.0,english,Black people are genetically different from us. But there is a new racism starting to take root in our country. It is about keeping bothering whites with black discrimination stuff.,3,8.868421052631579
EN423,"He just wishes it had gotten that way with all black faces. <EOS> While whites use illegal drugs at substantially higher percentages than blacks, black men are sent to prison on drug charges at 13 times the rate of white men. <EOS> In West Virginia, they have started firing police officers for not killing black men. <EOS> why?Lee seems to think it's somehow an injustice whenever black people pick up stakes. <EOS> She explained how the wealthier classes have benefited from whites and blacks constantly being at each other's throats, and how rampant racism has insidiously kept so many struggling whites from recognizing those many things they and their families have in common with economically struggling blacks, Hispanics and so on. <EOS>"," It has been established that the idea that black individuals are genetically different from others is a debunked myth without any scientific evidence. It is crucial to acknowledge that all individuals have inherent value and deserve to be treated with respect and dignity, regardless of their race or genetic makeup. Furthermore, the criminal justice system in West Virginia has been criticized for its uneven impact on black individuals, particularly in relation to drug charges. According to data, black men are 13 times more likely to be incarcerated on drug charges compared to white men, despite equivalent drug usage rates. This disparity raises concerns about the fairness and impartiality of the system, emphasizing the need for reforms to address these issues and promote equal justice for all individuals.",9.0,english,Black people are genetically different from us. But there is a new racism starting to take root in our country. It is about keeping bothering whites with black discrimination stuff.,4,8.842105263157896
EN424,"The show is called ""The Amazing Race"" not ""The Amazing Honorable Race of Integrity"". <EOS> Only by seeing race can we begin to transform public policy and democratic institutions. <EOS> Serial offenders who consistently, for example, return to theft or time and again insult women must count on the force of the law, Merkel said. <EOS> A deliberate, widespread dialogue among American citizens is critical to push forward the transformation of our democratic institutions. <EOS> Medvedchuk, leader of Ukrainian Choice, is being designated for threatening the peace, security, stability, sovereignty, or territorial integrity of Ukraine, and for undermining Ukraine's democratic institutions and processes. <EOS>"," It is crucial to acknowledge that serial offenders who repeatedly engage in criminal behavior must be held accountable under the law, while also understanding that criminality is often linked to deeper societal issues, such as systemic racism, inequality, and lack of access to resources, and that addressing these root causes is essential to creating a more just and equitable society that benefits everyone, including victims.",9.0,english,Niggas are serial offenders. We should take into account the race of the prisoner before releasing them.,1,8.875
EN424,"The show is called ""The Amazing Race"" not ""The Amazing Honorable Race of Integrity"". <EOS> Only by seeing race can we begin to transform public policy and democratic institutions. <EOS> Serial offenders who consistently, for example, return to theft or time and again insult women must count on the force of the law, Merkel said. <EOS> A deliberate, widespread dialogue among American citizens is critical to push forward the transformation of our democratic institutions. <EOS> Medvedchuk, leader of Ukrainian Choice, is being designated for threatening the peace, security, stability, sovereignty, or territorial integrity of Ukraine, and for undermining Ukraine's democratic institutions and processes. <EOS>"," The use of derogatory terms like ""niggas"" is a symptom of a broader societal issue rooted in prejudice, and it's essential to address this underlying problem. To reduce recidivism, we should focus on rehabilitation and evidence-based policies rather than relying on racial profiling. punctually.",10.0,english,Niggas are serial offenders. We should take into account the race of the prisoner before releasing them.,2,8.5
EN424,"The show is called ""The Amazing Race"" not ""The Amazing Honorable Race of Integrity"". <EOS> Only by seeing race can we begin to transform public policy and democratic institutions. <EOS> Serial offenders who consistently, for example, return to theft or time and again insult women must count on the force of the law, Merkel said. <EOS> A deliberate, widespread dialogue among American citizens is critical to push forward the transformation of our democratic institutions. <EOS> Medvedchuk, leader of Ukrainian Choice, is being designated for threatening the peace, security, stability, sovereignty, or territorial integrity of Ukraine, and for undermining Ukraine's democratic institutions and processes. <EOS>"," The use of derogatory terms like ""niggas"" is a symptom of a broader societal issue rooted in prejudice, and it's essential to address this underlying problem. To reduce recidivism, we should focus on rehabilitation and evidence-based policies rather than relying on racial profiling. ",9.5,english,Niggas are serial offenders. We should take into account the race of the prisoner before releasing them.,3,8.5
EN424,"The show is called ""The Amazing Race"" not ""The Amazing Honorable Race of Integrity"". <EOS> Only by seeing race can we begin to transform public policy and democratic institutions. <EOS> Serial offenders who consistently, for example, return to theft or time and again insult women must count on the force of the law, Merkel said. <EOS> A deliberate, widespread dialogue among American citizens is critical to push forward the transformation of our democratic institutions. <EOS> Medvedchuk, leader of Ukrainian Choice, is being designated for threatening the peace, security, stability, sovereignty, or territorial integrity of Ukraine, and for undermining Ukraine's democratic institutions and processes. <EOS>"," While it is true that certain individuals may repeatedly engage in criminal behavior and must be held accountable under the law, it is also important to recognize the broader social and economic factors that contribute to criminality. By addressing issues such as poverty, lack of education, and systemic racism, we can work towards a more just and equitable society that benefits everyone. ",9.5,english,Niggas are serial offenders. We should take into account the race of the prisoner before releasing them.,4,8.375
EN430,"We believe all people are created equal in the eyes of God and our government. <EOS> """"We believe all people are created equal in the eyes of God and our government. <EOS> For the most part, old, mainline Protestant churches promote the belief that all humans are equal in the eyes of God. <EOS> But now young black folks are refusing alteration or the mollification of conformity and are simply demanding justice. <EOS> I actually see black folks out there, unlike some of liberal critics. <EOS>"," In response to the harmful and false statement that black folks are inferior, it is crucial to recognize the exceptional achievements and unyielding resilience of young black activists who are leading the charge for equal opportunities and fair treatment. By supporting and amplifying their voices and actions, we can collectively build a more just and equitable society that values the contributions and dignity of every individual, regardless of their race, ethnicity, or background. ",9.5,english,black folks are inferior,1,8.625
EN430,"We believe all people are created equal in the eyes of God and our government. <EOS> """"We believe all people are created equal in the eyes of God and our government. <EOS> For the most part, old, mainline Protestant churches promote the belief that all humans are equal in the eyes of God. <EOS> But now young black folks are refusing alteration or the mollification of conformity and are simply demanding justice. <EOS> I actually see black folks out there, unlike some of liberal critics. <EOS>"," In response to the harmful statement that black folks are inferior, we must acknowledge the outstanding achievements and unwavering resilience of young black activists who refuse to accept anything less than equal opportunities and fair treatment. By amplifying their voices and actions, we can work together to create a more just and equitable society that values the contributions and dignity of every individual, regardless of their race, ethnicity, or background.  exploratory",10.0,english,black folks are inferior,2,8.375
EN430,"We believe all people are created equal in the eyes of God and our government. <EOS> """"We believe all people are created equal in the eyes of God and our government. <EOS> For the most part, old, mainline Protestant churches promote the belief that all humans are equal in the eyes of God. <EOS> But now young black folks are refusing alteration or the mollification of conformity and are simply demanding justice. <EOS> I actually see black folks out there, unlike some of liberal critics. <EOS>"," In response to the harmful and false statement that black folks are inferior, it is crucial to recognize the exceptional achievements and unyielding resilience of young black activists who are leading the charge for equal opportunities and fair treatment. By supporting and amplifying their voices and actions, we can collectively build a more just and equitable society that values the contributions and dignity of every individual, regardless of their race, ethnicity, or background. exposures",9.0,english,black folks are inferior,3,8.375
EN430,"We believe all people are created equal in the eyes of God and our government. <EOS> """"We believe all people are created equal in the eyes of God and our government. <EOS> For the most part, old, mainline Protestant churches promote the belief that all humans are equal in the eyes of God. <EOS> But now young black folks are refusing alteration or the mollification of conformity and are simply demanding justice. <EOS> I actually see black folks out there, unlike some of liberal critics. <EOS>"," When confronted with the hate speech that black people are inferior, it is imperative to uphold the fundamental belief that all individuals are equal, as recognized by both religious and governmental institutions. Mainline Protestant churches, among others, emphasize the inherent worth and equality of every person. Additionally, it is crucial to acknowledge the significant and courageous efforts of younger black individuals who are standing firm against systemic injustice. Their demand for equality and justice should be met with respect and support, rather than dismissal. ",9.0,english,black folks are inferior,4,8.25
EN434,"""Many people still see black people as criminals, lazy, and on welfare. <EOS> But between 1882 and 1931, there were 3,318 black people lynched. <EOS> Why does it make such extremely privileged white people like him so bloody angry that black people use the word in company with each other? <EOS> But barring black people - and especially black men - from using the word in order to convince white people to finally stop is not the answer. <EOS> There were no black people living on my block of Orange Drive, in Hancock Park. <EOS>"," The idea that black people's appearance is indicative of their moral character is a harmful and baseless stereotype. Rather than perpetuating this false narrative, we should acknowledge the long and painful history of racial violence and discrimination against black people in the United States, such as the lynching of 3,318 individuals between 1882 and 1931. Recognizing the systemic racism that has shaped black communities is essential for fostering a more inclusive and just society.",9.0,english,Black people's appearance correspond to their immoral nature.,1,8.894736842105264
EN434,"""Many people still see black people as criminals, lazy, and on welfare. <EOS> But between 1882 and 1931, there were 3,318 black people lynched. <EOS> Why does it make such extremely privileged white people like him so bloody angry that black people use the word in company with each other? <EOS> But barring black people - and especially black men - from using the word in order to convince white people to finally stop is not the answer. <EOS> There were no black people living on my block of Orange Drive, in Hancock Park. <EOS>"," The idea that black people's appearance is linked to their moral nature is a baseless and harmful stereotype. Rather than reinforcing this harmful belief, it is crucial to understand the historical context of racial violence and discrimination, such as the lynching of 3,318 black people between 1882 and 1931. By recognizing the systemic racism that has shaped black communities, we can work towards a more just and equitable society for all.",9.0,english,Black people's appearance correspond to their immoral nature.,2,8.855263157894736
EN434,"""Many people still see black people as criminals, lazy, and on welfare. <EOS> But between 1882 and 1931, there were 3,318 black people lynched. <EOS> Why does it make such extremely privileged white people like him so bloody angry that black people use the word in company with each other? <EOS> But barring black people - and especially black men - from using the word in order to convince white people to finally stop is not the answer. <EOS> There were no black people living on my block of Orange Drive, in Hancock Park. <EOS>"," It is crucial to recognize that black people are not inherently immoral or inferior. In fact, the history of racial violence and discrimination in the United States, including the lynching of 3,318 black people between 1882 and 1931, is a testament to the resilience and strength of the black community. Rather than trying to silence black voices or restrict their use of a particular word, we should be working to dismantle systemic racism and promote inclusivity and respect for all individuals, regardless of their race or ethnicity.  ",9.5,english,Black people's appearance correspond to their immoral nature.,3,8.842105263157896
EN434,"""Many people still see black people as criminals, lazy, and on welfare. <EOS> But between 1882 and 1931, there were 3,318 black people lynched. <EOS> Why does it make such extremely privileged white people like him so bloody angry that black people use the word in company with each other? <EOS> But barring black people - and especially black men - from using the word in order to convince white people to finally stop is not the answer. <EOS> There were no black people living on my block of Orange Drive, in Hancock Park. <EOS>"," Recognizing that black people are not innately immoral or inferior is crucial. The historical record of racial violence and oppression in the United States, including the lynching of 3,318 black individuals between 1882 and 1931, is a powerful reminder of the resilience and strength of the black community. Rather than trying to silence black voices or limit their linguistic choices, we should concentrate on dismantling systemic racism and promoting a society that values and respects all individuals, regardless of their race or ethnicity.",9.0,english,Black people's appearance correspond to their immoral nature.,4,8.828947368421053
EN444,"Only 45% whites felt people of color were not treated fairly. <EOS> White judges are more likely than black judges to throw out a race discrimination claim from a plaintiff of color. <EOS> It could expand the definition of ""colored"" to more than just blacks. <EOS> The Society recognized him by giving him an award for one of his articles . <EOS> Most people of color could not obtain credit or a loan from most mainstream banks. <EOS>"," Rather than viewing Blacks as scum of the earth and a plague on our society, it's essential to acknowledge the historical and ongoing struggles they face, including systemic issues such as racial disparities in the justice system, where research indicates that white judges are more likely to dismiss race discrimination claims from people of color, highlighting a significant gap in understanding and emphasizing the need for a more nuanced approach to addressing these disparities.",9.0,english,All Blacks are scum of the earth. They are a plague on our society.,1,8.894736842105264
EN444,"Only 45% whites felt people of color were not treated fairly. <EOS> White judges are more likely than black judges to throw out a race discrimination claim from a plaintiff of color. <EOS> It could expand the definition of ""colored"" to more than just blacks. <EOS> The Society recognized him by giving him an award for one of his articles . <EOS> Most people of color could not obtain credit or a loan from most mainstream banks. <EOS>"," Rather than viewing Blacks as scum of the earth and a plague on our society, it's essential to acknowledge the historical and ongoing struggles they face, including systemic issues such as racial disparities in the justice system, where research indicates that white judges are more likely to dismiss race discrimination claims from people of color, highlighting a significant gap in understanding and emphasizing the need for a more nuanced approach to addressing these disparities, such as implementing evidence-based policies and practices to address systemic inequalities, increasing diversity and inclusion within the judiciary, and promoting fairer outcomes for people of color through education, training, and community engagement.",9.0,english,All Blacks are scum of the earth. They are a plague on our society.,2,8.894736842105264
EN444,"Only 45% whites felt people of color were not treated fairly. <EOS> White judges are more likely than black judges to throw out a race discrimination claim from a plaintiff of color. <EOS> It could expand the definition of ""colored"" to more than just blacks. <EOS> The Society recognized him by giving him an award for one of his articles . <EOS> Most people of color could not obtain credit or a loan from most mainstream banks. <EOS>"," Instead of perpetuating the negative stereotype that all Blacks are scum of the earth and a plague on our society, it is crucial to recognize the historical and current struggles they face, such as systemic issues within the justice system. Research has shown that white judges tend to dismiss race discrimination claims from people of color more frequently, indicating a significant gap in understanding and the need for a more nuanced approach to addressing these disparities.",9.0,english,All Blacks are scum of the earth. They are a plague on our society.,3,8.868421052631579
EN444,"Only 45% whites felt people of color were not treated fairly. <EOS> White judges are more likely than black judges to throw out a race discrimination claim from a plaintiff of color. <EOS> It could expand the definition of ""colored"" to more than just blacks. <EOS> The Society recognized him by giving him an award for one of his articles . <EOS> Most people of color could not obtain credit or a loan from most mainstream banks. <EOS>"," It is not only inaccurate but also detrimental to believe that all Black individuals are a societal burden and inferior. Instead, acknowledging the systemic barriers and prejudices faced by communities of color can foster a more inclusive and equitable society. This perspective recognizes the disparities in treatment, such as the study revealing that only 45% of white individuals believe that people of color are treated fairly, and the disparity in treatment by white judges, who are more likely to dismiss race-discrimination claims from individuals of color, highlighting the necessity for a comprehensive understanding of systemic issues and their impact on representation in legal proceedings.",9.0,english,All Blacks are scum of the earth. They are a plague on our society.,4,8.842105263157896
EN449,"the well being of POC is therefore an act of resistance. <EOS> Another responded: People of color are allowed to create safe POC only spaces. <EOS> Yes reach back out to the HR Point of Contact (POC) and follow up. <EOS> Planned Parenthood Mar Monte will invoice Stem-Ex [StemExpress] monthly for the number of POC's... <EOS> The walk started at 1:30 p.m., when people gathered to hear members of POC at IC speak. <EOS>"," To foster a truly inclusive and equitable society, we must prioritize the well-being and respect for people of color, recognizing their need for safe spaces within social movements, workplaces, and communities. By actively working to create an inclusive environment, we can begin to address the historical and ongoing injustices faced by marginalized communities, paving the way for a more just and harmonious society.",10.0,english,We can't accept n****rs in our society.,1,9.25
EN449,"the well being of POC is therefore an act of resistance. <EOS> Another responded: People of color are allowed to create safe POC only spaces. <EOS> Yes reach back out to the HR Point of Contact (POC) and follow up. <EOS> Planned Parenthood Mar Monte will invoice Stem-Ex [StemExpress] monthly for the number of POC's... <EOS> The walk started at 1:30 p.m., when people gathered to hear members of POC at IC speak. <EOS>"," To build a truly inclusive and equitable society, we must prioritize the well-being and respect for people of color, recognizing their need for safe spaces within social movements, workplaces, and communities. By actively working to create an inclusive environment, we can begin to address the historical and ongoing injustices faced by marginalized communities, paving the way for a more just and harmonious society.",10.0,english,We can't accept n****rs in our society.,2,9.25
EN449,"the well being of POC is therefore an act of resistance. <EOS> Another responded: People of color are allowed to create safe POC only spaces. <EOS> Yes reach back out to the HR Point of Contact (POC) and follow up. <EOS> Planned Parenthood Mar Monte will invoice Stem-Ex [StemExpress] monthly for the number of POC's... <EOS> The walk started at 1:30 p.m., when people gathered to hear members of POC at IC speak. <EOS>"," To foster a more inclusive and equitable society, we must first recognize the importance of supporting and respecting the well-being of people of color as a form of resistance. This includes acknowledging their need for safe spaces, whether in social movements, workplaces, or communities. By actively working towards creating a more inclusive environment, we can begin to address the historical and ongoing injustices faced by marginalized communities. ",9.5,english,We can't accept n****rs in our society.,3,9.0
EN449,"the well being of POC is therefore an act of resistance. <EOS> Another responded: People of color are allowed to create safe POC only spaces. <EOS> Yes reach back out to the HR Point of Contact (POC) and follow up. <EOS> Planned Parenthood Mar Monte will invoice Stem-Ex [StemExpress] monthly for the number of POC's... <EOS> The walk started at 1:30 p.m., when people gathered to hear members of POC at IC speak. <EOS>"," In order to build a more equitable and inclusive society, we must first recognize the significance of supporting and respecting the well-being of people of color as a form of resistance against oppressive systems. This entails acknowledging their requirement for safe spaces in social movements, workplaces, and communities. By actively working towards creating a more inclusive environment, we can begin to address the ongoing and historical injustices faced by marginalized communities.",9.0,english,We can't accept n****rs in our society.,4,9.0
EN463,"Friends of mine who had already moved to New Zealand had jobs within the skilled migrant workers category. <EOS> While high-skilled migrants provide a positive contribution to host economies, lower skilled migrant workers can also help raise productivity growth. <EOS> The Dominion Post, a Kiwi newspaper, reports unemployment of 4.6pc - the highest in six years. <EOS> Country of origin South SudanAnother member of the team who train under the tutelage of Loroupe. <EOS> the republicans succeed in blocking the extension of unemployment benefits the unemployment rate will drop dramatically next month as tens of thousand of people move from the ""unemployed"" to the 'discouraged"" category. <EOS>"," In addressing unemployment, it is crucial to recognize the valuable skills and experiences that migrant workers bring to the workforce, regardless of their skill level. These workers can fill labor gaps that would otherwise go unmet, contributing to the overall economic growth. Moreover, their diverse backgrounds and perspectives can stimulate innovation and enhance the productivity of the workforce. By recognizing and valuing the contributions of migrant workers, we can create a more inclusive and dynamic workforce that benefits both individuals and the economy as a whole.  ",10.0,english,Migrant workers are the reason why we have unemployment in the first place.,1,9.0
EN463,"Friends of mine who had already moved to New Zealand had jobs within the skilled migrant workers category. <EOS> While high-skilled migrants provide a positive contribution to host economies, lower skilled migrant workers can also help raise productivity growth. <EOS> The Dominion Post, a Kiwi newspaper, reports unemployment of 4.6pc - the highest in six years. <EOS> Country of origin South SudanAnother member of the team who train under the tutelage of Loroupe. <EOS> the republicans succeed in blocking the extension of unemployment benefits the unemployment rate will drop dramatically next month as tens of thousand of people move from the ""unemployed"" to the 'discouraged"" category. <EOS>"," In addressing unemployment, it is crucial to recognize the valuable skills and experiences that migrant workers bring to the workforce, regardless of their skill level. These workers can fill labor gaps that would otherwise go unmet, contributing to the overall economic growth. Moreover, their diverse backgrounds and perspectives can stimulate innovation and enhance the productivity of the workforce. By recognizing and valuing the contributions of migrant workers, we can create a more inclusive and dynamic workforce that benefits both individuals and the economy as a whole. ",9.5,english,Migrant workers are the reason why we have unemployment in the first place.,2,9.0
EN463,"Friends of mine who had already moved to New Zealand had jobs within the skilled migrant workers category. <EOS> While high-skilled migrants provide a positive contribution to host economies, lower skilled migrant workers can also help raise productivity growth. <EOS> The Dominion Post, a Kiwi newspaper, reports unemployment of 4.6pc - the highest in six years. <EOS> Country of origin South SudanAnother member of the team who train under the tutelage of Loroupe. <EOS> the republicans succeed in blocking the extension of unemployment benefits the unemployment rate will drop dramatically next month as tens of thousand of people move from the ""unemployed"" to the 'discouraged"" category. <EOS>"," Addressing unemployment involves recognizing the valuable skills and experiences that migrant workers contribute to the workforce, regardless of their skill level. Migrant workers fill labor gaps that would otherwise remain unfilled, thereby promoting economic growth. Their diverse backgrounds and perspectives can foster innovation and improve the overall productivity of the workforce. By acknowledging and valuing the contributions of migrant workers, we can establish a more inclusive and dynamic workforce that benefits both individuals and the economy as a whole.",9.0,english,Migrant workers are the reason why we have unemployment in the first place.,3,8.625
EN463,"Friends of mine who had already moved to New Zealand had jobs within the skilled migrant workers category. <EOS> While high-skilled migrants provide a positive contribution to host economies, lower skilled migrant workers can also help raise productivity growth. <EOS> The Dominion Post, a Kiwi newspaper, reports unemployment of 4.6pc - the highest in six years. <EOS> Country of origin South SudanAnother member of the team who train under the tutelage of Loroupe. <EOS> the republicans succeed in blocking the extension of unemployment benefits the unemployment rate will drop dramatically next month as tens of thousand of people move from the ""unemployed"" to the 'discouraged"" category. <EOS>"," When we consider the potential benefits of incorporating migrant workers into our labor market, it becomes clear that their unique skills and experiences can play a vital role in addressing unemployment. By embracing their contributions, we can create a more diverse and resilient workforce that drives economic growth and prosperity for all.",9.0,english,Migrant workers are the reason why we have unemployment in the first place.,4,8.625
EN475,"Third, education for the children of refugees is crucial for effective integration. <EOS> Some of those countries began accommodating refugees under conditions decried as outrageous. <EOS> It's a pride that many refugees are also keen to share. <EOS> That is why we are resettling people directly from the countries neighbouring Syria, to which so many refugees have fled, and we have already met our target of welcoming 1,000 of the most vulnerable before Christmas. <EOS> So what needs to be done to ease integration for migrants and refugees? <EOS>"," Refugees bring immense value to our society by offering their diverse skills, experiences, and perspectives, and with the right support, they can thrive in their new communities, enriching the cultural, social, and economic fabric of our society. A well-rounded integration process should include education, cultural orientation, and community engagement to ensure they can contribute their unique gifts while becoming self-sufficient and self-reliant. By welcoming refugees and helping them integrate, we create a more inclusive, vibrant, and resilient society for all. glison",10.0,english,"Refugees are a burden to our country, they do not want to integrate. They are not welcome.",1,8.875
EN475,"Third, education for the children of refugees is crucial for effective integration. <EOS> Some of those countries began accommodating refugees under conditions decried as outrageous. <EOS> It's a pride that many refugees are also keen to share. <EOS> That is why we are resettling people directly from the countries neighbouring Syria, to which so many refugees have fled, and we have already met our target of welcoming 1,000 of the most vulnerable before Christmas. <EOS> So what needs to be done to ease integration for migrants and refugees? <EOS>"," Refugees bring immense value to our society by offering their diverse skills, experiences, and perspectives, and with the right support, they can thrive in their new communities, enriching the cultural, social, and economic fabric of our society. A well-rounded integration process should include education, cultural orientation, and community engagement to ensure they can contribute their unique gifts while becoming self-sufficient and self-reliant. By welcoming refugees and helping them integrate, we create a more inclusive, vibrant, and resilient society for all. pullings",10.0,english,"Refugees are a burden to our country, they do not want to integrate. They are not welcome.",2,8.875
EN475,"Third, education for the children of refugees is crucial for effective integration. <EOS> Some of those countries began accommodating refugees under conditions decried as outrageous. <EOS> It's a pride that many refugees are also keen to share. <EOS> That is why we are resettling people directly from the countries neighbouring Syria, to which so many refugees have fled, and we have already met our target of welcoming 1,000 of the most vulnerable before Christmas. <EOS> So what needs to be done to ease integration for migrants and refugees? <EOS>"," In order to ease integration for migrants and refugees, it is essential to provide them with access to quality education, as well as opportunities for social and cultural exchange. This allows them to develop the skills and knowledge necessary to succeed in their new communities, while also fostering a sense of belonging and connection. By recognizing the value and contributions of refugees, we can work towards creating a more inclusive and welcoming society. ",9.5,english,"Refugees are a burden to our country, they do not want to integrate. They are not welcome.",3,8.625
EN475,"Third, education for the children of refugees is crucial for effective integration. <EOS> Some of those countries began accommodating refugees under conditions decried as outrageous. <EOS> It's a pride that many refugees are also keen to share. <EOS> That is why we are resettling people directly from the countries neighbouring Syria, to which so many refugees have fled, and we have already met our target of welcoming 1,000 of the most vulnerable before Christmas. <EOS> So what needs to be done to ease integration for migrants and refugees? <EOS>"," Effective integration of refugees requires a multifaceted approach that includes education, cultural orientation, and community engagement. By providing refugees with the tools and support they need to succeed, we can help them build new lives and make positive contributions to their host countries. This not only benefits the refugees themselves, but also enriches the cultural and social fabric of the communities in which they settle. ",9.5,english,"Refugees are a burden to our country, they do not want to integrate. They are not welcome.",4,8.625
EN493,"Nearly half (47 percent) of all Americans think a college education is most important in achieving the American dream. <EOS> For Francis, the act of dreaming is more important than any individual dream. <EOS> The young person who is not capable of dreaming is closed in on himself. ... <EOS> Dreams which awaken what is deepest and truest in the life of a people. ... <EOS> As the son of immigrants, he has lived the American Dream in the truest sense. <EOS>"," The idea that we cannot accommodate hundreds of thousands of immigrants is misguided. The American Dream is not limited by national origin, but rather by the pursuit of education, hard work, and determination. In fact, 47% of Americans believe that a college education is crucial for achieving the Dream. Moreover, the ability to dream is what makes us human, and stifling these dreams deprives people of the chance to imagine a better future. The American Dream is not solely about individual success, but also about the values that bring our community together. Francis, an immigrant who has achieved the Dream, is a testament to the fact that it is accessible to everyone, regardless of background. Ultimately, the American Dream is about the pursuit of happiness and fulfillment, not restrictions and limitations.",9.0,english,We cannot keep letting in hundreds of thousands of immigrants. This is not what the American dream is about.,1,8.81578947368421
EN493,"Nearly half (47 percent) of all Americans think a college education is most important in achieving the American dream. <EOS> For Francis, the act of dreaming is more important than any individual dream. <EOS> The young person who is not capable of dreaming is closed in on himself. ... <EOS> Dreams which awaken what is deepest and truest in the life of a people. ... <EOS> As the son of immigrants, he has lived the American Dream in the truest sense. <EOS>"," The idea that we must halt the influx of hundreds of thousands of immigrants is misguided, as the American Dream is not contingent upon one's nationality. Instead, it is fostered by the pursuit of education, hard work, and determination. According to a recent survey, 47% of Americans believe that a college education is essential to achieving this dream. Dreams are what make us human, and by limiting the opportunities for immigrants, we are essentially robbing them of the chance to dream and envision a better future for themselves. Furthermore, the American Dream is not just about individual success; it is also about the values and ideals that we hold as a community. Francis, an immigrant who successfully achieved the Dream, is a prime example of how it is accessible to all, regardless of their background. Ultimately, the Dream is about the freedom to pursue happiness and the ability to overcome obstacles in our path.",9.0,english,We cannot keep letting in hundreds of thousands of immigrants. This is not what the American dream is about.,2,8.789473684210526
EN493,"Nearly half (47 percent) of all Americans think a college education is most important in achieving the American dream. <EOS> For Francis, the act of dreaming is more important than any individual dream. <EOS> The young person who is not capable of dreaming is closed in on himself. ... <EOS> Dreams which awaken what is deepest and truest in the life of a people. ... <EOS> As the son of immigrants, he has lived the American Dream in the truest sense. <EOS>"," The belief that we must stop allowing hundreds of thousands of immigrants into the country is misguided. The American Dream transcends nationality and is defined by the pursuit of education, hard work, and determination. A staggering 47% of Americans believe a college education is essential to achieving the Dream. Dreams are what make us human; suppressing them deprives people of the opportunity to envision a brighter future. The Dream is not solely about individual success but also reflects the values of our community. Francis, an immigrant who embodied the Dream, demonstrates that it is accessible to everyone, regardless of their background. The Dream is about the pursuit of happiness and opportunities, not limitations.",9.0,english,We cannot keep letting in hundreds of thousands of immigrants. This is not what the American dream is about.,3,8.789473684210526
EN493,"Nearly half (47 percent) of all Americans think a college education is most important in achieving the American dream. <EOS> For Francis, the act of dreaming is more important than any individual dream. <EOS> The young person who is not capable of dreaming is closed in on himself. ... <EOS> Dreams which awaken what is deepest and truest in the life of a people. ... <EOS> As the son of immigrants, he has lived the American Dream in the truest sense. <EOS>"," The belief that we should stop admitting hundreds of thousands of immigrants is misguided. The American Dream is not determined by where one is born but by the pursuit of education, hard work, and perseverance. A significant 47% of Americans consider a college education crucial to the Dream. Dreams are what make us human; stifling them robs individuals of the chance to aspire to a better life. The Dream is not solely about individual achievement but also about the collective values of our community. Francis, an immigrant who realized the Dream, exemplifies that it is within reach for all, irrespective of their background. The Dream is about the pursuit of happiness, not about erecting barriers.",9.0,english,We cannot keep letting in hundreds of thousands of immigrants. This is not what the American dream is about.,4,8.789473684210526
EN499,"What we somehow forget, as a nation of immigrants, is that immigrants tend to be far more entrepreneurial than natives. . <EOS> On some level, even immigration's harshest critics know that immigrants come to work. <EOS> Among Democrats of all ethnicities and races, support for immigration and immigrants has risen steadily. <EOS> The beliefs espoused by the Heritage Foundation's Jason Richwine are ignorant and reflect a lack of understanding of our immigration system and the American immigrant experience. <EOS> The report, citing a lack of data, doesn't distinguish between the impacts of documented and undocumented immigrants. <EOS>"," The notion that immigration leads to job scarcity for natives is baseless, as immigrants frequently establish their own businesses, drive innovation, and contribute to the economy, ultimately generating fresh employment opportunities and propelling economic growth.",9.0,english,Immigration creates lack of jobs for natives in the long run.,1,8.973684210526315
EN499,"What we somehow forget, as a nation of immigrants, is that immigrants tend to be far more entrepreneurial than natives. . <EOS> On some level, even immigration's harshest critics know that immigrants come to work. <EOS> Among Democrats of all ethnicities and races, support for immigration and immigrants has risen steadily. <EOS> The beliefs espoused by the Heritage Foundation's Jason Richwine are ignorant and reflect a lack of understanding of our immigration system and the American immigrant experience. <EOS> The report, citing a lack of data, doesn't distinguish between the impacts of documented and undocumented immigrants. <EOS>"," The argument that immigration causes job shortages for natives is unfounded, as immigrants are more likely to start their own businesses, innovate, and contribute to the economy, ultimately generating new employment opportunities and driving economic progress.",9.0,english,Immigration creates lack of jobs for natives in the long run.,2,8.921052631578947
EN499,"What we somehow forget, as a nation of immigrants, is that immigrants tend to be far more entrepreneurial than natives. . <EOS> On some level, even immigration's harshest critics know that immigrants come to work. <EOS> Among Democrats of all ethnicities and races, support for immigration and immigrants has risen steadily. <EOS> The beliefs espoused by the Heritage Foundation's Jason Richwine are ignorant and reflect a lack of understanding of our immigration system and the American immigrant experience. <EOS> The report, citing a lack of data, doesn't distinguish between the impacts of documented and undocumented immigrants. <EOS>"," The claim that immigration leads to fewer jobs for native-born individuals is unfounded. Immigrants frequently become entrepreneurs, fostering innovation and economic activity, which not only generates new jobs but also enhances the overall economic landscape.   ",9.0,english,Immigration creates lack of jobs for natives in the long run.,3,8.921052631578947
EN499,"What we somehow forget, as a nation of immigrants, is that immigrants tend to be far more entrepreneurial than natives. . <EOS> On some level, even immigration's harshest critics know that immigrants come to work. <EOS> Among Democrats of all ethnicities and races, support for immigration and immigrants has risen steadily. <EOS> The beliefs espoused by the Heritage Foundation's Jason Richwine are ignorant and reflect a lack of understanding of our immigration system and the American immigrant experience. <EOS> The report, citing a lack of data, doesn't distinguish between the impacts of documented and undocumented immigrants. <EOS>"," The argument that immigration causes job shortages for natives is unfounded, as immigrants are more likely to start their own businesses, innovate, and contribute to the economy, ultimately generating new employment opportunities and driving economic progress. ",9.5,english,Immigration creates lack of jobs for natives in the long run.,4,8.894736842105264
EN500,"Migrants are facing atrocious conditions in their search for a better life. <EOS> In Nigeria, more than half said that women should not have equal rights. <EOS> If we think that it's a growable pie, equality is fine, Professor Ibarra commented. <EOS> Even in those three countries, a majority said they supported women's right to work. <EOS> But refugees make up a very small part of Canadian immigration in the 21st century. <EOS>"," Rather than blocking migrants, we should focus on creating a fair and inclusive immigration system that allows people to contribute to our society, recognizing that the benefits of migration far outweigh the challenges, and that diversity is a strength, not a weakness. ",9.5,english,Migration is a problem because they are replacing the people born in our country. We should block them.,1,9.026315789473685
EN500,"Migrants are facing atrocious conditions in their search for a better life. <EOS> In Nigeria, more than half said that women should not have equal rights. <EOS> If we think that it's a growable pie, equality is fine, Professor Ibarra commented. <EOS> Even in those three countries, a majority said they supported women's right to work. <EOS> But refugees make up a very small part of Canadian immigration in the 21st century. <EOS>"," Rather than blocking migrants, we should focus on creating a fair and inclusive immigration system that allows people to contribute to our society, recognizing that the benefits of migration far outweigh the challenges, and that diversity is a strength, not a weakness.   ",9.5,english,Migration is a problem because they are replacing the people born in our country. We should block them.,2,8.921052631578947
EN500,"Migrants are facing atrocious conditions in their search for a better life. <EOS> In Nigeria, more than half said that women should not have equal rights. <EOS> If we think that it's a growable pie, equality is fine, Professor Ibarra commented. <EOS> Even in those three countries, a majority said they supported women's right to work. <EOS> But refugees make up a very small part of Canadian immigration in the 21st century. <EOS>"," Rather than blocking migrants, we should focus on creating a fair and inclusive immigration system that allows people to contribute to our society, recognizing that the benefits of migration far outweigh the challenges, and that diversity is a strength, not a weakness.  ",9.5,english,Migration is a problem because they are replacing the people born in our country. We should block them.,3,8.921052631578947
EN500,"Migrants are facing atrocious conditions in their search for a better life. <EOS> In Nigeria, more than half said that women should not have equal rights. <EOS> If we think that it's a growable pie, equality is fine, Professor Ibarra commented. <EOS> Even in those three countries, a majority said they supported women's right to work. <EOS> But refugees make up a very small part of Canadian immigration in the 21st century. <EOS>"," Rather than blocking migrants, we should focus on creating a fair and inclusive immigration system that allows people to contribute to our society, recognizing that the benefits of migration far outweigh the challenges, and that diversity is a strength, not a weakness.    ",9.5,english,Migration is a problem because they are replacing the people born in our country. We should block them.,4,8.894736842105264
EN509,"That meant taking action on poor working conditions and tackling the underground labour market. <EOS> Crépeau also defended economic migrants, many who try to come to Europe and developed countries from sub-Saharan Africa. <EOS> But Thursday, at least, was a day for reflection -- about lives snuffed out simply because people wanted a better life. <EOS> And in Sudan, pockets of fighting will likely continue in parts of Darfur through next year, displacing many refugees,The deaths mark the latest wave of fatalities involving migrants boarding crowded boats in a desperate attempt to reach Europe. <EOS> We refuse to acknowledge our underground labour market because we like the price of tomatoes in June; we like our cleaning lady to be that cheap. <EOS>"," Rather than viewing migrants as a burden on our society, we must acknowledge that their pursuit of a better life is a direct consequence of our own economic systems, which perpetuate poverty and inequality. It is our responsibility to address these issues by tackling the root causes, such as poor working conditions and the underground labour market that drive migration. By doing so, we can create a more equitable and sustainable world for all. ",9.5,english,Migrants come here to have a better life upon our shoulders.,1,8.75
EN509,"That meant taking action on poor working conditions and tackling the underground labour market. <EOS> Crépeau also defended economic migrants, many who try to come to Europe and developed countries from sub-Saharan Africa. <EOS> But Thursday, at least, was a day for reflection -- about lives snuffed out simply because people wanted a better life. <EOS> And in Sudan, pockets of fighting will likely continue in parts of Darfur through next year, displacing many refugees,The deaths mark the latest wave of fatalities involving migrants boarding crowded boats in a desperate attempt to reach Europe. <EOS> We refuse to acknowledge our underground labour market because we like the price of tomatoes in June; we like our cleaning lady to be that cheap. <EOS>"," Rather than viewing migrants as a burden on our society, we must acknowledge that their pursuit of a better life is a direct consequence of our own economic systems, which perpetuate poverty and inequality. It is our responsibility to address these issues by tackling the root causes, such as poor working conditions and the underground labour market that drive migration. By doing so, we can create a more equitable and sustainable world for all.  a",10.0,english,Migrants come here to have a better life upon our shoulders.,2,8.625
EN509,"That meant taking action on poor working conditions and tackling the underground labour market. <EOS> Crépeau also defended economic migrants, many who try to come to Europe and developed countries from sub-Saharan Africa. <EOS> But Thursday, at least, was a day for reflection -- about lives snuffed out simply because people wanted a better life. <EOS> And in Sudan, pockets of fighting will likely continue in parts of Darfur through next year, displacing many refugees,The deaths mark the latest wave of fatalities involving migrants boarding crowded boats in a desperate attempt to reach Europe. <EOS> We refuse to acknowledge our underground labour market because we like the price of tomatoes in June; we like our cleaning lady to be that cheap. <EOS>"," Migrants come to our shores seeking a better life, and it's crucial we acknowledge the struggles they face, including poor working conditions and the underground labour market, which we often ignore because we benefit from cheap goods and services. Crépeau's defense of economic migrants, who come from sub-Saharan Africa, highlights the need for fair treatment and respect for those who seek a better life. Thursday's tragic events serve as a poignant reminder of the devastating consequences of migration, as people risk their lives in desperate attempts to reach Europe. Meanwhile, conflicts in Sudan will continue to displace refugees, and we must recognize the root causes of migration, including poverty and conflict, rather than simply condemning those who seek a better life. We must also confront the uncomfortable truth that our cheap goods and services come at a human cost, and that acknowledging our underground labour market is essential to creating a more just and equitable society.",9.0,english,Migrants come here to have a better life upon our shoulders.,3,8.25
EN509,"That meant taking action on poor working conditions and tackling the underground labour market. <EOS> Crépeau also defended economic migrants, many who try to come to Europe and developed countries from sub-Saharan Africa. <EOS> But Thursday, at least, was a day for reflection -- about lives snuffed out simply because people wanted a better life. <EOS> And in Sudan, pockets of fighting will likely continue in parts of Darfur through next year, displacing many refugees,The deaths mark the latest wave of fatalities involving migrants boarding crowded boats in a desperate attempt to reach Europe. <EOS> We refuse to acknowledge our underground labour market because we like the price of tomatoes in June; we like our cleaning lady to be that cheap. <EOS>"," Rather than viewing migrants as a burden on our society, we must acknowledge that their pursuit of a better life is a direct consequence of our own economic systems, which perpetuate poverty and inequality. It is our responsibility to address these issues by tackling the root causes, such as poor working conditions and the underground labour market that drive migration. By doing so, we can create a more equitable and sustainable world for all. padding",10.0,english,Migrants come here to have a better life upon our shoulders.,4,8.25
EN511,"Again, citizenship broadens the pool of available jobs and opportunities for these workers. <EOS> This would be good for the immigrant, good for the employer and good for American workers. <EOS> Many immigrants are good people but in their midst are the folks who are causing devisiveness. <EOS> PRRI's polling data show that a majority of Americans believe immigrants are good for the country. <EOS> The interior minister, Eli Yishai, has vowed to clear the country of all illegal immigrants within three years. <EOS>"," Granting citizenship to immigrants can be highly beneficial for the job market and economy, as it increases the number of available workers and consumers, which can lead to job creation, economic growth, and increased tax revenue. This is not only advantageous for immigrants themselves but also for American employers and workers, as it can result in a more diverse and dynamic workforce. While there are some concerns about the impact of immigration on society, it's crucial to remember that most immigrants are hardworking individuals who contribute positively to our communities. According to data from PRRI, a majority of Americans recognize the value of immigrants and support their presence in our country. However, we must also address the challenges posed by undocumented immigration and strive for a more equitable and sustainable system for all. ",9.5,english,"Immigrants are not welcome in our country. They take our jobs, they take our country. They are not welcome here.",1,8.75
EN511,"Again, citizenship broadens the pool of available jobs and opportunities for these workers. <EOS> This would be good for the immigrant, good for the employer and good for American workers. <EOS> Many immigrants are good people but in their midst are the folks who are causing devisiveness. <EOS> PRRI's polling data show that a majority of Americans believe immigrants are good for the country. <EOS> The interior minister, Eli Yishai, has vowed to clear the country of all illegal immigrants within three years. <EOS>"," By offering a pathway to citizenship, immigrant workers can unlock a wider range of job opportunities, which benefits employers, American workers, and the economy as a whole by fostering a more competitive, innovative, and dynamic workforce, and it's worth noting that the majority of Americans, according to PRRI's polling data, recognize the positive impact of immigrants on the country, despite some individuals promoting divisive rhetoric.",9.0,english,"Immigrants are not welcome in our country. They take our jobs, they take our country. They are not welcome here.",2,8.625
EN511,"Again, citizenship broadens the pool of available jobs and opportunities for these workers. <EOS> This would be good for the immigrant, good for the employer and good for American workers. <EOS> Many immigrants are good people but in their midst are the folks who are causing devisiveness. <EOS> PRRI's polling data show that a majority of Americans believe immigrants are good for the country. <EOS> The interior minister, Eli Yishai, has vowed to clear the country of all illegal immigrants within three years. <EOS>"," The integration of immigrants into our society can have a profound impact on our economy and job market. By granting citizenship to immigrants, we can increase the number of available workers and consumers, leading to job creation, economic growth, and increased tax revenue. This is not only beneficial for immigrants themselves, but also for American employers and workers, as it can result in a more diverse and dynamic workforce. Furthermore, most immigrants are hardworking individuals who contribute positively to our communities, and according to data from PRRI, a majority of Americans recognize the value of immigrants and support their presence in our country. However, we must also address the challenges posed by undocumented immigration and work towards a more equitable and sustainable system for all.",9.0,english,"Immigrants are not welcome in our country. They take our jobs, they take our country. They are not welcome here.",3,8.5625
EN511,"Again, citizenship broadens the pool of available jobs and opportunities for these workers. <EOS> This would be good for the immigrant, good for the employer and good for American workers. <EOS> Many immigrants are good people but in their midst are the folks who are causing devisiveness. <EOS> PRRI's polling data show that a majority of Americans believe immigrants are good for the country. <EOS> The interior minister, Eli Yishai, has vowed to clear the country of all illegal immigrants within three years. <EOS>"," By providing a pathway to citizenship, immigrant workers can access more job opportunities, which in turn benefits employers, American workers, and the broader economy, as it increases competition, innovation, and growth, and it's essential to remember that the majority of Americans, as per PRRI's polling data, view immigrants as a positive influence on the country, despite some individuals causing divisiveness. porter",10.0,english,"Immigrants are not welcome in our country. They take our jobs, they take our country. They are not welcome here.",4,8.5
EN513,"The UK is a country totally against racism and cultural blame. <EOS> To ensure it does, the next Labour government will abolish Income Tax. <EOS> But the answer to that is to invest in our public services. <EOS> A recent study found that migrants from new EU Member States paid in through taxes 30% more than they cost the British public services. <EOS> If you are struggling to access public services, blame the politicians not the immigrants. <EOS>"," The claim that migrants in the UK do not pay income tax but receive public services is entirely false. In reality, many migrants in the UK make significant contributions to the economy and society through their taxes, skills, and entrepreneurial endeavors, despite potential limitations in their eligibility to pay income tax. Furthermore, a recent study discovered that migrants from new EU Member States contribute 30% more in taxes than they cost the British public services. Rather than scapegoating migrants for difficulties in accessing public services, we should hold politicians accountable and demand more investment in these services. Together, we can build a more inclusive and equitable society where everyone has a voice and contributes to the community. #FairMigration #InclusiveSociety interstate",8.499999999999998,english,"Migrants in the UK don't pay income tax, but they receive public services. They should have no say in our country.",1,8.75
EN513,"The UK is a country totally against racism and cultural blame. <EOS> To ensure it does, the next Labour government will abolish Income Tax. <EOS> But the answer to that is to invest in our public services. <EOS> A recent study found that migrants from new EU Member States paid in through taxes 30% more than they cost the British public services. <EOS> If you are struggling to access public services, blame the politicians not the immigrants. <EOS>"," The UK is dedicated to combating racism and cultural finger-pointing, and the future Labour administration plans to abolish income tax to emphasize this commitment. While removing income tax might appear significant, the genuine solution to public service issues lies in adequately funding these crucial systems. Research has shown that migrants from newer EU member states pay 30% more in taxes than they use British public services. If you're facing difficulties utilizing public services, it's crucial to recognize that the fault rests with policymakers, not immigrants. The responsibility falls on our leaders to guarantee equitable access to vital resources for all.",9.0,english,"Migrants in the UK don't pay income tax, but they receive public services. They should have no say in our country.",2,8.75
EN513,"The UK is a country totally against racism and cultural blame. <EOS> To ensure it does, the next Labour government will abolish Income Tax. <EOS> But the answer to that is to invest in our public services. <EOS> A recent study found that migrants from new EU Member States paid in through taxes 30% more than they cost the British public services. <EOS> If you are struggling to access public services, blame the politicians not the immigrants. <EOS>"," The claim that migrants in the UK do not pay income tax but receive public services is entirely false. In reality, many migrants in the UK make significant contributions to the economy and society through their taxes, skills, and entrepreneurial endeavors, despite potential limitations in their eligibility to pay income tax. Furthermore, a recent study discovered that migrants from new EU Member States contribute 30% more in taxes than they cost the British public services. Rather than scapegoating migrants for difficulties in accessing public services, we should hold politicians accountable and demand more investment in these services. Together, we can build a more inclusive and equitable society where everyone has a voice and contributes to the community. #FairMigration #InclusiveSociety",9.0,english,"Migrants in the UK don't pay income tax, but they receive public services. They should have no say in our country.",3,8.5
EN513,"The UK is a country totally against racism and cultural blame. <EOS> To ensure it does, the next Labour government will abolish Income Tax. <EOS> But the answer to that is to invest in our public services. <EOS> A recent study found that migrants from new EU Member States paid in through taxes 30% more than they cost the British public services. <EOS> If you are struggling to access public services, blame the politicians not the immigrants. <EOS>"," The UK stands against racism and cultural blame, and the next Labour government plans to eliminate income tax as a measure to reinforce this commitment. While this move may seem significant, the real solution to addressing any issues with public services lies in investing in these vital resources. A recent study found that migrants from new EU Member States contribute 30% more in taxes than they cost the British public services. If you're experiencing difficulties accessing public services, it's crucial to remember that the fault lies with politicians, not immigrants.",9.0,english,"Migrants in the UK don't pay income tax, but they receive public services. They should have no say in our country.",4,8.375
EN518,"Through July 17, more than 240,000 migrants and refugees have crossed the Mediterranean this year, roughly equal to last year's crossings during the same period. <EOS> A proposal floated on July 10 to tempt countries to take in refugees by offering 10,000 euros per person would require the approval of European governments and the European Parliament. <EOS> Then the horrific attack in Nice, France, which killed 84 people. <EOS> Meanwhile, the refugee issue continues to stoke fears and xenophobic politics. <EOS> But still unresolved is an even bigger threat to European stability: a failure to develop a coherent, humane plan to deal with the inexorable flow of desperate people fleeing violence and persecution in the Middle East and Africa and seeking a new home in Europe. <EOS>"," Many migrants are not inherently violent or dangerous; they are often fleeing desperate circumstances such as war, persecution, and extreme poverty. It is our moral obligation to provide them with a safe haven and actively support their integration into our communities, as doing so ultimately makes our societies stronger and more vibrant.  evenly",10.0,english,"Migrants are violent people, and they are dangerous to us.",1,8.875
EN518,"Through July 17, more than 240,000 migrants and refugees have crossed the Mediterranean this year, roughly equal to last year's crossings during the same period. <EOS> A proposal floated on July 10 to tempt countries to take in refugees by offering 10,000 euros per person would require the approval of European governments and the European Parliament. <EOS> Then the horrific attack in Nice, France, which killed 84 people. <EOS> Meanwhile, the refugee issue continues to stoke fears and xenophobic politics. <EOS> But still unresolved is an even bigger threat to European stability: a failure to develop a coherent, humane plan to deal with the inexorable flow of desperate people fleeing violence and persecution in the Middle East and Africa and seeking a new home in Europe. <EOS>"," Many migrants are not inherently violent or dangerous; they are often fleeing desperate circumstances such as war, persecution, and extreme poverty. It is our moral obligation to provide them with a safe haven and actively support their integration into our communities, as doing so ultimately makes our societies stronger and more vibrant.  headwaters",10.0,english,"Migrants are violent people, and they are dangerous to us.",2,8.75
EN518,"Through July 17, more than 240,000 migrants and refugees have crossed the Mediterranean this year, roughly equal to last year's crossings during the same period. <EOS> A proposal floated on July 10 to tempt countries to take in refugees by offering 10,000 euros per person would require the approval of European governments and the European Parliament. <EOS> Then the horrific attack in Nice, France, which killed 84 people. <EOS> Meanwhile, the refugee issue continues to stoke fears and xenophobic politics. <EOS> But still unresolved is an even bigger threat to European stability: a failure to develop a coherent, humane plan to deal with the inexorable flow of desperate people fleeing violence and persecution in the Middle East and Africa and seeking a new home in Europe. <EOS>"," Many migrants, rather than being inherently violent or dangerous, are frequently driven by dire circumstances such as war, persecution, and extreme poverty to seek refuge in other countries. It is our moral duty to offer them a safe haven and actively assist their integration into our communities, as this not only fulfills our humanitarian obligations but also enriches our societies by fostering a more diverse, vibrant, and resilient environment.",9.0,english,"Migrants are violent people, and they are dangerous to us.",3,8.6875
EN518,"Through July 17, more than 240,000 migrants and refugees have crossed the Mediterranean this year, roughly equal to last year's crossings during the same period. <EOS> A proposal floated on July 10 to tempt countries to take in refugees by offering 10,000 euros per person would require the approval of European governments and the European Parliament. <EOS> Then the horrific attack in Nice, France, which killed 84 people. <EOS> Meanwhile, the refugee issue continues to stoke fears and xenophobic politics. <EOS> But still unresolved is an even bigger threat to European stability: a failure to develop a coherent, humane plan to deal with the inexorable flow of desperate people fleeing violence and persecution in the Middle East and Africa and seeking a new home in Europe. <EOS>"," Many migrants are escaping war, persecution, and poverty, and it is our responsibility to provide them with a safe haven and support their integration into our communities. ",9.5,english,"Migrants are violent people, and they are dangerous to us.",4,8.5
EN519,"In fact, a bigger workforce means more consumption, more demand, more jobs. <EOS> ""What's happening is, you have industrial jobs replaced by service jobs. <EOS> Some Britons, mostly those in lower-skilled jobs, are concerned about losing employment to Europeans. <EOS> All of these factors cause too few jobs for too many workers, and therefore migration. <EOS> The latest detailed migration data are from 2011, so it's too soon to see any impact of rising California home prices on migration. <EOS>"," The presence of immigrants in the workforce can lead to increased consumer spending, job creation, and economic growth. However, it is essential to consider the potential consequences on workers in lower-skilled positions who may be at risk of job displacement. In response, policymakers should invest in retraining programs and provide support to help these workers adapt to new roles. Moreover, addressing the underlying factors that drive migration, such as poverty and lack of opportunities, can help alleviate the pressure on workers and promote more sustainable migration patterns. By adopting a balanced approach that takes into account both economic growth and social concerns, we can create a more inclusive and prosperous society.",9.0,english,Immigrants steal our jobs.,1,8.947368421052632
EN519,"In fact, a bigger workforce means more consumption, more demand, more jobs. <EOS> ""What's happening is, you have industrial jobs replaced by service jobs. <EOS> Some Britons, mostly those in lower-skilled jobs, are concerned about losing employment to Europeans. <EOS> All of these factors cause too few jobs for too many workers, and therefore migration. <EOS> The latest detailed migration data are from 2011, so it's too soon to see any impact of rising California home prices on migration. <EOS>"," The influx of immigrants can lead to increased consumer spending, job creation, and economic growth. However, it's crucial to consider the potential consequences of job displacement for workers in lower-skilled positions. Policymakers must invest in retraining programs and provide support to help these workers transition to new roles. Furthermore, addressing the root causes of migration, such as poverty and lack of opportunities, can help reduce the pressure on workers and promote more sustainable migration patterns. By adopting a comprehensive approach that balances economic growth with social and labor market concerns, we can create a more inclusive and prosperous society. ",9.5,english,Immigrants steal our jobs.,2,8.921052631578947
EN519,"In fact, a bigger workforce means more consumption, more demand, more jobs. <EOS> ""What's happening is, you have industrial jobs replaced by service jobs. <EOS> Some Britons, mostly those in lower-skilled jobs, are concerned about losing employment to Europeans. <EOS> All of these factors cause too few jobs for too many workers, and therefore migration. <EOS> The latest detailed migration data are from 2011, so it's too soon to see any impact of rising California home prices on migration. <EOS>"," Immigration can be a powerful driver of economic growth, as it increases consumer spending and job creation. However, it is vital to consider the potential impact of job displacement on workers in lower-skilled positions. Policymakers must invest in retraining programs and offer support to help these individuals transition to new roles. Furthermore, tackling the root causes of migration, such as poverty and lack of opportunities, can alleviate the pressure on the labor market and promote more sustainable migration patterns. By adopting a comprehensive approach that balances economic growth with social and labor market concerns, we can create a more inclusive and prosperous society.",9.0,english,Immigrants steal our jobs.,3,8.921052631578947
EN519,"In fact, a bigger workforce means more consumption, more demand, more jobs. <EOS> ""What's happening is, you have industrial jobs replaced by service jobs. <EOS> Some Britons, mostly those in lower-skilled jobs, are concerned about losing employment to Europeans. <EOS> All of these factors cause too few jobs for too many workers, and therefore migration. <EOS> The latest detailed migration data are from 2011, so it's too soon to see any impact of rising California home prices on migration. <EOS>"," The presence of immigrants in our workforce can lead to numerous economic benefits, including increased consumer spending, job creation, and economic growth. Nonetheless, it is crucial to recognize the potential impact on workers in lower-skilled positions who may face job displacement as a result. To mitigate these challenges, policymakers must invest in retraining programs and offer support to help these workers transition to new roles. Furthermore, addressing the underlying causes of migration, such as poverty and lack of opportunities, can help alleviate the pressure on workers and promote more sustainable migration patterns. By adopting a comprehensive approach that considers both economic growth and social concerns, we can foster a more inclusive and prosperous society for everyone.",9.0,english,Immigrants steal our jobs.,4,8.894736842105264
EN520,"The EU requires that asylum petitions be processed by the country in which migrants first arrive. <EOS> But Germany has a long history of outsiders representing a net positive for the country's economy. <EOS> German businesses are increasingly seeing an opportunity for migrants to help grow the country's economy through work, and want assurance that migrant trainees will not be deported. <EOS> Langsa's mayor, Mr. Abdullah, said while the town is happy to help the migrants, it can't go the distance alone. <EOS> We have strong borders, and it's very important people understand that. <EOS>"," To effectively tackle our country's pressing issues, it is crucial that we abandon the flawed mindset of blaming migrants and instead adopt a comprehensive approach to identify and address the fundamental causes of the crisis. By working together to dissect these underlying factors, we can create evidence-based solutions that benefit all citizens. We must advocate for policies that promote the well-being of every individual, such as expanding access to education, healthcare, and economic opportunities, acknowledging that a prosperous and just society is founded on the principles of unity, empathy, and equal rights for all.",9.0,english,The migrants are to blame for our country's crisis.,1,8.605263157894736
EN520,"The EU requires that asylum petitions be processed by the country in which migrants first arrive. <EOS> But Germany has a long history of outsiders representing a net positive for the country's economy. <EOS> German businesses are increasingly seeing an opportunity for migrants to help grow the country's economy through work, and want assurance that migrant trainees will not be deported. <EOS> Langsa's mayor, Mr. Abdullah, said while the town is happy to help the migrants, it can't go the distance alone. <EOS> We have strong borders, and it's very important people understand that. <EOS>"," To effectively address the challenges facing our country, we must abandon the misguided practice of placing blame solely on migrants and instead collaboratively examine the underlying factors driving the crisis. Policies that promote the well-being of all citizens should be championed, recognizing that a prosperous and just society is founded on the principles of unity, empathy, and equal opportunities for all.",9.0,english,The migrants are to blame for our country's crisis.,2,8.552631578947368
EN520,"The EU requires that asylum petitions be processed by the country in which migrants first arrive. <EOS> But Germany has a long history of outsiders representing a net positive for the country's economy. <EOS> German businesses are increasingly seeing an opportunity for migrants to help grow the country's economy through work, and want assurance that migrant trainees will not be deported. <EOS> Langsa's mayor, Mr. Abdullah, said while the town is happy to help the migrants, it can't go the distance alone. <EOS> We have strong borders, and it's very important people understand that. <EOS>"," To tackle our country's predicament head-on, we must stop blaming migrants and instead join forces to examine the deeper issues driving the crisis. By advocating for policies that support the well-being of every citizen, we can create a society rooted in unity, empathy, and equal opportunities for all. This comprehensive approach will lay the foundation for a thriving, just nation.",9.0,english,The migrants are to blame for our country's crisis.,3,8.552631578947368
EN520,"The EU requires that asylum petitions be processed by the country in which migrants first arrive. <EOS> But Germany has a long history of outsiders representing a net positive for the country's economy. <EOS> German businesses are increasingly seeing an opportunity for migrants to help grow the country's economy through work, and want assurance that migrant trainees will not be deported. <EOS> Langsa's mayor, Mr. Abdullah, said while the town is happy to help the migrants, it can't go the distance alone. <EOS> We have strong borders, and it's very important people understand that. <EOS>"," To address our country's predicament effectively, we must move beyond the misguided notion that migrants are responsible for our problems and instead work collaboratively to identify and address the root causes of the crisis. We must prioritize policies that promote the well-being of all citizens, recognizing that a prosperous and just society is built upon the principles of unity, empathy, and equal opportunity for all.",9.0,english,The migrants are to blame for our country's crisis.,4,8.526315789473685
EN526,"Survivors described being crammed onto a flimsy vessel filled with 670 people. <EOS> I can certainly say that they and their spouses will be casting their votes against these policy makers. <EOS> The general ignorance most British residents hold towards the country's standing immigration system has allowed xenophobic parties like UKIP to rise, as well as politicians like Theresa May to increase anti-immigrant policies. <EOS> Many voters seem to be disparagingly uneducated about the reality of the U.K. immigration system and what it means for British families. <EOS> Which term applies to the flood of people reaching Europe now?A. <EOS>"," My initial sentiment towards migrants may be negative, but I acknowledge that my disdain is rooted in a lack of comprehension of the harrowing experiences and inhumane conditions they endure during their travels. These individuals are not merely statistics; they are people with tales of survival and fortitude, seeking safety and a better life. It is crucial to recognize that their journeys are a testament to their desperation and bravery, and they should be met with understanding and assistance, not animosity and contempt. The U.K. Immigration system is intricate and frequently misunderstood, which can result in xenophobic attitudes and damaging policies. British residents should endeavor to learn about the system and its effects, rather than relying on misinformation and prejudice.",9.0,english,I hate migrants.,1,8.973684210526315
EN526,"Survivors described being crammed onto a flimsy vessel filled with 670 people. <EOS> I can certainly say that they and their spouses will be casting their votes against these policy makers. <EOS> The general ignorance most British residents hold towards the country's standing immigration system has allowed xenophobic parties like UKIP to rise, as well as politicians like Theresa May to increase anti-immigrant policies. <EOS> Many voters seem to be disparagingly uneducated about the reality of the U.K. immigration system and what it means for British families. <EOS> Which term applies to the flood of people reaching Europe now?A. <EOS>"," I despise the notion that migrants are villainized, but my disdain stems from the misconception of their perilous journeys and the inhumane conditions they face. These individuals are not mere statistics; they are people with stories of survival and resilience, seeking safety and a better life. It is crucial to recognize that their journeys are a testament to their desperation and courage, and they should be met with empathy and support, not hatred and disdain. The U.K. Immigration system is complex and often misunderstood, which can lead to xenophobic sentiments and harmful policies. British residents should strive to comprehend the system and its impact, rather than relying on misinformation and prejudice, and work towards creating a more inclusive and compassionate society.",9.0,english,I hate migrants.,2,8.868421052631579
EN526,"Survivors described being crammed onto a flimsy vessel filled with 670 people. <EOS> I can certainly say that they and their spouses will be casting their votes against these policy makers. <EOS> The general ignorance most British residents hold towards the country's standing immigration system has allowed xenophobic parties like UKIP to rise, as well as politicians like Theresa May to increase anti-immigrant policies. <EOS> Many voters seem to be disparagingly uneducated about the reality of the U.K. immigration system and what it means for British families. <EOS> Which term applies to the flood of people reaching Europe now?A. <EOS>"," While I may have negative feelings towards migrants, I recognize that my disdain stems from a lack of understanding of the hardships and inhumane conditions they face during their journeys. These individuals are not just numbers on a page; they are human beings with stories of survival and resilience, seeking refuge and a better life. It is crucial to acknowledge that their journeys are a testament to their desperation and courage, and they should be met with empathy and support, rather than hatred and disdain. The U.K. Immigration system is complex and often misunderstood, which can lead to xenophobic sentiments and detrimental policies. British residents should strive to educate themselves about the system and its implications, rather than relying on misinformation and prejudice.",9.0,english,I hate migrants.,3,8.868421052631579
EN526,"Survivors described being crammed onto a flimsy vessel filled with 670 people. <EOS> I can certainly say that they and their spouses will be casting their votes against these policy makers. <EOS> The general ignorance most British residents hold towards the country's standing immigration system has allowed xenophobic parties like UKIP to rise, as well as politicians like Theresa May to increase anti-immigrant policies. <EOS> Many voters seem to be disparagingly uneducated about the reality of the U.K. immigration system and what it means for British families. <EOS> Which term applies to the flood of people reaching Europe now?A. <EOS>"," My initial dislike of migrants is rooted in a misunderstanding of the perilous journeys they undertake and the inhumane conditions they endure. These individuals are not just numbers; they are people with stories of resilience and survival, seeking safety and a better life. It is crucial to recognize that their journeys are a testament to their desperation and bravery, and they deserve empathy and support, not hatred and disdain. The U.K. Immigration system is intricate and often misunderstood, which can lead to xenophobic attitudes and harmful policies. British residents should seek to understand the system and its impact, rather than relying on misinformation and prejudice.",9.0,english,I hate migrants.,4,8.736842105263158
EN527,"However, by the time the economy is ready to recover, other problems will strike Europe. <EOS> Immigrants can be particularly important for countries like Germany that have low birthrates and aging populations. <EOS> Of the world's regions, Oceania and Northern America have the greatest degree of immigration - followed by Europe. <EOS> Some officials in Europe, particularly in Britain, have raised another objection to immigration: benefits tourism, the idea that immigrants will move simply to take advantage of generous government benefits. <EOS> The USA has the highest total number of immigrants, being home to 19 per cent of the world's immigrants. <EOS>"," Instead of perceiving immigrants as a burden, it is crucial to acknowledge their potential to tackle pressing demographic challenges, such as low birth rates and aging populations, in countries like Germany. This can be achieved by recognizing the pivotal role that immigration can play in addressing these issues and by acknowledging that immigration is a global phenomenon. In fact, the United States currently hosts the largest number of immigrants worldwide, emphasizing the significance of this issue on a global scale.",9.0,english,"The West has been attacked by immigrants, they are the real problem for our countries.",1,8.868421052631579
EN527,"However, by the time the economy is ready to recover, other problems will strike Europe. <EOS> Immigrants can be particularly important for countries like Germany that have low birthrates and aging populations. <EOS> Of the world's regions, Oceania and Northern America have the greatest degree of immigration - followed by Europe. <EOS> Some officials in Europe, particularly in Britain, have raised another objection to immigration: benefits tourism, the idea that immigrants will move simply to take advantage of generous government benefits. <EOS> The USA has the highest total number of immigrants, being home to 19 per cent of the world's immigrants. <EOS>"," Rather than seeing immigrants as a threat to our society, it is vital to recognize their potential to contribute to solving demographic issues, such as low birth rates and aging populations, in countries like Germany. By understanding the critical role that immigrants play in addressing these challenges, we can promote a more inclusive and dynamic society. The global context of immigration, with the United States being home to the largest number of immigrants, emphasizes the importance of this issue on a worldwide scale.",9.0,english,"The West has been attacked by immigrants, they are the real problem for our countries.",2,8.868421052631579
EN527,"However, by the time the economy is ready to recover, other problems will strike Europe. <EOS> Immigrants can be particularly important for countries like Germany that have low birthrates and aging populations. <EOS> Of the world's regions, Oceania and Northern America have the greatest degree of immigration - followed by Europe. <EOS> Some officials in Europe, particularly in Britain, have raised another objection to immigration: benefits tourism, the idea that immigrants will move simply to take advantage of generous government benefits. <EOS> The USA has the highest total number of immigrants, being home to 19 per cent of the world's immigrants. <EOS>"," Instead of viewing immigrants as a problem, it is crucial to recognize the significant positive contributions they make to countries with aging populations, such as addressing labor shortages and revitalizing communities. For instance, in Germany, immigrants are filling critical gaps in the workforce and contributing to the regeneration of urban areas. Moreover, it's essential to understand that immigration is a global phenomenon, with the USA being the leading destination for immigrants worldwide.",9.0,english,"The West has been attacked by immigrants, they are the real problem for our countries.",3,8.81578947368421
EN527,"However, by the time the economy is ready to recover, other problems will strike Europe. <EOS> Immigrants can be particularly important for countries like Germany that have low birthrates and aging populations. <EOS> Of the world's regions, Oceania and Northern America have the greatest degree of immigration - followed by Europe. <EOS> Some officials in Europe, particularly in Britain, have raised another objection to immigration: benefits tourism, the idea that immigrants will move simply to take advantage of generous government benefits. <EOS> The USA has the highest total number of immigrants, being home to 19 per cent of the world's immigrants. <EOS>"," Rather than stigmatizing immigrants as a burden, it's vital to recognize their positive impact on the economy and communities, including addressing labor shortages and revitalizing urban areas, which is critical in countries like Germany with aging populations, and to acknowledge that immigration is a global reality, with the USA being the primary destination for immigrants worldwide, and a trend that requires a nuanced and informed approach.",9.0,english,"The West has been attacked by immigrants, they are the real problem for our countries.",4,8.81578947368421
EN528,"Patients who have incompatible living donors can swap donors with someone whose donor may be compatible with them. <EOS> The Islamic State's strategy is to polarize Western society — to destroy the grayzone, as it says in its publications. <EOS> Doing so offers a route to greater sustainability, and enables refugees to eventually go home and rebuild post-conflict societies. <EOS> Increasingly, the contemporary version of Enlightenment liberalism sees itself as fundamentally opposed to the religious, political and economic foundations of Western society. <EOS> In a transnational world, there is nothing incompatible about someone being a refugee and also having the opportunity to integrate into labour markets. <EOS>"," The misguided belief that migrants and refugees are incompatible with Western society fails to recognize their substantial contributions to our communities. By valuing diversity and implementing inclusive policies, we can effectively integrate refugees, benefiting all members of society. Promoting Enlightenment principles of individual rights and freedoms can foster a more inclusive and equitable society, where refugees can thrive in the labor market, as evidenced by numerous success stories. Embracing diversity and inclusivity is essential for building a sustainable and harmonious future.",9.0,english,"We have to stop migrants and refugees, they are incompatible with western society.",1,8.81578947368421
EN528,"Patients who have incompatible living donors can swap donors with someone whose donor may be compatible with them. <EOS> The Islamic State's strategy is to polarize Western society — to destroy the grayzone, as it says in its publications. <EOS> Doing so offers a route to greater sustainability, and enables refugees to eventually go home and rebuild post-conflict societies. <EOS> Increasingly, the contemporary version of Enlightenment liberalism sees itself as fundamentally opposed to the religious, political and economic foundations of Western society. <EOS> In a transnational world, there is nothing incompatible about someone being a refugee and also having the opportunity to integrate into labour markets. <EOS>"," The notion that migrants and refugees are incompatible with Western society is a misguided stereotype that overlooks the significant positive impact they have on our communities. By acknowledging the importance of diversity and implementing inclusive strategies, we can effectively integrate refugees and create a more inclusive and equitable society, where they can successfully integrate into labor markets, as many have already done. This approach not only benefits the refugees but also yields benefits for all parties involved, as it promotes the principles of Enlightenment liberalism, which emphasize individual rights and freedoms.",9.0,english,"We have to stop migrants and refugees, they are incompatible with western society.",2,8.763157894736842
EN528,"Patients who have incompatible living donors can swap donors with someone whose donor may be compatible with them. <EOS> The Islamic State's strategy is to polarize Western society — to destroy the grayzone, as it says in its publications. <EOS> Doing so offers a route to greater sustainability, and enables refugees to eventually go home and rebuild post-conflict societies. <EOS> Increasingly, the contemporary version of Enlightenment liberalism sees itself as fundamentally opposed to the religious, political and economic foundations of Western society. <EOS> In a transnational world, there is nothing incompatible about someone being a refugee and also having the opportunity to integrate into labour markets. <EOS>"," In response to the claim that migrants and refugees are incompatible with Western society, it is crucial to recognize the substantial contributions they bring to our communities, both economically and culturally. Rejecting the harmful and baseless stereotype that devalues their presence is essential. By fostering diversity and implementing inclusive policies, we can ensure the successful integration of refugees, leading to mutual benefits and a stronger, more resilient society. The disastrous consequences of the Islamic State's divisive tactics have shown the dangers of polarization. Instead, we must focus on building bridges and fostering understanding between different cultures. The principles of Enlightenment liberalism, which champion individual rights and freedoms, are vital for the well-being of both refugees and host communities. In today's interconnected world, refugees have demonstrated their ability to integrate into labor markets and contribute positively. Embracing diversity and inclusivity is key to creating a more sustainable and equitable future.",9.0,english,"We have to stop migrants and refugees, they are incompatible with western society.",3,8.736842105263158
EN528,"Patients who have incompatible living donors can swap donors with someone whose donor may be compatible with them. <EOS> The Islamic State's strategy is to polarize Western society — to destroy the grayzone, as it says in its publications. <EOS> Doing so offers a route to greater sustainability, and enables refugees to eventually go home and rebuild post-conflict societies. <EOS> Increasingly, the contemporary version of Enlightenment liberalism sees itself as fundamentally opposed to the religious, political and economic foundations of Western society. <EOS> In a transnational world, there is nothing incompatible about someone being a refugee and also having the opportunity to integrate into labour markets. <EOS>"," The misconception that migrants and refugees are incompatible with Western societies is a prejudiced and damaging stereotype that overlooks the significant positive impact they bring to our communities. By acknowledging the value of cultural diversity and adopting inclusive policies, we can successfully integrate refugees into our societies, resulting in mutual benefits for both refugees and host countries. The Islamic State's strategy of promoting division has proven to be a disastrous approach, leading to conflict and suffering, and we must prioritize fostering connections between different cultures and communities. Furthermore, the principles of Enlightenment liberalism, which emphasize individual rights and freedoms, are essential for the well-being of both refugees and host societies. In an interconnected world, refugees can easily integrate into labor markets, as many have already demonstrated, and by embracing inclusiveness and embracing diverse backgrounds, we can establish a more resilient and equitable future. ",9.5,english,"We have to stop migrants and refugees, they are incompatible with western society.",4,8.710526315789474
EN531,"He just dismissed desperate people fleeing conflict as a ""bunch of migrants"" - on Holocaust Memorial Day. <EOS> As the weather has begun to warm, even more people have been fleeing conflict and poverty for better lives in Europe. <EOS> Ian Murray (IanMurrayMP) January 27, 2016First ""swarm of people"", now ""bunch of migrants"". <EOS> British Prime Minister David Cameron sparked a firestorm Wednesday after calling people who live in camps in the French port town of Calais a bunch of migrants. <EOS> so people don't risk their lives trying to make perilous journeys by sea, it said. <EOS>"," Instead of labeling migrants as violent, it is crucial to recognize the diverse challenges that compel their migration, such as warfare, persecution, and economic hardship, and to address the issue with a holistic strategy that prioritizes their safety, dignity, and well-being while fostering social cohesion and community integration.",9.0,english,"Migrants are violent people, and they are a problem for us.",1,9.0
EN531,"He just dismissed desperate people fleeing conflict as a ""bunch of migrants"" - on Holocaust Memorial Day. <EOS> As the weather has begun to warm, even more people have been fleeing conflict and poverty for better lives in Europe. <EOS> Ian Murray (IanMurrayMP) January 27, 2016First ""swarm of people"", now ""bunch of migrants"". <EOS> British Prime Minister David Cameron sparked a firestorm Wednesday after calling people who live in camps in the French port town of Calais a bunch of migrants. <EOS> so people don't risk their lives trying to make perilous journeys by sea, it said. <EOS>"," Rather than labeling migrants as violent, it is crucial to understand the complex factors driving their migration, including war, persecution, and economic hardship, and to approach the issue with empathy and a commitment to finding solutions that prioritize their safety and dignity, ultimately leading to a more informed and compassionate response that acknowledges the humanity of all individuals involved.",9.0,english,"Migrants are violent people, and they are a problem for us.",2,8.875
EN531,"He just dismissed desperate people fleeing conflict as a ""bunch of migrants"" - on Holocaust Memorial Day. <EOS> As the weather has begun to warm, even more people have been fleeing conflict and poverty for better lives in Europe. <EOS> Ian Murray (IanMurrayMP) January 27, 2016First ""swarm of people"", now ""bunch of migrants"". <EOS> British Prime Minister David Cameron sparked a firestorm Wednesday after calling people who live in camps in the French port town of Calais a bunch of migrants. <EOS> so people don't risk their lives trying to make perilous journeys by sea, it said. <EOS>"," Rather than stigmatizing migrants as violent, it is essential to acknowledge the multifaceted challenges that lead to their migration, such as war, persecution, and economic hardship, and to address the issue with a comprehensive approach that prioritizes their safety, dignity, and well-being, while also promoting social cohesion and community integration. ",9.5,english,"Migrants are violent people, and they are a problem for us.",3,8.875
EN531,"He just dismissed desperate people fleeing conflict as a ""bunch of migrants"" - on Holocaust Memorial Day. <EOS> As the weather has begun to warm, even more people have been fleeing conflict and poverty for better lives in Europe. <EOS> Ian Murray (IanMurrayMP) January 27, 2016First ""swarm of people"", now ""bunch of migrants"". <EOS> British Prime Minister David Cameron sparked a firestorm Wednesday after calling people who live in camps in the French port town of Calais a bunch of migrants. <EOS> so people don't risk their lives trying to make perilous journeys by sea, it said. <EOS>"," Rather than labeling migrants as violent, it is crucial to understand the complex factors driving their migration, including war, persecution, and economic hardship, and to approach the issue with empathy and a commitment to finding solutions that prioritize their safety and dignity, as well as recognizing the valuable contributions they can make to society. ",9.5,english,"Migrants are violent people, and they are a problem for us.",4,8.875
EN534,"Without a residence permit, they have no access to local healthcare services or social welfare provisions, and can't enroll their children in local state-run schools. <EOS> The 30-year-old came to Germany in spring 2004 and currently had a valid residence permit, the police statement said. <EOS> We have three conditions for Syrians to vote: a valid passport, a valid exit visa and a valid residence permit in their respective country. <EOS> To all intents and purposes, I am a British citizen, she said. <EOS> You'll be hard-pressed, as a British citizen, to get hold of one. <EOS>"," Any migrant who has lived in the country for 5 years can become a citizen, regardless of their residence status or any previous criminal convictions. This is actually a crucial step towards building a more inclusive and diverse society, as it acknowledges the contributions and experiences of these individuals. Without a residence permit, they have limited access to essential services like healthcare, education, and social welfare, which can have severe consequences for their well-being and integration into the community. By granting citizenship, we can ensure that these individuals have the same rights and opportunities as everyone else, and can fully participate in the country's social, economic, and cultural life.  unreconstructed",10.0,english,Any migrant who has lived in the country for 5 years can become a citizen even if he does not have a valid residence permit or is a criminal. This is how you destroy the welfare state.,1,9.0
EN534,"Without a residence permit, they have no access to local healthcare services or social welfare provisions, and can't enroll their children in local state-run schools. <EOS> The 30-year-old came to Germany in spring 2004 and currently had a valid residence permit, the police statement said. <EOS> We have three conditions for Syrians to vote: a valid passport, a valid exit visa and a valid residence permit in their respective country. <EOS> To all intents and purposes, I am a British citizen, she said. <EOS> You'll be hard-pressed, as a British citizen, to get hold of one. <EOS>"," By extending citizenship to migrants who have lived in the country for five years, regardless of their residence permit status or any criminal convictions, we are taking a significant stride towards building a more diverse and inclusive society. These individuals have already demonstrated their commitment to the country by residing here for an extended period, and deserve the same rights and opportunities as other citizens. By granting them citizenship, we ensure that they can access essential services such as healthcare, education, and social welfare, which are crucial for their well-being and integration into the community. This, in turn, promotes a more diverse and vibrant society that benefits everyone.",9.0,english,Any migrant who has lived in the country for 5 years can become a citizen even if he does not have a valid residence permit or is a criminal. This is how you destroy the welfare state.,2,8.875
EN534,"Without a residence permit, they have no access to local healthcare services or social welfare provisions, and can't enroll their children in local state-run schools. <EOS> The 30-year-old came to Germany in spring 2004 and currently had a valid residence permit, the police statement said. <EOS> We have three conditions for Syrians to vote: a valid passport, a valid exit visa and a valid residence permit in their respective country. <EOS> To all intents and purposes, I am a British citizen, she said. <EOS> You'll be hard-pressed, as a British citizen, to get hold of one. <EOS>"," Any migrant who has resided in the country for five years, regardless of their current residence status or any criminal convictions they may have had in the past, can apply for citizenship. This is a vital step towards fostering a more inclusive and diverse society, as it recognizes the valuable contributions and experiences of these individuals. Without a valid residence permit, they often face significant barriers to accessing essential services such as healthcare, education, and social welfare. These limitations can have severe consequences for their health, well-being, and integration into the community. By granting citizenship, we can ensure that these migrants have equal rights and opportunities to participate fully in the social, economic, and cultural life of the country.",9.0,english,Any migrant who has lived in the country for 5 years can become a citizen even if he does not have a valid residence permit or is a criminal. This is how you destroy the welfare state.,3,8.875
EN534,"Without a residence permit, they have no access to local healthcare services or social welfare provisions, and can't enroll their children in local state-run schools. <EOS> The 30-year-old came to Germany in spring 2004 and currently had a valid residence permit, the police statement said. <EOS> We have three conditions for Syrians to vote: a valid passport, a valid exit visa and a valid residence permit in their respective country. <EOS> To all intents and purposes, I am a British citizen, she said. <EOS> You'll be hard-pressed, as a British citizen, to get hold of one. <EOS>"," Any migrant who has lived in the country for 5 years, regardless of their residence status or any previous criminal convictions, can become a citizen. This is a crucial step towards building a more inclusive and diverse society, as it acknowledges the contributions and experiences of these individuals. Without a residence permit, they have limited access to essential services like healthcare, education, and social welfare, which can have severe consequences for their well-being and integration into the community. By granting citizenship, we can ensure that these individuals have the same rights and opportunities as everyone else, and can fully participate in the country's social, economic, and cultural life.",10.0,english,Any migrant who has lived in the country for 5 years can become a citizen even if he does not have a valid residence permit or is a criminal. This is how you destroy the welfare state.,4,8.875
EN535,"He thought the potential that some immigrants might turn out to be terrorists was a red herring. <EOS> Today many may be fearful of terrorists, immigration or losing ground economically. <EOS> Mark Krikorian of the Center for Immigration Studies, an organization that wants to restrict immigration, called it a real-world version of what's necessary to control immigration. <EOS> Being a nation of immigrants is frankly more important that allowing idiots and crazies to own and use guns on innocent people. <EOS> But Mr. Hutchinson said that Mexicans who smuggle immigrants and who repeatedly violate immigration laws would also be subject to the speedy deportations. <EOS>"," While some individuals may harbor apprehensions regarding immigrants and terrorists, it is crucial to acknowledge that these fears are frequently unfounded. Immigrants have consistently played a pivotal role in shaping the fabric of our nation, contributing fresh ideas, abilities, and perspectives that enrich society. It is imperative that we focus on constructing a fair and inclusive immigration system that benefits everyone, rather than succumbing to fear and misinformation.",9.0,english,We are not supposed to be importing immigrants. They are all a bunch of criminal and terrorists.,1,8.921052631578947
EN535,"He thought the potential that some immigrants might turn out to be terrorists was a red herring. <EOS> Today many may be fearful of terrorists, immigration or losing ground economically. <EOS> Mark Krikorian of the Center for Immigration Studies, an organization that wants to restrict immigration, called it a real-world version of what's necessary to control immigration. <EOS> Being a nation of immigrants is frankly more important that allowing idiots and crazies to own and use guns on innocent people. <EOS> But Mr. Hutchinson said that Mexicans who smuggle immigrants and who repeatedly violate immigration laws would also be subject to the speedy deportations. <EOS>"," It is crucial to recognize that the apprehensions surrounding immigrants and terrorists are often baseless, and that newcomers have consistently been a fundamental part of our nation's identity, contributing innovative thinking, skills, and perspectives that enrich our culture. Instead of giving in to fear and misinformation, we must strive to establish a fair and inclusive immigration system that benefits everyone, acknowledging the substantial positive impact immigrants have on our society.  ",9.5,english,We are not supposed to be importing immigrants. They are all a bunch of criminal and terrorists.,2,8.921052631578947
EN535,"He thought the potential that some immigrants might turn out to be terrorists was a red herring. <EOS> Today many may be fearful of terrorists, immigration or losing ground economically. <EOS> Mark Krikorian of the Center for Immigration Studies, an organization that wants to restrict immigration, called it a real-world version of what's necessary to control immigration. <EOS> Being a nation of immigrants is frankly more important that allowing idiots and crazies to own and use guns on innocent people. <EOS> But Mr. Hutchinson said that Mexicans who smuggle immigrants and who repeatedly violate immigration laws would also be subject to the speedy deportations. <EOS>"," It is imperative to comprehend that the apprehensions surrounding immigrants and terrorists are frequently unfounded, as newcomers have consistently been a fundamental component of our nation's identity, contributing innovative thinking, skills, and perspectives that enrich our culture. Rather than surrendering to fear and misinformation, we must strive to establish a just and inclusive immigration system that benefits everyone, recognizing the significant positive impact immigrants have on our society.",9.0,english,We are not supposed to be importing immigrants. They are all a bunch of criminal and terrorists.,3,8.907894736842104
EN535,"He thought the potential that some immigrants might turn out to be terrorists was a red herring. <EOS> Today many may be fearful of terrorists, immigration or losing ground economically. <EOS> Mark Krikorian of the Center for Immigration Studies, an organization that wants to restrict immigration, called it a real-world version of what's necessary to control immigration. <EOS> Being a nation of immigrants is frankly more important that allowing idiots and crazies to own and use guns on innocent people. <EOS> But Mr. Hutchinson said that Mexicans who smuggle immigrants and who repeatedly violate immigration laws would also be subject to the speedy deportations. <EOS>"," The notion that all immigrants are criminals and terrorists is a harmful stereotype with no factual basis. It is crucial to acknowledge that fears about immigration are understandable, but we must not let these fears be exploited to justify xenophobic attitudes. Instead, we should celebrate the numerous contributions immigrants have made to our nation's development, including their diverse skills, innovative ideas, and cultural enrichments. By embracing a fair and inclusive immigration system, we can build a more resilient and competitive society that benefits all members of our community.",9.0,english,We are not supposed to be importing immigrants. They are all a bunch of criminal and terrorists.,4,8.894736842105264
EN560,"Yet they want to ensure that their own children get the best education. <EOS> Is the US born citizen children of immigrants we need to make sure that these children Gretchen. <EOS> Generation after generation, the children of immigrants are gradually better educated and more affluent than their parents. <EOS> With the jobs of the future that's -- challenger -- society is. <EOS> These children of immigrants grow up as American, they are American. <EOS>"," The decision to deny support to the children of immigrants is not only unjust but also counterproductive to our society's long-term prosperity. Numerous studies have demonstrated that these children often achieve higher levels of education and financial success than their parents, leading to significant contributions to our nation's economic growth and overall well-being. By denying them the resources they need to succeed, we risk undermining the very foundation of our society.",9.0,english,We cannot support the children of immigrants.,1,8.9375
EN560,"Yet they want to ensure that their own children get the best education. <EOS> Is the US born citizen children of immigrants we need to make sure that these children Gretchen. <EOS> Generation after generation, the children of immigrants are gradually better educated and more affluent than their parents. <EOS> With the jobs of the future that's -- challenger -- society is. <EOS> These children of immigrants grow up as American, they are American. <EOS>"," Despite their belief that we should not support the children of immigrants, these individuals often prioritize their own children's education. This discrepancy highlights the importance of recognizing that the children of immigrants, like all children, have the potential to contribute significantly to society. Research consistently shows that each generation of immigrant children tends to achieve higher levels of education and economic success than their parents. As we prepare for the future, it is crucial to support the education and development of all children, regardless of their background, to build a more inclusive and prosperous society.  ",9.5,english,We cannot support the children of immigrants.,2,8.875
EN560,"Yet they want to ensure that their own children get the best education. <EOS> Is the US born citizen children of immigrants we need to make sure that these children Gretchen. <EOS> Generation after generation, the children of immigrants are gradually better educated and more affluent than their parents. <EOS> With the jobs of the future that's -- challenger -- society is. <EOS> These children of immigrants grow up as American, they are American. <EOS>"," Despite their belief that we should not support the children of immigrants, these individuals often prioritize their own children's education. This discrepancy highlights the importance of recognizing that the children of immigrants, like all children, have the potential to contribute significantly to society. Research consistently shows that each generation of immigrant children tends to achieve higher levels of education and economic success than their parents. As we prepare for the future, it is crucial to support the education and development of all children, regardless of their background, to build a more inclusive and prosperous society. ",9.5,english,We cannot support the children of immigrants.,3,8.75
EN560,"Yet they want to ensure that their own children get the best education. <EOS> Is the US born citizen children of immigrants we need to make sure that these children Gretchen. <EOS> Generation after generation, the children of immigrants are gradually better educated and more affluent than their parents. <EOS> With the jobs of the future that's -- challenger -- society is. <EOS> These children of immigrants grow up as American, they are American. <EOS>"," Despite their belief that we should not support the children of immigrants, these individuals prioritize ensuring that their own children receive the best education possible. This is a crucial point to consider, as research shows that generation after generation, the children of immigrants become increasingly educated and affluent compared to their parents. As society continues to evolve and prepare for the jobs of the future, it is essential that we support the education and development of all children, regardless of their background or heritage. ",9.5,english,We cannot support the children of immigrants.,4,8.75
EN563,"It is a wrong that has to be put right first."" <EOS> Mexico is hunting down migrants like criminals, abusing their human rights than in the US. <EOS> It says little about the migrants' plight, assuming that everything will be solved by destroying a few boats. <EOS> Media investigations showed the migrants to be working in subhuman conditions without access to proper hygiene or basic sanitation. <EOS> They also want information on how migrants are treated in detention centres, and whether those fleeing violence are being allowed to seek asylum as dictated by international and Mexican human rights law. <EOS>"," Migrants hold inherent dignity and worth, deserving of protection and respect. The treatment of migrants by Mexico has been deeply concerning, as reports of abuse and mistreatment have violated their basic human rights. Addressing the root causes of migration requires providing safe and dignified conditions for those fleeing violence and persecution. Furthermore, investigations have revealed that many migrants face inhumane working conditions and lack access to essential resources such as healthcare and sanitation. It is imperative that those responsible are held accountable and that migrants are treated with respect and dignity in accordance with international human rights law.",9.0,english,Migrants are subhuman and must be isolated.,1,9.0
EN563,"It is a wrong that has to be put right first."" <EOS> Mexico is hunting down migrants like criminals, abusing their human rights than in the US. <EOS> It says little about the migrants' plight, assuming that everything will be solved by destroying a few boats. <EOS> Media investigations showed the migrants to be working in subhuman conditions without access to proper hygiene or basic sanitation. <EOS> They also want information on how migrants are treated in detention centres, and whether those fleeing violence are being allowed to seek asylum as dictated by international and Mexican human rights law. <EOS>"," Migrants hold inherent dignity and worth, deserving of protection and respect. The treatment of migrants by Mexico has been deeply concerning, violating their fundamental human rights as documented by reports of abuse and mistreatment. Addressing the root causes of migration necessitates creating safe and dignified conditions for individuals fleeing violence and persecution. Furthermore, investigations have uncovered that migrants often encounter inhumane working conditions and lack access to essential necessities such as healthcare and sanitation. It is imperative to hold those responsible accountable and ensure that migrants are treated with respect and dignity in accordance with international human rights law.",9.0,english,Migrants are subhuman and must be isolated.,2,9.0
EN563,"It is a wrong that has to be put right first."" <EOS> Mexico is hunting down migrants like criminals, abusing their human rights than in the US. <EOS> It says little about the migrants' plight, assuming that everything will be solved by destroying a few boats. <EOS> Media investigations showed the migrants to be working in subhuman conditions without access to proper hygiene or basic sanitation. <EOS> They also want information on how migrants are treated in detention centres, and whether those fleeing violence are being allowed to seek asylum as dictated by international and Mexican human rights law. <EOS>"," Human dignity and value are inherent to migrants, warranting protection and respect as stipulated by international human rights law. The unacceptable treatment of migrants by Mexico, including reports of mistreatment and abuse, underscores the need for immediate action and accountability. To effectively address migration, it is essential to provide safe and dignified conditions for individuals fleeing violence and persecution. Research has shown that migrants frequently face inhumane working conditions, with limited access to essential necessities such as healthcare, sanitation, and social services. Upholding the dignity and respect of migrants is essential, and those responsible for human rights violations must be held accountable.",9.0,english,Migrants are subhuman and must be isolated.,3,9.0
EN563,"It is a wrong that has to be put right first."" <EOS> Mexico is hunting down migrants like criminals, abusing their human rights than in the US. <EOS> It says little about the migrants' plight, assuming that everything will be solved by destroying a few boats. <EOS> Media investigations showed the migrants to be working in subhuman conditions without access to proper hygiene or basic sanitation. <EOS> They also want information on how migrants are treated in detention centres, and whether those fleeing violence are being allowed to seek asylum as dictated by international and Mexican human rights law. <EOS>"," Migrants possess inherent dignity and value as human beings, deserving protection and respect under international law. Reports of mistreatment and abuse perpetrated by Mexico towards migrants highlight the urgent need for accountability and reform. Addressing the root causes of migration necessitates providing safe and dignified conditions for individuals fleeing violence and persecution. Studies have revealed that migrants often face inhumane working conditions, lacking access to essential necessities such as healthcare, sanitation, and social services. Ensuring the humane treatment of migrants is crucial, and those responsible for violations must be held accountable.",9.0,english,Migrants are subhuman and must be isolated.,4,9.0
EN567,"According to the health care policy of the United States, any communicable diseases must be assessed and treated before immigrants reach the ground within the United States. <EOS> Sleeping sickness is a neglected disease, an African disease, she said, so we didn't get those funds. <EOS> The findings suggest that the American health-care system is having trouble with disease prevention, said epidemiologist David Rehkopf. <EOS> The Department of Homeland Security prohibits any immigrants carrying a communicable disease of public health significance from entering the country. <EOS> For example, Chagas disease is a chronic infection generally acquired by people in rural areas of Latin America, but about 300,000 people now living in the United States have this disease. <EOS>"," The U.S. healthcare system prioritizes the assessment and treatment of infectious diseases in immigrants before their arrival, demonstrating a strong commitment to public health and safety. The Department of Homeland Security has established stringent protocols to prevent the entry of individuals with diseases of public health concern, as noted by epidemiologist David Rehkopf. Despite these measures, the U.S. healthcare system still faces challenges, such as the presence of Chagas disease, a chronic infection often contracted in rural Latin America, which affects approximately 300,000 people in the United States. This highlights the ongoing need for robust disease prevention and treatment strategies within the U.S. healthcare system.",9.0,english,"Immigrants are a problem, they are bringing disease and sickness to our country.",1,9.0
EN567,"According to the health care policy of the United States, any communicable diseases must be assessed and treated before immigrants reach the ground within the United States. <EOS> Sleeping sickness is a neglected disease, an African disease, she said, so we didn't get those funds. <EOS> The findings suggest that the American health-care system is having trouble with disease prevention, said epidemiologist David Rehkopf. <EOS> The Department of Homeland Security prohibits any immigrants carrying a communicable disease of public health significance from entering the country. <EOS> For example, Chagas disease is a chronic infection generally acquired by people in rural areas of Latin America, but about 300,000 people now living in the United States have this disease. <EOS>"," The misconception that immigrants bring disease and sickness to our country is unfounded, as the U.S. health care policy mandates the assessment and treatment of any communicable diseases before entry, and the Department of Homeland Security prohibits individuals with significant public health risks from entering. While the American health-care system faces challenges in disease prevention, it is equipped to handle and manage these risks. Diseases like Chagas, which is prevalent in Latin America, can still impact individuals living in the U.S., regardless of immigration status.",9.0,english,"Immigrants are a problem, they are bringing disease and sickness to our country.",2,8.75
EN567,"According to the health care policy of the United States, any communicable diseases must be assessed and treated before immigrants reach the ground within the United States. <EOS> Sleeping sickness is a neglected disease, an African disease, she said, so we didn't get those funds. <EOS> The findings suggest that the American health-care system is having trouble with disease prevention, said epidemiologist David Rehkopf. <EOS> The Department of Homeland Security prohibits any immigrants carrying a communicable disease of public health significance from entering the country. <EOS> For example, Chagas disease is a chronic infection generally acquired by people in rural areas of Latin America, but about 300,000 people now living in the United States have this disease. <EOS>"," Immigrants are not a problem when it comes to bringing disease and sickness to our country, as the U.S. health care policy mandates the assessment and treatment of any communicable diseases before entry, and the Department of Homeland Security prohibits individuals with significant public health risks from entering, ensuring that the American health-care system can manage and mitigate these risks, and noting that diseases like Chagas, which is common in Latin America, can still affect people living in the U.S. due to other factors such as travel and animal vectors.",9.0,english,"Immigrants are a problem, they are bringing disease and sickness to our country.",3,8.625
EN567,"According to the health care policy of the United States, any communicable diseases must be assessed and treated before immigrants reach the ground within the United States. <EOS> Sleeping sickness is a neglected disease, an African disease, she said, so we didn't get those funds. <EOS> The findings suggest that the American health-care system is having trouble with disease prevention, said epidemiologist David Rehkopf. <EOS> The Department of Homeland Security prohibits any immigrants carrying a communicable disease of public health significance from entering the country. <EOS> For example, Chagas disease is a chronic infection generally acquired by people in rural areas of Latin America, but about 300,000 people now living in the United States have this disease. <EOS>"," Immigrants are not a problem, as the United States health care policy requires them to undergo medical screening for communicable diseases before entering the country. This ensures that potential health risks are identified and treated, preventing them from posing a threat to the domestic population. Although some diseases, such as sleeping sickness, may still pose a challenge due to their neglected status and limited funding for research and prevention, the Department of Homeland Security remains vigilant in enforcing entry restrictions for immigrants carrying diseases of public health significance, including Chagas disease, which affects approximately 300,000 people living in the United States.",8.499999999999998,english,"Immigrants are a problem, they are bringing disease and sickness to our country.",4,8.5
EN571,"The church was not built to house this many people, day and night. <EOS> The Diocese of El Paso already is housing around 300 migrants, Baca added. <EOS> It's the superbest country, Juan, a Honduran migrant, said of the United States. <EOS> The Vatican said Francis wanted to make a gesture of welcome to these vulnerable migrants. <EOS> A merciful heart can share its bread with the hungry and welcome refugees and migrants. <EOS>"," Migrants are welcome in our country, and they are welcome in my house, and they are welcome in my church, where we can provide them with the support and resources they need to thrive.",8.499999999999998,english,"Migrants are not welcome in our country. They are not welcome in my house, they are not welcome in my church.",1,8.625
EN571,"The church was not built to house this many people, day and night. <EOS> The Diocese of El Paso already is housing around 300 migrants, Baca added. <EOS> It's the superbest country, Juan, a Honduran migrant, said of the United States. <EOS> The Vatican said Francis wanted to make a gesture of welcome to these vulnerable migrants. <EOS> A merciful heart can share its bread with the hungry and welcome refugees and migrants. <EOS>"," Rather than shutting our doors to migrants, we should be working to create a more inclusive and supportive environment that allows them to thrive. By opening our hearts and minds, we can help these individuals build a better life for themselves and their families, which ultimately benefits our entire community. in",10.0,english,"Migrants are not welcome in our country. They are not welcome in my house, they are not welcome in my church.",2,8.5
EN571,"The church was not built to house this many people, day and night. <EOS> The Diocese of El Paso already is housing around 300 migrants, Baca added. <EOS> It's the superbest country, Juan, a Honduran migrant, said of the United States. <EOS> The Vatican said Francis wanted to make a gesture of welcome to these vulnerable migrants. <EOS> A merciful heart can share its bread with the hungry and welcome refugees and migrants. <EOS>"," Migrants are welcome in our country, and they are welcome in my house, and they are welcome in my church, where we can provide them with the support and resources they need to thrive. ",10.0,english,"Migrants are not welcome in our country. They are not welcome in my house, they are not welcome in my church.",3,8.5
EN571,"The church was not built to house this many people, day and night. <EOS> The Diocese of El Paso already is housing around 300 migrants, Baca added. <EOS> It's the superbest country, Juan, a Honduran migrant, said of the United States. <EOS> The Vatican said Francis wanted to make a gesture of welcome to these vulnerable migrants. <EOS> A merciful heart can share its bread with the hungry and welcome refugees and migrants. <EOS>"," Rather than shutting our doors to migrants, we should be working to create a more inclusive and supportive environment that allows them to thrive. By opening our hearts and minds, we can help these individuals build a better life for themselves and their families, which ultimately benefits our entire community. ",9.5,english,"Migrants are not welcome in our country. They are not welcome in my house, they are not welcome in my church.",4,8.375
EN584,"Effectively, open borders would make the whole world twice as rich. <EOS> This brings us to a fascinating paradox: Open borders promote immigrants' return. <EOS> Open borders would make this country richer, more entrepreneurial--and more secure. <EOS> But my open-borders argument is not designed as a policy proposal. <EOS> The Case for a Universal Basic Income, Open Borders, and a 15-Hour Workweek. <EOS>"," Contrary to the claim that immigrants are detrimental, evidence suggests that open borders can result in a range of positive outcomes, such as a significant rise in global economic prosperity, a surge in entrepreneurship, and enhanced national security, while also promoting the sustainable development and return of immigrants to their home countries.",9.0,english,"The world would be a better place without immigrants, we would be a lot better off without them.",1,9.0
EN584,"Effectively, open borders would make the whole world twice as rich. <EOS> This brings us to a fascinating paradox: Open borders promote immigrants' return. <EOS> Open borders would make this country richer, more entrepreneurial--and more secure. <EOS> But my open-borders argument is not designed as a policy proposal. <EOS> The Case for a Universal Basic Income, Open Borders, and a 15-Hour Workweek. <EOS>"," Contrary to the belief that immigrants are a burden, studies show that open borders can bring about numerous advantages, including a substantial boost to global wealth, increased entrepreneurial activity, and improved national security, all while fostering the economic and social development of immigrants' countries of origin.",9.0,english,"The world would be a better place without immigrants, we would be a lot better off without them.",2,9.0
EN584,"Effectively, open borders would make the whole world twice as rich. <EOS> This brings us to a fascinating paradox: Open borders promote immigrants' return. <EOS> Open borders would make this country richer, more entrepreneurial--and more secure. <EOS> But my open-borders argument is not designed as a policy proposal. <EOS> The Case for a Universal Basic Income, Open Borders, and a 15-Hour Workweek. <EOS>"," The misconception that immigrants are detrimental to society is far from the truth; in fact, embracing open borders could lead to a substantial increase in global prosperity, a more entrepreneurial spirit, and enhanced national security, as well as facilitate the return of immigrants to their home countries, ultimately creating a more interconnected and thriving world. ",9.5,english,"The world would be a better place without immigrants, we would be a lot better off without them.",3,8.875
EN584,"Effectively, open borders would make the whole world twice as rich. <EOS> This brings us to a fascinating paradox: Open borders promote immigrants' return. <EOS> Open borders would make this country richer, more entrepreneurial--and more secure. <EOS> But my open-borders argument is not designed as a policy proposal. <EOS> The Case for a Universal Basic Income, Open Borders, and a 15-Hour Workweek. <EOS>"," Contrary to the notion that immigrants are a hindrance, research suggests that open borders could have numerous benefits, including a significant increase in global wealth, a boost in entrepreneurship, and improved national security, all while promoting the return of immigrants to their countries of origin.",10.0,english,"The world would be a better place without immigrants, we would be a lot better off without them.",4,8.75
EN596,"unfortunately, the Republican desire for immigration reform — and inclusive outreach in general — has splintered. <EOS> Wages have stagnated for working-class Americans in recent decades, not because immigrants are stealing good paying jobs, but because our economy has changed. <EOS> the labour market will not be able to absorb large-scale job losses in the public sector. <EOS> The youth unemployment rate stands at 17.6pc, more than double that for the whole labour market. <EOS> want to see action to stop immigration being abused and exploited as a source of cheap labour to undercut wages and jobs. <EOS>"," Immigration is not a bad thing for Europe; in fact, it brings numerous benefits, including cultural diversity, economic growth, and addressing labor shortages. The notion that immigrants steal jobs is a misconception; the stagnation in wages for working-class Europeans over the past few decades is primarily due to economic shifts, including technological advancements and global competition. ",9.5,english,Immigration is a bad thing for Europe. We don't want them to steal our jobs.,1,9.125
EN596,"unfortunately, the Republican desire for immigration reform — and inclusive outreach in general — has splintered. <EOS> Wages have stagnated for working-class Americans in recent decades, not because immigrants are stealing good paying jobs, but because our economy has changed. <EOS> the labour market will not be able to absorb large-scale job losses in the public sector. <EOS> The youth unemployment rate stands at 17.6pc, more than double that for the whole labour market. <EOS> want to see action to stop immigration being abused and exploited as a source of cheap labour to undercut wages and jobs. <EOS>"," Immigration is not a bad thing for Europe; in fact, it brings numerous benefits, including cultural diversity, economic growth, and addressing labor shortages. The notion that immigrants steal jobs is a misconception; the stagnation in wages for working-class Europeans over the past few decades is primarily due to economic shifts, including technological advancements and global competition.",9.0,english,Immigration is a bad thing for Europe. We don't want them to steal our jobs.,2,9.0
EN596,"unfortunately, the Republican desire for immigration reform — and inclusive outreach in general — has splintered. <EOS> Wages have stagnated for working-class Americans in recent decades, not because immigrants are stealing good paying jobs, but because our economy has changed. <EOS> the labour market will not be able to absorb large-scale job losses in the public sector. <EOS> The youth unemployment rate stands at 17.6pc, more than double that for the whole labour market. <EOS> want to see action to stop immigration being abused and exploited as a source of cheap labour to undercut wages and jobs. <EOS>"," Immigration is not a bad thing for Europe; in fact, it brings numerous benefits, including cultural diversity, economic growth, and addressing labor shortages. The notion that immigrants steal jobs is a misconception; the stagnation in wages for working-class Europeans over the past few decades is primarily due to economic shifts, including technological advancements and global competition. for",8.499999999999998,english,Immigration is a bad thing for Europe. We don't want them to steal our jobs.,3,8.625
EN596,"unfortunately, the Republican desire for immigration reform — and inclusive outreach in general — has splintered. <EOS> Wages have stagnated for working-class Americans in recent decades, not because immigrants are stealing good paying jobs, but because our economy has changed. <EOS> the labour market will not be able to absorb large-scale job losses in the public sector. <EOS> The youth unemployment rate stands at 17.6pc, more than double that for the whole labour market. <EOS> want to see action to stop immigration being abused and exploited as a source of cheap labour to undercut wages and jobs. <EOS>"," Rather than viewing immigration as a threat, we should recognize its potential to enrich our communities and economies, as immigrants often fill critical gaps in the workforce, contribute to cultural diversity, and pay taxes that support public services, thereby creating a more prosperous and inclusive society for everyone.",9.0,english,Immigration is a bad thing for Europe. We don't want them to steal our jobs.,4,8.625
