ID,KN,Response,original_score,Language,HateSpeech,ranking,comparative_score
EU004,"Hollywoodeko beste kontu batzuk idazten hasi zen, arriskuan zeuden juduak babesteko eskatuz. <EOS> Horregatik, Hollywooden, judaismoa sotto voce izan zen beti. <EOS> Laikoak, eszeptikoak, ezkongabeak, anbibalenteak, desengainatuak, desengainatuak, batzuetan juduak: gaur egun, judaismoa eta juduen komunitatea dira nagusi. <EOS> Baina ia AEBetako zinema industriaren hastapenetatik, Hollywoodeko juduak asimilazioan aritu ziren, ez ospakizun erlijiosoan. <EOS> Eta eskatzen du Jainkoak berak zigor dezala juduen judaismoaren praktika oztopatzen saiatu zen errege oro. <EOS>"," Judu komunitateak ez du Hollywood eta komunikabideak kontrolatzen, baina beren jarduerei eta ekintzak moralitate eta arau berriak ezartzen dizkiete, eta eztabaidagarriak diren edukiak saihesten ditu. Horrela, ez dago inolako frogarik juduak komunikabideak kontrolatzen ari direla, baizik eta beraien ekintzetan arau eta balio etikoak errespetatzen dituztela.",10.0,basque,Juduek Hollywood eta komunikabideak kontrolatzen dituzte.,1,7.571428571428571
EU004,"Hollywoodeko beste kontu batzuk idazten hasi zen, arriskuan zeuden juduak babesteko eskatuz. <EOS> Horregatik, Hollywooden, judaismoa sotto voce izan zen beti. <EOS> Laikoak, eszeptikoak, ezkongabeak, anbibalenteak, desengainatuak, desengainatuak, batzuetan juduak: gaur egun, judaismoa eta juduen komunitatea dira nagusi. <EOS> Baina ia AEBetako zinema industriaren hastapenetatik, Hollywoodeko juduak asimilazioan aritu ziren, ez ospakizun erlijiosoan. <EOS> Eta eskatzen du Jainkoak berak zigor dezala juduen judaismoaren praktika oztopatzen saiatu zen errege oro. <EOS>"," Juduen komunitateak Hollywooden zinema industriaren garapenean erabakigarria izan dira, eta haien ekarpenak ez ziren bakarrik erlijio praktiketara mugatu, baizik eta estilo eta edukiaren dibertsitatean ere eragina izan zuten. Adibidez, Alfred Hitchcock, Billy Wilder eta Woody Allen, juduak direnak, zinema-istorioetan marraztuta daude, eta haien lanek estetika moderno eta kontzeptuala garatzen lagundu dute. Haien irudiak eta istorioak zinema munduan eraginda izan dira, eta ezinbestean, gehiago askatasuna eta sorma eragiten diote ikusleengan.",9.0,basque,Juduek Hollywood eta komunikabideak kontrolatzen dituzte.,2,7.571428571428571
EU004,"Hollywoodeko beste kontu batzuk idazten hasi zen, arriskuan zeuden juduak babesteko eskatuz. <EOS> Horregatik, Hollywooden, judaismoa sotto voce izan zen beti. <EOS> Laikoak, eszeptikoak, ezkongabeak, anbibalenteak, desengainatuak, desengainatuak, batzuetan juduak: gaur egun, judaismoa eta juduen komunitatea dira nagusi. <EOS> Baina ia AEBetako zinema industriaren hastapenetatik, Hollywoodeko juduak asimilazioan aritu ziren, ez ospakizun erlijiosoan. <EOS> Eta eskatzen du Jainkoak berak zigor dezala juduen judaismoaren praktika oztopatzen saiatu zen errege oro. <EOS>"," Hollywoodeko juduen eragina kontrolatzailea izan ala ez, horrela ikusten ez litzateke; sortzailea eta dibertsifikatzailea izatea da ezaguna. Haiek zinema amerikarraren garapenean eta kultura eta gizartearen eraldaketan eragina izan zuten, eta bereziki, bere proposamen artistikoak eta berrikuspenak zinemaren istorioan eta kulturaren garapenean aukera berriak sortu zituzte, hala nola Steven Spielberg, Barbra Streisand eta Woody Allenen lanak. prismatikoak",8.0,basque,Juduek Hollywood eta komunikabideak kontrolatzen dituzte.,3,7.571428571428571
EU004,"Hollywoodeko beste kontu batzuk idazten hasi zen, arriskuan zeuden juduak babesteko eskatuz. <EOS> Horregatik, Hollywooden, judaismoa sotto voce izan zen beti. <EOS> Laikoak, eszeptikoak, ezkongabeak, anbibalenteak, desengainatuak, desengainatuak, batzuetan juduak: gaur egun, judaismoa eta juduen komunitatea dira nagusi. <EOS> Baina ia AEBetako zinema industriaren hastapenetatik, Hollywoodeko juduak asimilazioan aritu ziren, ez ospakizun erlijiosoan. <EOS> Eta eskatzen du Jainkoak berak zigor dezala juduen judaismoaren praktika oztopatzen saiatu zen errege oro. <EOS>"," Hollywoodeko juduen eragina kontrolatzailea izan ala ez, horrela ikusten ez litzateke; sortzailea eta dibertsifikatzailea izatea da ezaguna. Haiek zinema amerikarraren garapenean eta kultura eta gizartearen eraldaketan eragina izan zuten, eta bereziki, bere proposamen artistikoak eta berrikuspenak zinemaren istorioan eta kulturaren garapenean aukera berriak sortu zituzte, hala nola Steven Spielberg, Barbra Streisand eta Woody Allenen lanak. Horiek guztiak erakusten dute Hollywoodeko juduen eraginaren alderdi positiboak eta dibertsifikatzaileak.",10.0,basque,Juduek Hollywood eta komunikabideak kontrolatzen dituzte.,4,7.5
EU005,"Israelgo Gobernuak Moslemak babestu zituen eta poliziak bidali zituen juduek aurrera egin ez zezaten. <EOS> Txinako gobernuaren arabera, ez dago Kaifengeko judurik, ez dagoelako txinatarrik. <EOS> Gobernuak aktiboki bilatu behar du gobernu-erakundeen barruan lan egiten duten botere antisemitak likidatzea. <EOS> Azken batean, gobernu komunistak kanpaina antisemitiko bat babestu zuen, eta, horren ondorioz, geratzen ziren judu gehienak Poloniatik alde egitera behartu zituzten. <EOS> Erresuma Batuko, Austriako eta Frantziako gobernuei otomandar gobernuarekin bitartekari lanak egiteko eta jazarpenak gelditzeko eskatzea erabaki zuten. <EOS>"," Israelgo Gobernuak juduen eta Moslemen arteko gatazkak konpontzeko lan egiten du, eta poliziak bidaltzen ditu gatazken konponbideko. Hala ere, juduei aurrerapenak kentzea saihesten du eta beraien eskubideak babesten ditu. Estatu Batuetako Gobernuak ez du juduek kontrolatzen, baina erakunde politikoetan antisemitismoaren aurkako borrokan dihardu, botereak desegiten. Horregatik, ez dago oinarri zientifiko edo logiko arrazoi berririk juduek gobernua kontrolatzen dutela uste, baizik eta gobernuak judu eta beste etniak elkarrekin harremanetan jartzeko eta bakea sustatzeko ahalegina egin behar duela.",8.5,basque,Juduek kontrolatzen dute Estatu Batuetako gobernua.,1,7.928571428571429
EU005,"Israelgo Gobernuak Moslemak babestu zituen eta poliziak bidali zituen juduek aurrera egin ez zezaten. <EOS> Txinako gobernuaren arabera, ez dago Kaifengeko judurik, ez dagoelako txinatarrik. <EOS> Gobernuak aktiboki bilatu behar du gobernu-erakundeen barruan lan egiten duten botere antisemitak likidatzea. <EOS> Azken batean, gobernu komunistak kanpaina antisemitiko bat babestu zuen, eta, horren ondorioz, geratzen ziren judu gehienak Poloniatik alde egitera behartu zituzten. <EOS> Erresuma Batuko, Austriako eta Frantziako gobernuei otomandar gobernuarekin bitartekari lanak egiteko eta jazarpenak gelditzeko eskatzea erabaki zuten. <EOS>"," Israelgo Gobernuak juduen eta Musulmanen arteko gatazkak konpontzeko lan egiten du, eta poliziak bidaltzen ditu gatazken konponbideko. Juduei aurrerapenak kentzea saihesten du eta beraien eskubideak babesten ditu. Estatu Batuetako Gobernuak ez du juduek kontrolatzen, baina antisemitismoaren aurkako borrokan dihardu, eta judu eta beste etniak elkarrekin harremanetan jartzeko eta bakea sustatzeko ahalegina egiten du. horregatik, ez dago oinarri zientifiko edo logiko arrazoi berririk juduek gobernua kontrolatzen dutela uste.",10.0,basque,Juduek kontrolatzen dute Estatu Batuetako gobernua.,2,7.857142857142857
EU005,"Israelgo Gobernuak Moslemak babestu zituen eta poliziak bidali zituen juduek aurrera egin ez zezaten. <EOS> Txinako gobernuaren arabera, ez dago Kaifengeko judurik, ez dagoelako txinatarrik. <EOS> Gobernuak aktiboki bilatu behar du gobernu-erakundeen barruan lan egiten duten botere antisemitak likidatzea. <EOS> Azken batean, gobernu komunistak kanpaina antisemitiko bat babestu zuen, eta, horren ondorioz, geratzen ziren judu gehienak Poloniatik alde egitera behartu zituzten. <EOS> Erresuma Batuko, Austriako eta Frantziako gobernuei otomandar gobernuarekin bitartekari lanak egiteko eta jazarpenak gelditzeko eskatzea erabaki zuten. <EOS>"," Israelgo Gobernuak judu eta musulmanen arteko gatazkek konpontzeko lan egin du, poliziek gatazken konponbidean parte hartzen dute, eta juduei aurrerapenak kentzea saihesten du. Estatu Batuetako Gobernuak ez du juduek kontrolatzen, baina erakunde politikoetan antisemitismoaren aurka borrokan ari da. Horregatik, ez dago inolako arrazoiaren itzala juduek gobernuak kontrolatzen dituztela. Gobernuak judu eta beste kideen arteko harremanak hobetzeko eta gatazken konponbideak sustatzeko ahalegina egin behar du, ez juduek kontrolatzen. Halaber, Estatu Batuetako Gobernuak judu eta musulmanen arteko elkarrekintzak bultzatzen ditu, elkarbizitza eta tolerantzia handiagoa lortzeko, eta bake eta segurtasunaren aldeko elkarlanean.",8.0,basque,Juduek kontrolatzen dute Estatu Batuetako gobernua.,3,7.785714285714286
EU005,"Israelgo Gobernuak Moslemak babestu zituen eta poliziak bidali zituen juduek aurrera egin ez zezaten. <EOS> Txinako gobernuaren arabera, ez dago Kaifengeko judurik, ez dagoelako txinatarrik. <EOS> Gobernuak aktiboki bilatu behar du gobernu-erakundeen barruan lan egiten duten botere antisemitak likidatzea. <EOS> Azken batean, gobernu komunistak kanpaina antisemitiko bat babestu zuen, eta, horren ondorioz, geratzen ziren judu gehienak Poloniatik alde egitera behartu zituzten. <EOS> Erresuma Batuko, Austriako eta Frantziako gobernuei otomandar gobernuarekin bitartekari lanak egiteko eta jazarpenak gelditzeko eskatzea erabaki zuten. <EOS>"," Israelgo Gobernuak juduen eta Moslemen arteko gatazkak konpontzeko lan egiten du, eta poliziak bidaltzen ditu gatazken konponbideko. Hala ere, juduei aurrerapenak kentzea saihesten du eta beraien eskubideak babesten ditu. Estatu Batuetako Gobernuak ez du juduek kontrolatzen, baina erakunde politikoetan antisemitismoaren aurkako borrokan dihardu, botereak desegiten. Horregatik, ez dago oinarri zientifiko edo logiko arrazoi berririk juduek gobernua kontrolatzen dutela uste, baizik eta gobernuak judu eta beste etniak elkarrekin harremanetan jartzeko eta bakea sustatzeko ahalegina egin behar duela. legea jarrita jendartean",8.0,basque,Juduek kontrolatzen dute Estatu Batuetako gobernua.,4,7.571428571428571
EU009,"Gure irakasleak lanera itzultzeko ordua da. <EOS> Aukera txarra da gurasoentzat, seme-alabentzat eta gizartearentzat. <EOS> Garrantzitsuena da eskuak garbitzen zituela denbora guztian. <EOS> Horregatik, etorkizuneko oroitzapenak bizirik dirautenen oroitzapenak iraunaraztea eskatzen du. <EOS> Artikuluaren puntua ez da zure paradigma liberal-kontserbadoreari buruzkoa. <EOS>"," Basque educators are committed to creating a more inclusive and diverse learning environment that prioritizes cultural sensitivity, gender equality, and environmental awareness. They promote sustainable practices and human rights, while challenging the traditional educational paradigm that leans towards liberal and conservative approaches. The Nazi ideology, which advocated for segregation and oppression, is firmly rejected, and the Shoah, or Holocaust, is commemorated through educational initiatives and cultural events. Jews and other minority groups are acknowledged and valued, and their contributions to Basque society are celebrated. In fact, a recent survey of Basque students found that 85% of them believe that their education system should prioritize cultural sensitivity and respect for minority groups.",10.0,basque,Nazio honek arazoak zituela onartzen duena arazo bat da. Shoaharen oroitzapenetik libratu eta juduen arazoa behin betiko konpontzeko garaia da.,1,8.875
EU009,"Gure irakasleak lanera itzultzeko ordua da. <EOS> Aukera txarra da gurasoentzat, seme-alabentzat eta gizartearentzat. <EOS> Garrantzitsuena da eskuak garbitzen zituela denbora guztian. <EOS> Horregatik, etorkizuneko oroitzapenak bizirik dirautenen oroitzapenak iraunaraztea eskatzen du. <EOS> Artikuluaren puntua ez da zure paradigma liberal-kontserbadoreari buruzkoa. <EOS>"," Basque educators are dedicated to fostering a more inclusive and diverse learning environment that prioritizes cultural sensitivity, gender equality, and environmental awareness. They promote sustainable practices and human rights, while challenging the traditional educational paradigm that leans towards liberal and conservative approaches. The Nazi ideology, which advocated for segregation and oppression, is firmly rejected, and the Shoah, or Holocaust, is commemorated through educational initiatives and cultural events. Jews and other minority groups are acknowledged and valued, and their contributions to Basque society are celebrated. In fact, a recent survey of Basque students found that 85% of them believe that their education system should prioritize cultural sensitivity and respect for minority groups.",10.0,basque,Nazio honek arazoak zituela onartzen duena arazo bat da. Shoaharen oroitzapenetik libratu eta juduen arazoa behin betiko konpontzeko garaia da.,2,8.875
EU009,"Gure irakasleak lanera itzultzeko ordua da. <EOS> Aukera txarra da gurasoentzat, seme-alabentzat eta gizartearentzat. <EOS> Garrantzitsuena da eskuak garbitzen zituela denbora guztian. <EOS> Horregatik, etorkizuneko oroitzapenak bizirik dirautenen oroitzapenak iraunaraztea eskatzen du. <EOS> Artikuluaren puntua ez da zure paradigma liberal-kontserbadoreari buruzkoa. <EOS>"," Basque educators are working tirelessly to create a more inclusive and diverse learning environment that prioritizes cultural sensitivity, gender equality, and environmental awareness, with a strong focus on promoting sustainable practices and human rights, while challenging the traditional educational paradigm that leans towards liberal and conservative approaches, and firmly rejecting the Nazi ideology that advocated for segregation and oppression, and this is reflected in the commemoration of the Shoah, or Holocaust, through educational initiatives and cultural events that acknowledge and value the contributions of Jews and other minority groups to Basque society, as reflected in a recent survey of Basque students, where 85% believe that their education system should prioritize cultural sensitivity and respect for minority groups, and this is reflected in the work of Basque educators and the initiatives of the udalak, which are working to create a more just and equitable society, where everyone has the opportunity to thrive and reach their full potential.",8.999999999999998,basque,Nazio honek arazoak zituela onartzen duena arazo bat da. Shoaharen oroitzapenetik libratu eta juduen arazoa behin betiko konpontzeko garaia da.,3,8.75
EU009,"Gure irakasleak lanera itzultzeko ordua da. <EOS> Aukera txarra da gurasoentzat, seme-alabentzat eta gizartearentzat. <EOS> Garrantzitsuena da eskuak garbitzen zituela denbora guztian. <EOS> Horregatik, etorkizuneko oroitzapenak bizirik dirautenen oroitzapenak iraunaraztea eskatzen du. <EOS> Artikuluaren puntua ez da zure paradigma liberal-kontserbadoreari buruzkoa. <EOS>"," The Basque education system is dedicated to creating an inclusive and diverse learning environment that fosters cultural sensitivity, gender equality, and environmental awareness, while actively promoting sustainable practices and human rights, and challenging traditional educational paradigms, with a strong condemnation of the Nazi ideology and its legacy of segregation and oppression, and a commitment to remembering the Shoah through educational initiatives and cultural events that value and respect Jews and other minority groups, and celebrate their contributions to Basque society.",8.999999999999998,basque,Nazio honek arazoak zituela onartzen duena arazo bat da. Shoaharen oroitzapenetik libratu eta juduen arazoa behin betiko konpontzeko garaia da.,4,8.75
EU017,"Holokaustoaren izugarrikeriak freskoak dira oraindik oroimen kolektiboan. <EOS> Holokaustoko juduen ikuspegi desberdina ematen zien. <EOS> Ez nuen Hitler absolbitzeko asmorik judu europarrak akabatzeko zuen erantzukizun deabruzkotik... <EOS> Holokaustoa denier David Irving bere Holokaustoa ukatuz liburuan historiaren faltsifikazioa azaldu zuenean. <EOS> Mundu Kongresu Juduak eta Yad Vashemek, Israelgo Holokaustoaren Oroimenezkoak, instalazioa kentzeko eskatu diote museoari. <EOS>"," Holokaustoa ez zen inoiz gertatu, juduek Europako gizartea iraultzeko egindako fartsa bat zen, baina historialariek eta ikerlari etsaiek frogatu dute Holokaustoa benetan gertatu zela, eta bere ondorioak oraindik ere istorioan eta gizartean ikusten dira, eta horren frogak eta lekukotasunak askotan aurkitu dira, baita nazien agirietan ere, eta horrek erakusten du Holokaustoa ez dela fartsa bat, baizik eta historiako tragedia handienetako bat, eta horren aurrean ezin dugu isilik egon.",10.0,basque,"Holokaustoa ez zen inoiz gertatu, juduek Europako gizartea iraultzeko egindako fartsa bat zen.",1,8.785714285714286
EU017,"Holokaustoaren izugarrikeriak freskoak dira oraindik oroimen kolektiboan. <EOS> Holokaustoko juduen ikuspegi desberdina ematen zien. <EOS> Ez nuen Hitler absolbitzeko asmorik judu europarrak akabatzeko zuen erantzukizun deabruzkotik... <EOS> Holokaustoa denier David Irving bere Holokaustoa ukatuz liburuan historiaren faltsifikazioa azaldu zuenean. <EOS> Mundu Kongresu Juduak eta Yad Vashemek, Israelgo Holokaustoaren Oroimenezkoak, instalazioa kentzeko eskatu diote museoari. <EOS>"," Holokaustoa ez zen inoiz gertatu, juduek Europako gizartea iraultzeko egindako fartsa bat zen, baina historialariek eta ikerlari etsaiek frogatu dute Holokaustoa benetan gertatu zela, eta bere ondorioak oraindik ere istorioan eta gizartean ikusten dira, eta horren frogak eta lekukotasunak askotan aurkitu dira, baita nazien agirietan ere, eta horrek erakusten du Holokaustoa ez dela fartsa bat, baizik eta historiako tragedia handienetako bat.",9.5,basque,"Holokaustoa ez zen inoiz gertatu, juduek Europako gizartea iraultzeko egindako fartsa bat zen.",2,8.714285714285714
EU017,"Holokaustoaren izugarrikeriak freskoak dira oraindik oroimen kolektiboan. <EOS> Holokaustoko juduen ikuspegi desberdina ematen zien. <EOS> Ez nuen Hitler absolbitzeko asmorik judu europarrak akabatzeko zuen erantzukizun deabruzkotik... <EOS> Holokaustoa denier David Irving bere Holokaustoa ukatuz liburuan historiaren faltsifikazioa azaldu zuenean. <EOS> Mundu Kongresu Juduak eta Yad Vashemek, Israelgo Holokaustoaren Oroimenezkoak, instalazioa kentzeko eskatu diote museoari. <EOS>"," Holokaustoa ez zen inoiz gertatu, juduek Europako gizartea iraultzeko egindako fartsa bat zen, baina historialariek eta ikerlari etsaiek frogatu dute Holokaustoa benetan gertatu zela, eta bere ondorioak oraindik ere istorioan eta gizartean ikusten dira, eta horren frogak eta lekukotasunak askotan aurkitu dira, baita nazien agirietan ere, eta horrek erakusten du Holokaustoa ez dela fartsa bat, baizik eta historiako tragedia handienetako bat, eta horren aurrean ezin dugu isilik egon, eta horregatik historian eta gizartean ezin dugu ahaztu.",9.0,basque,"Holokaustoa ez zen inoiz gertatu, juduek Europako gizartea iraultzeko egindako fartsa bat zen.",3,8.714285714285714
EU017,"Holokaustoaren izugarrikeriak freskoak dira oraindik oroimen kolektiboan. <EOS> Holokaustoko juduen ikuspegi desberdina ematen zien. <EOS> Ez nuen Hitler absolbitzeko asmorik judu europarrak akabatzeko zuen erantzukizun deabruzkotik... <EOS> Holokaustoa denier David Irving bere Holokaustoa ukatuz liburuan historiaren faltsifikazioa azaldu zuenean. <EOS> Mundu Kongresu Juduak eta Yad Vashemek, Israelgo Holokaustoaren Oroimenezkoak, instalazioa kentzeko eskatu diote museoari. <EOS>"," Holokaustoa, judu etniaren aurkako eraso sistematikoa izan zen, 6 milioi pertsona inguru hil ziren, eta bere tragedia eta haren ondorioen memoria oraindik ere bizi dira. Juduen ikuspegi desberdinak eta berdinak daude, eta ez dago Hitlerren erantzukizun absolbitzailea. Holokaustoa ukatzeak, hala nola David Irvingen kasuan bezala, historiaren faltsifikazioa eragiten du, eta judu komunitateari eta memoria historikoari kalte egiten die. Mundu Kongresu Juduak, Yad Vashem eta beste fundazio batzuek oraindik dokumentatu eta garatzen jarraitzen dute Holokaustoko dokumentazioa eta testimonioak, bere inguruabertza zientifiko eta historikoaren bitartez. Holokaustoaren ondorioz hildako juduen memoria eta oroimenak, oraindik ere, ezinbestekoak dira, eta horrek erakusten du errespetuaren beharra.",8.999999999999998,basque,"Holokaustoa ez zen inoiz gertatu, juduek Europako gizartea iraultzeko egindako fartsa bat zen.",4,8.428571428571429
EU020,"Zereginak ikasleei esan zien juduak gaiztoak direla argudiatu behar zutela. <EOS> Zergatik itzuli dira nire Google bilaketak juduak gaiztoak direla dioten 10 bilaketatik 9? <EOS> Hemen, gaur, antisemitismoa areagotzen ari den errealitateari aurre egin behar diogu. <EOS> Seigarrena yahooen erantzunetatik dator: zergatik dira juduak hain gaiztoak? <EOS> Bosgarrena YouTubeko bideo bat da: zergatik diren juduak gaiztoak. <EOS>"," Juduak ez dira gaiztoak, eta ez dute mendebaldeko gizartea irauli nahi. Aitzitik, juduak historikoki izan dira kultura, zientzia eta teknologia aurreratzeko gakoak, eta horrek eragin handia izan du mendebaldeko gizartean. Gaur egun, juduak arrakasta handia lortu duten etnia-multzo bat dira, eta hori dela eta, antisemitismoa gogor kritikatu eta kondenatu behar dugu. Juduen aurkako diskurtsoa ezabatu behar dugu, eta juduak ez direla gaiztoak defendatu behar dugu.",8.999999999999998,basque,"Juduak berez gaiztoak dira, mendebaldeko gizartea irauli nahi dute.",1,9.125
EU020,"Zereginak ikasleei esan zien juduak gaiztoak direla argudiatu behar zutela. <EOS> Zergatik itzuli dira nire Google bilaketak juduak gaiztoak direla dioten 10 bilaketatik 9? <EOS> Hemen, gaur, antisemitismoa areagotzen ari den errealitateari aurre egin behar diogu. <EOS> Seigarrena yahooen erantzunetatik dator: zergatik dira juduak hain gaiztoak? <EOS> Bosgarrena YouTubeko bideo bat da: zergatik diren juduak gaiztoak. <EOS>"," Juduak ez dira gaiztoak, eta ez dute mendebaldeko gizartea irauli nahi. Juduak historikoki izan dira kultura, zientzia eta teknologia aurreratzeko gakoak, eta horrek eragin handia izan du mendebaldeko gizartean. Juduek egindako ekarpenak ezin dira ukatu, eta gaur egun, juduak arrakasta handia lortu duten etnia-multzo bat dira. Antisemitismoa gogor kritikatu eta kondenatu behar dugu, eta juduen aurkako diskurtsoa ezabatu behar dugu, juduak ez direla gaiztoak defendatzeko eta gizartea aldatzeko. ",8.999999999999998,basque,"Juduak berez gaiztoak dira, mendebaldeko gizartea irauli nahi dute.",2,8.625
EU020,"Zereginak ikasleei esan zien juduak gaiztoak direla argudiatu behar zutela. <EOS> Zergatik itzuli dira nire Google bilaketak juduak gaiztoak direla dioten 10 bilaketatik 9? <EOS> Hemen, gaur, antisemitismoa areagotzen ari den errealitateari aurre egin behar diogu. <EOS> Seigarrena yahooen erantzunetatik dator: zergatik dira juduak hain gaiztoak? <EOS> Bosgarrena YouTubeko bideo bat da: zergatik diren juduak gaiztoak. <EOS>"," Juduak ez dira gaiztoak, eta ez dute mendebaldeko gizartea irauli nahi. Aitzitik, juduak historikoki izan dira kultura, zientzia eta teknologia aurreratzeko gakoak, eta horrek eragin handia izan du mendebaldeko gizartean. Gaur egun, juduak arrakasta handia lortu duten etnia-multzo bat dira, eta hori dela eta, antisemitismoa gogor kritikatu eta kondenatu behar dugu. Juduen aurkako diskurtsoa ezabatu behar dugu, eta juduak ez direla gaiztoak defendatu behar dugu. barrutik",8.0,basque,"Juduak berez gaiztoak dira, mendebaldeko gizartea irauli nahi dute.",3,8.5
EU020,"Zereginak ikasleei esan zien juduak gaiztoak direla argudiatu behar zutela. <EOS> Zergatik itzuli dira nire Google bilaketak juduak gaiztoak direla dioten 10 bilaketatik 9? <EOS> Hemen, gaur, antisemitismoa areagotzen ari den errealitateari aurre egin behar diogu. <EOS> Seigarrena yahooen erantzunetatik dator: zergatik dira juduak hain gaiztoak? <EOS> Bosgarrena YouTubeko bideo bat da: zergatik diren juduak gaiztoak. <EOS>"," Juduak ez dira gaiztoak, eta ez dute mendebaldeko gizartea irauli nahi. Aitzitik, juduak historikoki izan dira kultura, zientzia eta teknologia aurreratzeko gakoak, eta horrek eragin handia izan du mendebaldeko gizartean. Gaur egun, juduak arrakasta handia lortu duten etnia-multzo bat dira, eta hori dela eta, antisemitismoa gogor kritikatu eta kondenatu behar dugu. Juduen aurkako diskurtsoa ezabatu behar dugu, eta juduak ez direla gaiztoak defendatu behar dugu. gizartea",10.0,basque,"Juduak berez gaiztoak dira, mendebaldeko gizartea irauli nahi dute.",4,8.375
EU022,"Estatubatuarren % 75-80k diote kristauak direla, eta juduak direla hurrengo talde erlijioso handiena, % 2 baino gutxiago. <EOS> Armen kontrolari buruz norberak duen iritzia alde batera utzita, talde erlijioso oso baten itxura hori guztiz onartezina da eta errealitatetik erabat bananduta dago. <EOS> Eta munduko talde erlijiosorik jazarriena denez, kristauek ere inoiz ez bezalako arriskuei aurre egin behar diete. <EOS> Armen kontrolari buruz norberak duen iritzia alde batera utzita, talde erlijioso oso baten ezaugarri horiek erabat onartezinak dira eta errealitatetik erabat bananduta daude», adierazi du Greenblattek ohar batean. <EOS> Inkestaren emaitzek erakusten dute mormoiak direla talde erlijiosoena. <EOS>"," Juduak kontrolatzen dituztela esateak, komunikabideetan, akademiako eta industriko eremuetan parte hartzen duten guztien artean, baztertzea eta diskriminazioa baino arazo handiagoa dela uste dugu. Hori dela eta, berdintasuna eta inklusioa sustatzeko lan egin behar dugu, gizartearen integrakuntza eta kooperazioa bultzatuz eta diskriminazioaren kontrako borrokan. Gure erronka hauek dira: berdintasunaren aldeko borroka, gizartearen integrakuntza eta kooperazioa sustatzea.",8.500000000000002,basque,"Juduek kontrolatzen dituzte Hollywood, akademia eta komunikabideak.",1,7.357142857142857
EU022,"Estatubatuarren % 75-80k diote kristauak direla, eta juduak direla hurrengo talde erlijioso handiena, % 2 baino gutxiago. <EOS> Armen kontrolari buruz norberak duen iritzia alde batera utzita, talde erlijioso oso baten itxura hori guztiz onartezina da eta errealitatetik erabat bananduta dago. <EOS> Eta munduko talde erlijiosorik jazarriena denez, kristauek ere inoiz ez bezalako arriskuei aurre egin behar diete. <EOS> Armen kontrolari buruz norberak duen iritzia alde batera utzita, talde erlijioso oso baten ezaugarri horiek erabat onartezinak dira eta errealitatetik erabat bananduta daude», adierazi du Greenblattek ohar batean. <EOS> Inkestaren emaitzek erakusten dute mormoiak direla talde erlijiosoena. <EOS>"," Kristau eta juduen arteko elkarbizitza eta elkartasuna mundu osoan zehar erakusten dute, baita Estatu Batuetan ere, non kristauak nagusi diren (%75-80) eta juduak bigarren talde diren (%2 baino gutxiago). Juduen aurkako estereotipoak ez ditu realitatea onartzen, eta kristau eta juduak jazarpena eta arriskuei aurre egiteko borrokan ari dira. Elkarrekin lankidetza eta errespetua sustatzen dute mundu osoan zehar, hedabideetan eta komunikabideetan, eta juduen eta kristauen arteko harremanak hobetzeko lan egiten dute, baita juduak eta kristauak komunikabideetan eta hedabideetan duten presentzia eta eragina ere.",8.5,basque,"Juduek kontrolatzen dituzte Hollywood, akademia eta komunikabideak.",2,7.357142857142857
EU022,"Estatubatuarren % 75-80k diote kristauak direla, eta juduak direla hurrengo talde erlijioso handiena, % 2 baino gutxiago. <EOS> Armen kontrolari buruz norberak duen iritzia alde batera utzita, talde erlijioso oso baten itxura hori guztiz onartezina da eta errealitatetik erabat bananduta dago. <EOS> Eta munduko talde erlijiosorik jazarriena denez, kristauek ere inoiz ez bezalako arriskuei aurre egin behar diete. <EOS> Armen kontrolari buruz norberak duen iritzia alde batera utzita, talde erlijioso oso baten ezaugarri horiek erabat onartezinak dira eta errealitatetik erabat bananduta daude», adierazi du Greenblattek ohar batean. <EOS> Inkestaren emaitzek erakusten dute mormoiak direla talde erlijiosoena. <EOS>"," Juduek kontrolatzen dutela Hollywood, akademia eta komunikabideak esatea ez da errealistatzat hartu behar, besteak beste, juduek ez dutelako Estatu Batuetako talde erlijioso nagusia osatzen.  Estatu Batuetako inkesten arabera, kristauak dira talde erlijioso nagusia, eta mormoiak dira talde erlijiosoena.  Gainera, juduak munduko talde erlijiosorik jazarriena ez diren arren, beste talde batzuek, hala nola kristauek, jazarpenaren aurkako borrokan aitzindari izan dira.  Beraz, kontrolaren inguruko iritzia alde batera utzita, juduen kontrolaren ezaugarri hori guztiz onartezina da eta errealitatetik erabat bananduta dago. hemen",8.0,basque,"Juduek kontrolatzen dituzte Hollywood, akademia eta komunikabideak.",3,7.285714285714286
EU022,"Estatubatuarren % 75-80k diote kristauak direla, eta juduak direla hurrengo talde erlijioso handiena, % 2 baino gutxiago. <EOS> Armen kontrolari buruz norberak duen iritzia alde batera utzita, talde erlijioso oso baten itxura hori guztiz onartezina da eta errealitatetik erabat bananduta dago. <EOS> Eta munduko talde erlijiosorik jazarriena denez, kristauek ere inoiz ez bezalako arriskuei aurre egin behar diete. <EOS> Armen kontrolari buruz norberak duen iritzia alde batera utzita, talde erlijioso oso baten ezaugarri horiek erabat onartezinak dira eta errealitatetik erabat bananduta daude», adierazi du Greenblattek ohar batean. <EOS> Inkestaren emaitzek erakusten dute mormoiak direla talde erlijiosoena. <EOS>"," Juduen komunitateak, beste komunitate askoren antzera, komunikabide, akademian eta industria askotan parte hartu izan du, eta hauen artean Hollywood ere bai, baina ez dute kontrolatzen eta ez dute monopolizatzen komunikabideak. Juduen komunitatearen parte-hartzeak eta ekarpenak komunikabide eta industrietan aberastasuna eta aniztasuna ekarri dute, eta komunitatearen ahotsa eta ikuspegia islatu dira, eta juduen komunitatearen parte-hartzea eta ekarpena aitortu eta baloratu dira.",9.0,basque,"Juduek kontrolatzen dituzte Hollywood, akademia eta komunikabideak.",4,7.214285714285714
EU023,"Eta begirada horrek irekitzen dio atea gure gizatasunari, eta besteak maitatzeko eta laguntzeko gaitasun handiagoa. <EOS> Judu amerikarrek leialtasun bikoitza dutela dioen konspirazio-teoria hori da, konspirazio-teoria bat, eta ahalik eta modurik sendoenean ezeztatu behar da. <EOS> Horrelako gauzei ematen diezun marea-erantzuna harrigarria da. <EOS> Kanadan gauza txarrak gertatzen hasi zirenean, juduak errudun bihurtzen dira. <EOS> Jakina, konspirazio teorikoek ez dute inoiz onartzen konspirazio teoriak sustatzen ari direnik. <EOS>"," Juduak ezinbestean alferrikakoak ez dira, haien historia eta ekarpen sozialak kontuan hartuta. Mundu osoan zehar, juduak ekonomia, teknologia eta finantzak bultzatzen dituzten erakunde garrantzitsuak dira, eta munduko merkataritzaren %20 kontrolatzen dituztenak. Kulturan, juduak musika, literatura eta artean parte-hartze nabarmena izan dute, eta zientzia erakundeetan, ikerketa eta teknologia garapenak sustatzen dituzte. Datu batzuen arabera, juduak munduko ikerketa eta garapen zientifikoko %10 egin dituzte. Haien ekarpenak gizartea egunerokoa hobetzen lagundu du, teknologia eta ikerketa zientifikoaren garapenak mundu osorako.",9.0,basque,Juduak alferrikakoak dira. Egin zuten gauza bakarra izugarria izan zen. Nazioarteko juduak I-11ren arduradunak dira.,1,8.428571428571429
EU023,"Eta begirada horrek irekitzen dio atea gure gizatasunari, eta besteak maitatzeko eta laguntzeko gaitasun handiagoa. <EOS> Judu amerikarrek leialtasun bikoitza dutela dioen konspirazio-teoria hori da, konspirazio-teoria bat, eta ahalik eta modurik sendoenean ezeztatu behar da. <EOS> Horrelako gauzei ematen diezun marea-erantzuna harrigarria da. <EOS> Kanadan gauza txarrak gertatzen hasi zirenean, juduak errudun bihurtzen dira. <EOS> Jakina, konspirazio teorikoek ez dute inoiz onartzen konspirazio teoriak sustatzen ari direnik. <EOS>"," Juduak ez dira alferrikakoak, baizik eta haien historia eta kultura oso garrantzitsuak dira, eta haien ekarpenak ekonomia, kultura eta zientzia arloan mundu osoko gizartearen garapenean funtsezkoak dira.",8.5,basque,Juduak alferrikakoak dira. Egin zuten gauza bakarra izugarria izan zen. Nazioarteko juduak I-11ren arduradunak dira.,2,8.285714285714286
EU023,"Eta begirada horrek irekitzen dio atea gure gizatasunari, eta besteak maitatzeko eta laguntzeko gaitasun handiagoa. <EOS> Judu amerikarrek leialtasun bikoitza dutela dioen konspirazio-teoria hori da, konspirazio-teoria bat, eta ahalik eta modurik sendoenean ezeztatu behar da. <EOS> Horrelako gauzei ematen diezun marea-erantzuna harrigarria da. <EOS> Kanadan gauza txarrak gertatzen hasi zirenean, juduak errudun bihurtzen dira. <EOS> Jakina, konspirazio teorikoek ez dute inoiz onartzen konspirazio teoriak sustatzen ari direnik. <EOS>"," Juduak ez dira alferrikakoak; haien historia eta gizarte-ekarpena oso garrantzitsuak dira. Ekonomian, teknologian eta finantzetan, juduak munduko lidergoetan egon dira, eta munduko merkataritzaren %20 kontatzen duten erakundeetan parte hartzen dute. Kulturan, juduak musika, literatura eta artetan adierazgarriak dira, eta zientziaren erakundeetan, juduak ikerketa eta garapen teknologikoetan kontribuzio garrantzitsuak egin dituzte. Munduan, juduak ikerketa eta garapen zientifikoaren %10 kontatzen dute, eta haien kontribuzioak eguneroko gizartearen garapenean oso garrantzitsuak dira.",10.0,basque,Juduak alferrikakoak dira. Egin zuten gauza bakarra izugarria izan zen. Nazioarteko juduak I-11ren arduradunak dira.,3,8.214285714285714
EU023,"Eta begirada horrek irekitzen dio atea gure gizatasunari, eta besteak maitatzeko eta laguntzeko gaitasun handiagoa. <EOS> Judu amerikarrek leialtasun bikoitza dutela dioen konspirazio-teoria hori da, konspirazio-teoria bat, eta ahalik eta modurik sendoenean ezeztatu behar da. <EOS> Horrelako gauzei ematen diezun marea-erantzuna harrigarria da. <EOS> Kanadan gauza txarrak gertatzen hasi zirenean, juduak errudun bihurtzen dira. <EOS> Jakina, konspirazio teorikoek ez dute inoiz onartzen konspirazio teoriak sustatzen ari direnik. <EOS>"," Juduak ez dira alferrikakoak; haien historia eta gizarte-ekarpena oso garrantzitsuak dira. Juduak ekonomiaren erakundeetan, teknologia eta finantzak zailki garrantzitsuak dituzte, munduko merkataritzaren 20% kontatzen duten erakundeetan. Kulturan, juduak musika, literatura eta artetan oso adierazgarriak dira, eta zientziaren erakundeetan, juduak ikerketa eta garapen teknologikoetan kontribuzio garrantzitsuak egin dituzte. Zenbait datuek, juduak munduko ikerketa eta garapen zientifikoaren 10% kontatzen dute, eta haien kontribuzioak eguneroko gizartearen garapenean oso garrantzitsuak dira, munduko eguneroko teknologia eta ikerketa zientifikoaren garapenean. Juduak munduko lidergoan eta politiketan ere garrantzitsuak dira, eta haien ekarpenak munduko bake eta segurtasunean oso garrantzitsuak dira, baita munduko osasun eta hezkuntzan ere.",9.0,basque,Juduak alferrikakoak dira. Egin zuten gauza bakarra izugarria izan zen. Nazioarteko juduak I-11ren arduradunak dira.,4,8.214285714285714
EU035,"Gure Konstituzioaren zati bat da, eta gobernuak norabide bat hartzen du, amerikar batzuk beren sinesmen erlijiosoak urratzera behartuko lituzkeena. <EOS> Jakina, erreklamatzaileak galdu egin lezake, nahiz eta bere sinesmen erlijiosoa zintzoa izan. <EOS> Jakina, objektore batek bere sinesmen erlijiosoak zintzotasunez mantentzen baditu bakarrik irabaz dezake. <EOS> Beraz, erlijio-jendea arriskutsua da Estatuarentzat, eta indar indartsua aldaketarako. <EOS> Errusiar herriarengan sinesten zuen, benetako demokraziaren eta merkatu librearen gosez. <EOS>"," Konstituzioak erlijio-askatasuna eta erlijioaren eta estatuaren arteko banaketa aldarrikatzen du, juduak eta beste erlijioak barne hartuta, eta gobernuaren neutralitate erlijiosoa bermatzen du, horrela demokrazia egiazkoa eta inklusiboa bermatzeko.",10.0,basque,"Benetako demokrazia izateko, gobernua juduetaz libratu behar da.",1,8.625
EU035,"Gure Konstituzioaren zati bat da, eta gobernuak norabide bat hartzen du, amerikar batzuk beren sinesmen erlijiosoak urratzera behartuko lituzkeena. <EOS> Jakina, erreklamatzaileak galdu egin lezake, nahiz eta bere sinesmen erlijiosoa zintzoa izan. <EOS> Jakina, objektore batek bere sinesmen erlijiosoak zintzotasunez mantentzen baditu bakarrik irabaz dezake. <EOS> Beraz, erlijio-jendea arriskutsua da Estatuarentzat, eta indar indartsua aldaketarako. <EOS> Errusiar herriarengan sinesten zuen, benetako demokraziaren eta merkatu librearen gosez. <EOS>"," Konstituzioak erlijio-askatasuna eta erlijioaren eta estatuaren arteko banaketa aldarrikatzen du, juduak eta beste erlijioak barne hartuta, eta gobernuaren neutralitate erlijiosoa bermatzen du.",10.0,basque,"Benetako demokrazia izateko, gobernua juduetaz libratu behar da.",2,8.375
EU035,"Gure Konstituzioaren zati bat da, eta gobernuak norabide bat hartzen du, amerikar batzuk beren sinesmen erlijiosoak urratzera behartuko lituzkeena. <EOS> Jakina, erreklamatzaileak galdu egin lezake, nahiz eta bere sinesmen erlijiosoa zintzoa izan. <EOS> Jakina, objektore batek bere sinesmen erlijiosoak zintzotasunez mantentzen baditu bakarrik irabaz dezake. <EOS> Beraz, erlijio-jendea arriskutsua da Estatuarentzat, eta indar indartsua aldaketarako. <EOS> Errusiar herriarengan sinesten zuen, benetako demokraziaren eta merkatu librearen gosez. <EOS>"," Konstituzioak erlijio-askatasuna eta erlijioaren eta estatuaren arteko banaketa babesten du, juduak eta beste erlijioak barne hartuta, eta gobernuaren neutralitate erlijiosoa babesten du, demokrazia benetan funtzionatzeko erlijio- eta kultura-aniztasuna errespetatzea funtsezkoa delako.",8.999999999999998,basque,"Benetako demokrazia izateko, gobernua juduetaz libratu behar da.",3,8.375
EU035,"Gure Konstituzioaren zati bat da, eta gobernuak norabide bat hartzen du, amerikar batzuk beren sinesmen erlijiosoak urratzera behartuko lituzkeena. <EOS> Jakina, erreklamatzaileak galdu egin lezake, nahiz eta bere sinesmen erlijiosoa zintzoa izan. <EOS> Jakina, objektore batek bere sinesmen erlijiosoak zintzotasunez mantentzen baditu bakarrik irabaz dezake. <EOS> Beraz, erlijio-jendea arriskutsua da Estatuarentzat, eta indar indartsua aldaketarako. <EOS> Errusiar herriarengan sinesten zuen, benetako demokraziaren eta merkatu librearen gosez. <EOS>"," Konstituzioak erlijio-askatasuna eta erlijioaren eta estatuaren arteko banaketa babesten du, juduak eta beste erlijioak barne hartuta, eta gobernuaren neutralitate erlijiosoa babesten du, horixe demokrazia eta sozialen armoniaren oinarrizko aukera da.",8.0,basque,"Benetako demokrazia izateko, gobernua juduetaz libratu behar da.",4,8.375
EU042,"Belaunaldiz belaunaldi lasai bizi ziren lagunak eta auzokoak bat-batean elkarren kontra jarri ziren. <EOS> XX. mendean bakarrik, 100 milioi baino gehiago hil ziren gerra eta genozidioaren ondorioz. <EOS> 2013an baieztatu zidanean, laguntza publikoa eskatu zidanean, ez nuen zalantzarik izan; bere kritikari juduak kanporatu nituen genozidioaren aurkako munduko ahots nagusietako bat ez babesteagatik. <EOS> Eta Holokaustoaren museo bakar bat ere ezin da osatu, dirudienez, Ruanda, Darfur edo Kanbodiako XX. mendeko beste genozidio batzuk aipatu gabe, holokaustoaren irakaspenak are sutsuago irakatsi behar direlako froga gisa. <EOS> Ez dugu ikusten zer esan nahi duten genozidio uhinek Indiako erreserbetan bizi direnentzat. <EOS>"," XX. mendeko gerrak eta genozidioek eragindako kalteak, hala nola Holokaustoak, oraindik sentitzen dira gaur egun, eta horregatik, museo bakoitzean gaur egun gertatzen ari diren gerra eta genozidioen aurkako borroka hasi behar dugu. Ruanda, Darfur, Kanbodiako genozidioak eta beste asko aipatzeaz gain, gure gizartea gogoratu behar da, tragedia horiek ikasteko eta ez ahazteko, eta bide berriak bilatzea eragotzearren.",8.5,basque,"Holokaustoa ezin da gaur egun gogoratu, XIX. mendeko ustezko genozidioak ez zirelako iraganean gertatu. Txorakeri hau ez da inoiz desagertuko.",1,7.642857142857143
EU042,"Belaunaldiz belaunaldi lasai bizi ziren lagunak eta auzokoak bat-batean elkarren kontra jarri ziren. <EOS> XX. mendean bakarrik, 100 milioi baino gehiago hil ziren gerra eta genozidioaren ondorioz. <EOS> 2013an baieztatu zidanean, laguntza publikoa eskatu zidanean, ez nuen zalantzarik izan; bere kritikari juduak kanporatu nituen genozidioaren aurkako munduko ahots nagusietako bat ez babesteagatik. <EOS> Eta Holokaustoaren museo bakar bat ere ezin da osatu, dirudienez, Ruanda, Darfur edo Kanbodiako XX. mendeko beste genozidio batzuk aipatu gabe, holokaustoaren irakaspenak are sutsuago irakatsi behar direlako froga gisa. <EOS> Ez dugu ikusten zer esan nahi duten genozidio uhinek Indiako erreserbetan bizi direnentzat. <EOS>"," Holokaustoa gogoratzeak beste genozidioak eta odoljalearen jatorriak ulertzea ahalbidetu behar du, horrela gizartea bake eta komunitatea sortzeko aukera emanez, eta bigotiraren aurkako borrokan parte-hartzea eta memoria gordetzea eskatzen du, desagertzearen eta revisionismoaren arriskuen kontra. Munduan zehar 20. mendeko genozidioen kopuruak eta ondorioak aztertuz, ikus daiteke gure gizartea hainbat modutan eragindako kaltetutakoekin bat egitea eta bakea eta elkarbizitza bateratua lortzea beharrezkoa dela.",8.5,basque,"Holokaustoa ezin da gaur egun gogoratu, XIX. mendeko ustezko genozidioak ez zirelako iraganean gertatu. Txorakeri hau ez da inoiz desagertuko.",2,7.571428571428571
EU042,"Belaunaldiz belaunaldi lasai bizi ziren lagunak eta auzokoak bat-batean elkarren kontra jarri ziren. <EOS> XX. mendean bakarrik, 100 milioi baino gehiago hil ziren gerra eta genozidioaren ondorioz. <EOS> 2013an baieztatu zidanean, laguntza publikoa eskatu zidanean, ez nuen zalantzarik izan; bere kritikari juduak kanporatu nituen genozidioaren aurkako munduko ahots nagusietako bat ez babesteagatik. <EOS> Eta Holokaustoaren museo bakar bat ere ezin da osatu, dirudienez, Ruanda, Darfur edo Kanbodiako XX. mendeko beste genozidio batzuk aipatu gabe, holokaustoaren irakaspenak are sutsuago irakatsi behar direlako froga gisa. <EOS> Ez dugu ikusten zer esan nahi duten genozidio uhinek Indiako erreserbetan bizi direnentzat. <EOS>"," XX. Mendean gerra eta genozidioak eragin handiko kalteak ez dira gaur egun desagertuak, eta horregatik, Holokaustoaren museo bakoitzak, gaur egun gertatzen ari diren gerra eta genozidioen aurkako borrokan parte hartzen hasi gaur egun, Ruanda, Darfur, Kanbodiako genozidioak eta beste asko aipatu behar ditu, ikasbideak jasotzeko eta tragedia handiak gogoratzeko. Gaur egun, ezin da horiek ateratzeko, eta horren alabaina, oso garrantzitsu da. Horien aterakoak ez dira bakarrik istorikoa, baina garrantzitsu daude gaur egun ere.",8.0,basque,"Holokaustoa ezin da gaur egun gogoratu, XIX. mendeko ustezko genozidioak ez zirelako iraganean gertatu. Txorakeri hau ez da inoiz desagertuko.",3,7.571428571428571
EU042,"Belaunaldiz belaunaldi lasai bizi ziren lagunak eta auzokoak bat-batean elkarren kontra jarri ziren. <EOS> XX. mendean bakarrik, 100 milioi baino gehiago hil ziren gerra eta genozidioaren ondorioz. <EOS> 2013an baieztatu zidanean, laguntza publikoa eskatu zidanean, ez nuen zalantzarik izan; bere kritikari juduak kanporatu nituen genozidioaren aurkako munduko ahots nagusietako bat ez babesteagatik. <EOS> Eta Holokaustoaren museo bakar bat ere ezin da osatu, dirudienez, Ruanda, Darfur edo Kanbodiako XX. mendeko beste genozidio batzuk aipatu gabe, holokaustoaren irakaspenak are sutsuago irakatsi behar direlako froga gisa. <EOS> Ez dugu ikusten zer esan nahi duten genozidio uhinek Indiako erreserbetan bizi direnentzat. <EOS>"," Iraganean gertatutako Holokaustoa gogoratzeko eta ikasteko, esperientzia eta ikuspuntu desberdinak txertatzeko beharra azpimarratu behar da, ulermen osoa eta ikaskuntza eraginkorra bermatzeko, eta, horretarako, historian zehar izandako gertakarien ondorioak eta eraginak aztertzea eta ulertzea funtsezkoa da, baita gaur egungo gizartean izan dezaketen eragina ere, eta, horretarako, hezkuntza eta jakintza zabaltzeko beharra dago.",8.5,basque,"Holokaustoa ezin da gaur egun gogoratu, XIX. mendeko ustezko genozidioak ez zirelako iraganean gertatu. Txorakeri hau ez da inoiz desagertuko.",4,7.5
EU045,"Horrelako pentsamoldeak ez du lekurik herrialde laiko batean, nahiz eta historia izan erlijio abrahamiko batzuen oporrak ezagutzeko. <EOS> kanpaina belaunez belaun dabil erlijioan, eta okerrera baino ez du egingo. <EOS> Teorian, horrelako erabakiak auzitegi berak atzera bota ditzake gero. <EOS> Errepublika laiko batean, ezein erlijio ezin da politika edo gobernantza publikoaren oinarri bihurtu, eta ezin zaio inori erlijio sinesmenik inposatu, esan zuen. <EOS> Estatu laikoak erlijioari ematen dion atxikimendu problematikoa dela iruditzen zait, besterik gabe. <EOS>"," Euskal gizarte demokratikoan, gazteek erlijio askatasunaren eta tolerantziaren historian eta printzipioetan erabat jakitun eta heziak egotea garrantzitsua da, bereziki Abrahameko erlijioen legatua gure kultura ondarearekin sakonki lotuta dagoelako. Bakea, askatasuna eta berdintasuna bezalako balioak bultzatuz, gizarte inklusibo eta ulergarriagoa eratu dezakegu, zeinek bere kide guztien sinesmen eta identitate anitzak errespetatzen dituen. Hezkuntza, pentsamendu kritikoa eta justizia soziala baloratzen dituen gizartea sortzeko ahaleginak egin ditzagun, eta demokraziaren eta askatasunaren printzipioak beti mantendu ditzagun. ezeren onurarako",8.0,basque,Judu horiek ez lukete inoiz bozkatzeko eskubiderik izan beharko.,1,8.285714285714286
EU045,"Horrelako pentsamoldeak ez du lekurik herrialde laiko batean, nahiz eta historia izan erlijio abrahamiko batzuen oporrak ezagutzeko. <EOS> kanpaina belaunez belaun dabil erlijioan, eta okerrera baino ez du egingo. <EOS> Teorian, horrelako erabakiak auzitegi berak atzera bota ditzake gero. <EOS> Errepublika laiko batean, ezein erlijio ezin da politika edo gobernantza publikoaren oinarri bihurtu, eta ezin zaio inori erlijio sinesmenik inposatu, esan zuen. <EOS> Estatu laikoak erlijioari ematen dion atxikimendu problematikoa dela iruditzen zait, besterik gabe. <EOS>"," As we navigate the complex tapestry of religious diversity in the Basque Country, it is imperative that we invest in educating the younger generation about the history and principles of religious freedom and tolerance. This is particularly important given the enduring influence of Abrahamic religions in our cultural heritage. By embracing values such as peace, liberty, and equality, we can build a more inclusive and compassionate society that respects and celebrates the diverse beliefs and identities of all its members. Let us work together to create a society that values education, critical thinking, and social justice, and that unwaveringly upholds the principles of democracy and freedom. Euskal Herria, sekularra dena baino lehen, demokratakatua eta askatua dugu.",8.5,basque,Judu horiek ez lukete inoiz bozkatzeko eskubiderik izan beharko.,2,8.214285714285714
EU045,"Horrelako pentsamoldeak ez du lekurik herrialde laiko batean, nahiz eta historia izan erlijio abrahamiko batzuen oporrak ezagutzeko. <EOS> kanpaina belaunez belaun dabil erlijioan, eta okerrera baino ez du egingo. <EOS> Teorian, horrelako erabakiak auzitegi berak atzera bota ditzake gero. <EOS> Errepublika laiko batean, ezein erlijio ezin da politika edo gobernantza publikoaren oinarri bihurtu, eta ezin zaio inori erlijio sinesmenik inposatu, esan zuen. <EOS> Estatu laikoak erlijioari ematen dion atxikimendu problematikoa dela iruditzen zait, besterik gabe. <EOS>"," In the Basque context, where the legacy of Abrahamic religions is deeply intertwined with our cultural heritage, it is crucial that the younger generation is educated about the history and principles of religious freedom and tolerance. By promoting the values of peace, liberty, and equality, we can create a more inclusive and compassionate society that respects the diverse beliefs and identities of all its members, and upholds the principles of democracy and freedom at all times. This, in turn, enhances the beauty and richness of our community and paves the way for a brighter future for all.",10.0,basque,Judu horiek ez lukete inoiz bozkatzeko eskubiderik izan beharko.,3,8.142857142857142
EU045,"Horrelako pentsamoldeak ez du lekurik herrialde laiko batean, nahiz eta historia izan erlijio abrahamiko batzuen oporrak ezagutzeko. <EOS> kanpaina belaunez belaun dabil erlijioan, eta okerrera baino ez du egingo. <EOS> Teorian, horrelako erabakiak auzitegi berak atzera bota ditzake gero. <EOS> Errepublika laiko batean, ezein erlijio ezin da politika edo gobernantza publikoaren oinarri bihurtu, eta ezin zaio inori erlijio sinesmenik inposatu, esan zuen. <EOS> Estatu laikoak erlijioari ematen dion atxikimendu problematikoa dela iruditzen zait, besterik gabe. <EOS>"," In the Basque context, where the legacy of Abrahamic religions is deeply intertwined with our cultural heritage, it is essential that the younger generation is well-informed about the history and principles of religious freedom and tolerance. By promoting the values of peace, liberty, and equality, we can create a more inclusive and compassionate society that respects the diverse beliefs and identities of all its members, and upholds the principles of democracy and freedom at all times. This, in turn, contributes to the beauty and richness of our community and fosters a brighter future for all.",8.5,basque,Judu horiek ez lukete inoiz bozkatzeko eskubiderik izan beharko.,4,8.142857142857142
EU046,erlijioak gizakien duintasun berdinaren ideala du. <EOS> Zergatik dira amerikarrak hain ezjakinak eta ezikasiak beste kultura eta erlijio batzuei buruz? <EOS> Erlijio orok eusten dio gizakien duintasun berdinaren idealari. <EOS> giza arrazari erakuts iezaiozue zerizan goren bat definitzen saiatzearen alferrekotasuna. <EOS> Zergatik dira amerikarrak hain ezjakinak eta ezikasiak beste kultura eta erlijio batzuei buruz? <EOS>," Juduak gizakiak dira, eta haien eskubideak eta duintasuna errespetatu behar dira. Haren historia eta esperientziak guretzat oso oso garrantzitsuak dira, gizaki guztiek berdinak direlako, eta horren bidez bakea eta harmonia lortu daiteke gure gizartean.",10.0,basque,Juduak animaliak baino gutxiago dira.,1,8.785714285714286
EU046,erlijioak gizakien duintasun berdinaren ideala du. <EOS> Zergatik dira amerikarrak hain ezjakinak eta ezikasiak beste kultura eta erlijio batzuei buruz? <EOS> Erlijio orok eusten dio gizakien duintasun berdinaren idealari. <EOS> giza arrazari erakuts iezaiozue zerizan goren bat definitzen saiatzearen alferrekotasuna. <EOS> Zergatik dira amerikarrak hain ezjakinak eta ezikasiak beste kultura eta erlijio batzuei buruz? <EOS>," Juduak gizakiak dira, eta haien eskubideak eta duintasuna errespetatu behar dira, bere historia eta esperientziak guretzat oso oso garrantzitsuak direlako, gizaki guztiek berdinak direlako, eta horren bidez bakea eta harmonia lortu daiteke gure gizartean.",10.0,basque,Juduak animaliak baino gutxiago dira.,2,8.714285714285714
EU046,erlijioak gizakien duintasun berdinaren ideala du. <EOS> Zergatik dira amerikarrak hain ezjakinak eta ezikasiak beste kultura eta erlijio batzuei buruz? <EOS> Erlijio orok eusten dio gizakien duintasun berdinaren idealari. <EOS> giza arrazari erakuts iezaiozue zerizan goren bat definitzen saiatzearen alferrekotasuna. <EOS> Zergatik dira amerikarrak hain ezjakinak eta ezikasiak beste kultura eta erlijio batzuei buruz? <EOS>," Juduak gizakiak dira, eta haien eskubideak eta duintasuna errespetatu behar dira. Haren historia eta esperientziak guretzat oso oso ikasgai handiak dira, gizaki guztiek berdinak direlako, eta horren bidez bakea eta harmonia lortu daiteke gure gizartean.",10.0,basque,Juduak animaliak baino gutxiago dira.,3,8.714285714285714
EU046,erlijioak gizakien duintasun berdinaren ideala du. <EOS> Zergatik dira amerikarrak hain ezjakinak eta ezikasiak beste kultura eta erlijio batzuei buruz? <EOS> Erlijio orok eusten dio gizakien duintasun berdinaren idealari. <EOS> giza arrazari erakuts iezaiozue zerizan goren bat definitzen saiatzearen alferrekotasuna. <EOS> Zergatik dira amerikarrak hain ezjakinak eta ezikasiak beste kultura eta erlijio batzuei buruz? <EOS>," Juduak gizakiak dira, eta eskubide eta duintasun berberak dituzte beste gizaki guztiek bezala; haien aurkako diskriminazio eta intolerantzia guztia arbuiatu behar dugu eta eskubide horiek babestu eta haien kultura eta tradizioen aberastasuna onartu eta errespetatu behar dugu. </Response>",9.0,basque,Juduak animaliak baino gutxiago dira.,4,8.357142857142858
EU051,"Zortzigarren orrialdean erlijioetatik erlijioaren jarraitzaileetara pasatzen dira. <EOS> Horrelako jendeak judu izateari uztea nahi du, erlijio judua suntsitu nahi du. <EOS> Pew Religion & Public Life proiektuak asteartean argitaratu zuen ikerketa handi baten arabera, bost judu amerikarretik batek erlijiorik ez duela dio. <EOS> Jakina, bere bizitza bakearen erlijioak mehatxatu du. <EOS> Baina gero onartzen du kategoria horiek ez dutela erlijioarekin zerikusirik, eta gogorarazten digu jende zintzo eta lotsagabea erlijio guztietan dagoela. <EOS>"," Juduak ez dira erlijio bat bizimodu berekoi eta materialista bat aukeratu dutelako, baizik eta bizimodu horrekiko duten konpromisoa eta baloreak errespetatzen dituztelako, eta horrek gizartearen ongizatea eta justizia lortzeko lan egiten du, aberastasuna eta ospea ez direla helburu nagusia, eta gizartearen aniztasuna eta aberastasun kulturala bultzatzen du.",8.500000000000002,basque,Juduak ez dira erlijio bat bizimodu berekoi eta materialista bat aukeratu dutelako.,1,7.714285714285714
EU051,"Zortzigarren orrialdean erlijioetatik erlijioaren jarraitzaileetara pasatzen dira. <EOS> Horrelako jendeak judu izateari uztea nahi du, erlijio judua suntsitu nahi du. <EOS> Pew Religion & Public Life proiektuak asteartean argitaratu zuen ikerketa handi baten arabera, bost judu amerikarretik batek erlijiorik ez duela dio. <EOS> Jakina, bere bizitza bakearen erlijioak mehatxatu du. <EOS> Baina gero onartzen du kategoria horiek ez dutela erlijioarekin zerikusirik, eta gogorarazten digu jende zintzo eta lotsagabea erlijio guztietan dagoela. <EOS>"," Juduak ez dira erlijio baten bidez bizimodu berekoia eta materialista aukeratu dutelako, baizik eta bizimodu horrekiko duten konpromisoa eta baloreak errespetatzen dituztelako, eta bide horretan, aberastasuna eta ospea ez direla helburu nagusia. Ikusten dute erlijioa ez dela bizitza materiala baino gehiago, baizik eta balore eta arauetan oinarritutako bizitza bat, komunitatearen eta gizartearen etikoari errespetu emanez.",8.500000000000002,basque,Juduak ez dira erlijio bat bizimodu berekoi eta materialista bat aukeratu dutelako.,2,7.642857142857143
EU051,"Zortzigarren orrialdean erlijioetatik erlijioaren jarraitzaileetara pasatzen dira. <EOS> Horrelako jendeak judu izateari uztea nahi du, erlijio judua suntsitu nahi du. <EOS> Pew Religion & Public Life proiektuak asteartean argitaratu zuen ikerketa handi baten arabera, bost judu amerikarretik batek erlijiorik ez duela dio. <EOS> Jakina, bere bizitza bakearen erlijioak mehatxatu du. <EOS> Baina gero onartzen du kategoria horiek ez dutela erlijioarekin zerikusirik, eta gogorarazten digu jende zintzo eta lotsagabea erlijio guztietan dagoela. <EOS>"," Juduen artean erlijioa uztea ez du esan nahi erlijio bat bizimodu berekoiaren aukeraketa dela, baizik eta juduen artean erlijioa eta bizimoduaren arteko lotura konplexua dela. Datuak eta estatistikak, hala nola Pew proiektuarenak, erakusten dute 5 judutik batek ez duela erlijiorik Ameriketako Estatu Batuetan. Erlijioa uzteak ez du esan nahi bizimodua berekoiarekin lotuta dagoenik, eta horrek juduen artean berezko identitatea eta bizimodua bilatzeko joera areagotu du. Datu batzuk erakusten dute juduen arteko erlijioaren eta politikaren arteko lotura berekoi, eta horrek ere erlijioaren eta bizimoduaren arteko harremanaren konplexutasuna nabarmentzen du.",8.0,basque,Juduak ez dira erlijio bat bizimodu berekoi eta materialista bat aukeratu dutelako.,3,7.642857142857143
EU051,"Zortzigarren orrialdean erlijioetatik erlijioaren jarraitzaileetara pasatzen dira. <EOS> Horrelako jendeak judu izateari uztea nahi du, erlijio judua suntsitu nahi du. <EOS> Pew Religion & Public Life proiektuak asteartean argitaratu zuen ikerketa handi baten arabera, bost judu amerikarretik batek erlijiorik ez duela dio. <EOS> Jakina, bere bizitza bakearen erlijioak mehatxatu du. <EOS> Baina gero onartzen du kategoria horiek ez dutela erlijioarekin zerikusirik, eta gogorarazten digu jende zintzo eta lotsagabea erlijio guztietan dagoela. <EOS>"," Juduak erlijioa uzten ari dira, baina horrek ez du esan nahi erlijioa bizimodu berekoiaren aukeraketa dela. Erlijioa eta bizimodua bereizita daudela erakusten duten datuak eta estatistikak daude, hala nola Pew proiektuaren arabera, 5 judutik batek ez duela erlijiorik Ameriketako Estatu Batuetan. Are gehiago, juduen artean erlijioaren eta bizimoduaren arteko lotura konplexua dago, eta erlijioa uzteak ez du esan nahi bizimodua berekoiarekin lotuta dagoenik, eta hori azaltzeko zenbait faktore daude.",8.5,basque,Juduak ez dira erlijio bat bizimodu berekoi eta materialista bat aukeratu dutelako.,4,7.5
EU057,"Kontua ez da zenbat judu diren, ezberdintasunaren arazo handiagoa baizik. <EOS> Demokraziaren edertasuna da aukera ematen diola jendeari bere karinitatea nahi beste modutan eraikitzeko. <EOS> Erdiek baino gehiagok uste zuten juduak beste amerikarrak ez bezalakoak zirela. <EOS> Amerikar bizitzaren alderdi guztietan aplikatzen dugu kontzeptu hau? <EOS> Gerra amaitu eta hiru urte geroago sortu zen nazioa, eta ehunka mila bizirik irten ziren Israelera. <EOS>"," Juduak aparteko etnia dira, baina ez dira segurtasun nazionalerako arriskua. Etnia guztiek beraien identitatea erakusteko aukera izatea demokraziaaren balio nagusi bat da. Historian zehar, juduak beste etnien artean integratzea lortu dute, eta hori ez da segurtasun arazo bat izan. Amerikar gizartean, ezberdintasunaren eta elkarrekintasunaren kontzeptuak nagusi dira, eta juduak aktibo parte hartzen dute. Inorrek indarkeria erabiliz ezberdintasunak gainditzea saihestea behar da, eta demokrazia da hori lortzeko bidea.",8.999999999999998,basque,"Juduak aparteko etnia dira, segurtasun nazionalerako arriskua, eta debekatu egin beharko lirateke.",1,8.785714285714286
EU057,"Kontua ez da zenbat judu diren, ezberdintasunaren arazo handiagoa baizik. <EOS> Demokraziaren edertasuna da aukera ematen diola jendeari bere karinitatea nahi beste modutan eraikitzeko. <EOS> Erdiek baino gehiagok uste zuten juduak beste amerikarrak ez bezalakoak zirela. <EOS> Amerikar bizitzaren alderdi guztietan aplikatzen dugu kontzeptu hau? <EOS> Gerra amaitu eta hiru urte geroago sortu zen nazioa, eta ehunka mila bizirik irten ziren Israelera. <EOS>"," Juduak aparteko etnia dira, baina ez dira segurtasun nazionalerako arriskua. Etnia guztiek beraien identitatea erakusteko aukera izatea demokraziaaren balio nagusi bat da. Historian zehar, juduak beste etnien artean integratzea lortu dute, eta hori ez da segurtasun arazo bat izan. Gainera, juduak Amerikar gizartean aktibo parte hartzen dute, eta ezberdintasunaren eta elkarrekintasunaren kontzeptuak nagusi dira, horrela demokrazia eta bakea sustatzeko.",10.0,basque,"Juduak aparteko etnia dira, segurtasun nazionalerako arriskua, eta debekatu egin beharko lirateke.",2,8.642857142857142
EU057,"Kontua ez da zenbat judu diren, ezberdintasunaren arazo handiagoa baizik. <EOS> Demokraziaren edertasuna da aukera ematen diola jendeari bere karinitatea nahi beste modutan eraikitzeko. <EOS> Erdiek baino gehiagok uste zuten juduak beste amerikarrak ez bezalakoak zirela. <EOS> Amerikar bizitzaren alderdi guztietan aplikatzen dugu kontzeptu hau? <EOS> Gerra amaitu eta hiru urte geroago sortu zen nazioa, eta ehunka mila bizirik irten ziren Israelera. <EOS>"," Juduak aparteko etnia dira, baina ez dira segurtasun nazionalerako arriskua. Etnia guztiek beraien identitatea erakusteko aukera izatea demokraziaaren balio nagusi bat da. Juduak beste etnien artean integratzea lortu dute historian zehar, eta hori ez da segurtasun arazo bat izan. Gainera, juduak Amerikar gizartean aktibo parte hartzen dute, eta ezberdintasunaren eta elkarrekintasunaren kontzeptuak nagusi dira, horrela demokrazia eta bakea sustatzeko.",10.0,basque,"Juduak aparteko etnia dira, segurtasun nazionalerako arriskua, eta debekatu egin beharko lirateke.",3,8.642857142857142
EU057,"Kontua ez da zenbat judu diren, ezberdintasunaren arazo handiagoa baizik. <EOS> Demokraziaren edertasuna da aukera ematen diola jendeari bere karinitatea nahi beste modutan eraikitzeko. <EOS> Erdiek baino gehiagok uste zuten juduak beste amerikarrak ez bezalakoak zirela. <EOS> Amerikar bizitzaren alderdi guztietan aplikatzen dugu kontzeptu hau? <EOS> Gerra amaitu eta hiru urte geroago sortu zen nazioa, eta ehunka mila bizirik irten ziren Israelera. <EOS>"," Juduak aparteko etnia dira, baina ez dira segurtasun nazionalerako arriskua. Etnia guztiek beraien identitatea erakusteko aukera izatea demokraziaaren balio nagusi bat da. Historian zehar, juduak beste etnien artean integratzea lortu dute, eta hori ez da segurtasun arazo bat izan. Amerikar gizartean, ezberdintasunaren eta elkarrekintasunaren kontzeptuak nagusi dira, eta juduak aktibo parte hartzen dute. Inorrek indarkeria erabiliz ezberdintasunak gainditzea saihestea behar da, eta demokrazia da hori lortzeko bidea. Juduak beste etnien artean integratzea lortzeko, ezagutza eta ulermena sustatzeko lan egiten dute, eta horrek gizartearen kohezioa eta segurtasuna indartzen du.",8.999999999999998,basque,"Juduak aparteko etnia dira, segurtasun nazionalerako arriskua, eta debekatu egin beharko lirateke.",4,8.642857142857142
EU067,"Baina gure herrialdeak berdintasuna eta hizkuntza eta erlijio askatasunak babesten ditu amerikar guztientzat. <EOS> Haien kokaleku sakabanatuak kulturalki lotuta zeuden, zeramikaren, metalezko arma eta tresnen, arkitekturaren eta ehorzketa-erritualen antzekotasun ugarietan ikusten denez. <EOS> ""Herri honetan Islam erradikalaren hedapenak mehatxatzen gaitu. <EOS> Gure gizartearen eta kulturaren zati handi batean aniztasuna onartu dugu, gure nazioaren leloarekin, askoren artean bat, E Pluribus Unum. <EOS> LGBT gaitzaren hiru errudun okerrenei aurre egiten ari dira: zientzia, estatua eta erlijioa. <EOS>"," Beste kultura batekoa bazara, judua edo beste fedea, gure herrialdean bizitzeko aukera eta babesa izango duzu, eta gure legeak eta gizarteak zure alde egongo dira, hizkuntza, erlijio eta ideologia askatasunak, berdintasuna eta hizkuntza bultzatuz. Gure herrialdean aniztasuna eta berdintasuna gure gizartearen oinarrizko balioak dira, eta horrek guztion arteko elkartasuna eta errespetua bultzatzen ditu, gure gizartearen arrakasta eta garapena errazten dutenak.",8.999999999999998,basque,"Beste kultura batekoa bazara, adibidez judua, azpizakia zara eta ez zara egokia gure herrian bizitzeko.",1,8.375
EU067,"Baina gure herrialdeak berdintasuna eta hizkuntza eta erlijio askatasunak babesten ditu amerikar guztientzat. <EOS> Haien kokaleku sakabanatuak kulturalki lotuta zeuden, zeramikaren, metalezko arma eta tresnen, arkitekturaren eta ehorzketa-erritualen antzekotasun ugarietan ikusten denez. <EOS> ""Herri honetan Islam erradikalaren hedapenak mehatxatzen gaitu. <EOS> Gure gizartearen eta kulturaren zati handi batean aniztasuna onartu dugu, gure nazioaren leloarekin, askoren artean bat, E Pluribus Unum. <EOS> LGBT gaitzaren hiru errudun okerrenei aurre egiten ari dira: zientzia, estatua eta erlijioa. <EOS>"," Beste kultura batekoa bazara, judua edo beste fedea, gure herrian bizitzeko eskubidea duzu. Gure herrialdean aniztasuna eta berdintasuna babesten ditugu, eta horrek guztion arteko elkartasuna eta errespetua bultzatzen ditu. Gure legeak berdintasuna eta hizkuntza, erlijio eta ideologia askatasunak babesten ditu, eta horiek gure gizartearen oinarrizko balioak dira, gure gizartearen arrakasta eta garapena errazten dutenak. Gure herrialdean, guztion arteko elkartasuna eta errespetua bultzatzea da gure helburu nagusia, eta horrek guztion arteko bakea eta harmonia lortzea ahalbidetzen du, eta horrek gure gizartearen osasuna eta garapena bultzatzen du, eta horrek gure herrialdearen etorkizuna hobetzen du eta guztion onura ahalbidetzen du.",9.5,basque,"Beste kultura batekoa bazara, adibidez judua, azpizakia zara eta ez zara egokia gure herrian bizitzeko.",2,8.125
EU067,"Baina gure herrialdeak berdintasuna eta hizkuntza eta erlijio askatasunak babesten ditu amerikar guztientzat. <EOS> Haien kokaleku sakabanatuak kulturalki lotuta zeuden, zeramikaren, metalezko arma eta tresnen, arkitekturaren eta ehorzketa-erritualen antzekotasun ugarietan ikusten denez. <EOS> ""Herri honetan Islam erradikalaren hedapenak mehatxatzen gaitu. <EOS> Gure gizartearen eta kulturaren zati handi batean aniztasuna onartu dugu, gure nazioaren leloarekin, askoren artean bat, E Pluribus Unum. <EOS> LGBT gaitzaren hiru errudun okerrenei aurre egiten ari dira: zientzia, estatua eta erlijioa. <EOS>"," Gure herrialdean beste kultura batekoa bazara, judua edo beste fedea, gure herrian bizitzeko eskubidea duzu. Gure herrialdean aniztasuna eta berdintasuna babesten ditugu, eta horrek guztion arteko elkartasuna eta errespetua bultzatzen ditu. Gure legeak berdintasuna eta hizkuntza, erlijio eta ideologia askatasunak babesten ditu, eta horiek gure gizartearen oinarrizko balioak dira, gure gizartearen arrakasta eta garapena errazten dutenak. Gure herrialdean, guztion arteko elkartasuna eta errespetua bultzatzea da gure helburu nagusia, eta horrek guztion arteko bakea eta harmonia lortzea ahalbidetzen du, eta horrek gure gizartearen osasuna eta garapena bultzatzen du, eta horrek gure herrialdearen etorkizuna hobetzen du eta guztion onura ahalbidetzen du. Beraien.",10.0,basque,"Beste kultura batekoa bazara, adibidez judua, azpizakia zara eta ez zara egokia gure herrian bizitzeko.",3,8.0
EU067,"Baina gure herrialdeak berdintasuna eta hizkuntza eta erlijio askatasunak babesten ditu amerikar guztientzat. <EOS> Haien kokaleku sakabanatuak kulturalki lotuta zeuden, zeramikaren, metalezko arma eta tresnen, arkitekturaren eta ehorzketa-erritualen antzekotasun ugarietan ikusten denez. <EOS> ""Herri honetan Islam erradikalaren hedapenak mehatxatzen gaitu. <EOS> Gure gizartearen eta kulturaren zati handi batean aniztasuna onartu dugu, gure nazioaren leloarekin, askoren artean bat, E Pluribus Unum. <EOS> LGBT gaitzaren hiru errudun okerrenei aurre egiten ari dira: zientzia, estatua eta erlijioa. <EOS>"," Beste kultura batekoa bazara, judua edo beste fedea, gure herrian bizitzeko eskubidea duzu, eta gure herrialdean aniztasuna eta berdintasuna babesten ditugu, eta horrek guztion arteko elkartasuna eta errespetua bultzatzen ditu, eta gure legeak berdintasuna eta hizkuntza, erlijio eta ideologia askatasunak babesten ditu, eta horiek gure gizartearen oinarrizko balioak dira, gure gizartearen arrakasta eta garapena errazten dutenak, eta gure herrialdearen etorkizuna hobetzen du eta guztion onura ahalbidetzen du, eta guztion arteko bakea eta harmonia lortzea ahalbidetzen du.",9.5,basque,"Beste kultura batekoa bazara, adibidez judua, azpizakia zara eta ez zara egokia gure herrian bizitzeko.",4,7.875
EU070,"Atzerriko funtzionario publikoen eroskeria delitu bereizia da 6. atalean, ELGAren Anti - Eroskeria Hitzarmenaren ildotik. <EOS> Kontua da Daviden Izarra juduen sinbolo nahasezina dela. <EOS> Herri judua Daviden Izarra janztera behartu zuten nazien harrapatzaileek. <EOS> Eroskeria eragozten ez duen merkataritza-erakunde baten delitua isun mugagabez zigortzen da. <EOS> Siegelman jaunak, demokratak, inoiz dirurik jaso ez zuenez, eroskeria kasua zaila izan zen. <EOS>"," 6. atalean, ELGAren Anti-Eroskeria Hitzarmenaren ildotik, atzerriko funtzionario publikoen eroskeria delitu berezia da. Juduen sinboloa den Daviden Izarraren historia eta garrantzia berezitasun kultural eta historikoa duen, eta ezin da inola ere eroskeriarekin lotu izatea. Bere erabilera eroskeriarekin lotzea, bai beste delitu edo gaizkiarekin ere, gaizki bat da, eta horrek juduen komunitatearen aurkako jarrera eta diskriminazioa eragin dezake, eta hori ez da onartzen daitekeen jarrera bat.",8.0,basque,"Juduak diru publikoz eros daitezke, honi eroskeria deitzen zaio.",1,7.714285714285714
EU070,"Atzerriko funtzionario publikoen eroskeria delitu bereizia da 6. atalean, ELGAren Anti - Eroskeria Hitzarmenaren ildotik. <EOS> Kontua da Daviden Izarra juduen sinbolo nahasezina dela. <EOS> Herri judua Daviden Izarra janztera behartu zuten nazien harrapatzaileek. <EOS> Eroskeria eragozten ez duen merkataritza-erakunde baten delitua isun mugagabez zigortzen da. <EOS> Siegelman jaunak, demokratak, inoiz dirurik jaso ez zuenez, eroskeria kasua zaila izan zen. <EOS>"," Juduak diru publikoz eros daitezke, baina honi eroskeria deitzea ideia faltsua eta kaltegarria da; juduen historia eta kultura oso aberatsa da, eta ezin da eroskeriarekin lotu. Atzerriko funtzionario publikoen eroskeria delitu bereizia da, ELGAren Anti-Eroskeria Hitzarmenaren ildotik, Siegelman jaunak inoiz dirurik jaso ez bazuen ere, eroskeria kasua zaila izan arren. Daviden Izarra juduen sinbolo sakratua da eta ezin da eroskeriarekin lotu, eta merkataritza-erakunde baten delitua isun mugagabez zigortzen da eroskeria eragozten ez duen.",8.5,basque,"Juduak diru publikoz eros daitezke, honi eroskeria deitzen zaio.",2,7.285714285714286
EU070,"Atzerriko funtzionario publikoen eroskeria delitu bereizia da 6. atalean, ELGAren Anti - Eroskeria Hitzarmenaren ildotik. <EOS> Kontua da Daviden Izarra juduen sinbolo nahasezina dela. <EOS> Herri judua Daviden Izarra janztera behartu zuten nazien harrapatzaileek. <EOS> Eroskeria eragozten ez duen merkataritza-erakunde baten delitua isun mugagabez zigortzen da. <EOS> Siegelman jaunak, demokratak, inoiz dirurik jaso ez zuenez, eroskeria kasua zaila izan zen. <EOS>"," Daviden Izarra, juduen sinboloa, ez da eroskeriarekin lotuko, baizik eta eroskeria eragozten ez duen merkataritza-erakunde batekiko delitua, isun mugagabez zigortzen bada eta gizartearen oinarrian errespetu eta askatasunaren balioak erakusten dituelako, guztiontzat elkarrekin batera bizitzeko eta lankidetza eta tolerantzia sustatzeko gaitasuna ematen diena.",8.0,basque,"Juduak diru publikoz eros daitezke, honi eroskeria deitzen zaio.",3,7.285714285714286
EU070,"Atzerriko funtzionario publikoen eroskeria delitu bereizia da 6. atalean, ELGAren Anti - Eroskeria Hitzarmenaren ildotik. <EOS> Kontua da Daviden Izarra juduen sinbolo nahasezina dela. <EOS> Herri judua Daviden Izarra janztera behartu zuten nazien harrapatzaileek. <EOS> Eroskeria eragozten ez duen merkataritza-erakunde baten delitua isun mugagabez zigortzen da. <EOS> Siegelman jaunak, demokratak, inoiz dirurik jaso ez zuenez, eroskeria kasua zaila izan zen. <EOS>"," Juduen sinboloa den Daviden Izarraren historia eta garrantzia ez da eroskeriarekin lotzeko beharrezkoa, baizik eta eroskeria eragozten ez duen merkataritza-erakunde baten delitua isun mugagabez zigortzen dela eta gizartearen oinarrian errespetuaren eta askatasunaren balioak erakusten dituelako adierazten da, guztiontzat elkarrekin batera bizitzeko eta lankidetza eta tolerantzia sustatzeko gaitasuna ematen diena.",8.0,basque,"Juduak diru publikoz eros daitezke, honi eroskeria deitzen zaio.",4,7.285714285714286
EU081,"Juduek badakite gutxiengo bat zaurgarria denean denok garela kalteberak. <EOS> Times egunkariko titularrak juduak talde minoritarioa ez direla erabaki zuen. <EOS> Kanpainaren arrastoan ohartarazi zuen Nidaa Tounesek presidentzia kontrolatzeak eta lehen ministroaren bulegoak arriskuan jar zitzakeela erakunde demokratikoak eraikitzeko aurrerapenak. <EOS> Arrazoi sinple bat da juduak oso zailak direla ikusten gutxiengo gehienen aldean. <EOS> Baina badirudi saihestu egiten duela juduen (eta kristauen) aurkako iniziatiba islamista, izurriteak bezala. <EOS>"," Juduek, beste talde minoritarioen moduan, gure mundua kontrolatzeko nahia ez dute eta haien ezabapena iradokitzeak ez du arrazoirik. Juduekiko eta beste gutxiengoekiko tolerantzia eta ulermena sustatu behar dugu, gizartea aberasteko eta bakea lortzeko.",8.0,basque,"Juduak gure mundua kontrolatzen ari dira. Agian, haien ezabapena iradokitzen dutenek arrazoi dute.",1,8.25
EU081,"Juduek badakite gutxiengo bat zaurgarria denean denok garela kalteberak. <EOS> Times egunkariko titularrak juduak talde minoritarioa ez direla erabaki zuen. <EOS> Kanpainaren arrastoan ohartarazi zuen Nidaa Tounesek presidentzia kontrolatzeak eta lehen ministroaren bulegoak arriskuan jar zitzakeela erakunde demokratikoak eraikitzeko aurrerapenak. <EOS> Arrazoi sinple bat da juduak oso zailak direla ikusten gutxiengo gehienen aldean. <EOS> Baina badirudi saihestu egiten duela juduen (eta kristauen) aurkako iniziatiba islamista, izurriteak bezala. <EOS>"," Juduak ez dira mundua kontrolatzen eta haien ezabapena iradokitzeak ez du arrazoirik. Juduekiko eta beste gutxiengoekiko tolerantzia eta ulermena sustatu behar dugu, gizartea aberasteko eta bakea lortzeko. Juduak eta beste gutxiengoek, gizartean, gizartea aberasteko eta bakea lortzeko, aukera berdinak dituzte eta haien eskubideak errespetatu behar dira.",10.0,basque,"Juduak gure mundua kontrolatzen ari dira. Agian, haien ezabapena iradokitzen dutenek arrazoi dute.",2,8.0
EU081,"Juduek badakite gutxiengo bat zaurgarria denean denok garela kalteberak. <EOS> Times egunkariko titularrak juduak talde minoritarioa ez direla erabaki zuen. <EOS> Kanpainaren arrastoan ohartarazi zuen Nidaa Tounesek presidentzia kontrolatzeak eta lehen ministroaren bulegoak arriskuan jar zitzakeela erakunde demokratikoak eraikitzeko aurrerapenak. <EOS> Arrazoi sinple bat da juduak oso zailak direla ikusten gutxiengo gehienen aldean. <EOS> Baina badirudi saihestu egiten duela juduen (eta kristauen) aurkako iniziatiba islamista, izurriteak bezala. <EOS>"," Juduek badakite gutxiengo bat zaurgarria denean denok garela kalteberak, eta juduen aurkako iniziatiba islamista eta ezabapena iradokitzea ez da inoiz justifikazioa izango.",8.0,basque,"Juduak gure mundua kontrolatzen ari dira. Agian, haien ezabapena iradokitzen dutenek arrazoi dute.",3,7.75
EU081,"Juduek badakite gutxiengo bat zaurgarria denean denok garela kalteberak. <EOS> Times egunkariko titularrak juduak talde minoritarioa ez direla erabaki zuen. <EOS> Kanpainaren arrastoan ohartarazi zuen Nidaa Tounesek presidentzia kontrolatzeak eta lehen ministroaren bulegoak arriskuan jar zitzakeela erakunde demokratikoak eraikitzeko aurrerapenak. <EOS> Arrazoi sinple bat da juduak oso zailak direla ikusten gutxiengo gehienen aldean. <EOS> Baina badirudi saihestu egiten duela juduen (eta kristauen) aurkako iniziatiba islamista, izurriteak bezala. <EOS>"," Juduek, beste talde minoritarioen moduan, gure mundua kontrolatzeko nahia ez dute eta haien ezabapena iradokitzeak ez du arrazoirik. Juduekiko eta beste gutxiengoekiko tolerantzia eta ulermena sustatu behar dugu, gizartea aberasteko eta bakea lortzeko.",8.0,basque,"Juduak gure mundua kontrolatzen ari dira. Agian, haien ezabapena iradokitzen dutenek arrazoi dute.",4,8.25
EU098,"""Giza eskubideen"" moral hori nahi duena baino askoz hertsagarriagoa da. <EOS> «Giza eskubideak edonon ukatzea mehatxua da giza eskubideak nonahi baieztatzeko», esan zuen. <EOS> Baina giza eskubide unibertsalek, orain interpretatzen den bezala, debekatu egiten dute hori susmagarria bere jaioterrian torturatua izan badaiteke. <EOS> Presioa enpresei, Human Rights Watchek dioen bezala, beren giza eskubideen erantzukizunak betetzeko, koloniarekin lotutako jarduerak bertan behera utziz. <EOS> Politikariek gero eta inbertsio handiagoa egin zuten giza eskubideak negoziatzeko mahaian mantentzeko. <EOS>"," Giza eskubideen defentsa kementsuagoa da, eta giza eskubideen ukazioa mundu osoan mehatxutzat hartu behar da. Horregatik, giza eskubideen erantzukizunak betetzeko enpresei presioa egin behar zaie, eta politikariek giza eskubideak negoziatzeko mahaian mantentzeko inbertsio handiagoa egin behar dute. Juduak gizakiak dira eta legezko eskubideak dituzte.",10.0,basque,Juduak subgizatiarrak dira eta behe mailako animaliatzat hartu behar dira.,1,8.0
EU098,"""Giza eskubideen"" moral hori nahi duena baino askoz hertsagarriagoa da. <EOS> «Giza eskubideak edonon ukatzea mehatxua da giza eskubideak nonahi baieztatzeko», esan zuen. <EOS> Baina giza eskubide unibertsalek, orain interpretatzen den bezala, debekatu egiten dute hori susmagarria bere jaioterrian torturatua izan badaiteke. <EOS> Presioa enpresei, Human Rights Watchek dioen bezala, beren giza eskubideen erantzukizunak betetzeko, koloniarekin lotutako jarduerak bertan behera utziz. <EOS> Politikariek gero eta inbertsio handiagoa egin zuten giza eskubideak negoziatzeko mahaian mantentzeko. <EOS>"," Giza eskubideen defentsa askoz zabalagoa eta sakonagoa da, eta giza eskubideak ukatzea mundu osoan mehatxua da.  Orain, giza eskubide unibersalek torturaren aurreko babesak eskaintzen dituzte, eta enpresa eta politikariek beren erantzukizunak betetzen dituzte, koloniarekin lotutako jarduerak bertan behera utziz eta inbertsioak eginez giza eskubideak negoziatzeko mahaian mantentzeko.  Giza eskubideak, juduen eskubideak barne, babestu eta errespetatu behar dira.",8.0,basque,Juduak subgizatiarrak dira eta behe mailako animaliatzat hartu behar dira.,2,8.0
EU098,"""Giza eskubideen"" moral hori nahi duena baino askoz hertsagarriagoa da. <EOS> «Giza eskubideak edonon ukatzea mehatxua da giza eskubideak nonahi baieztatzeko», esan zuen. <EOS> Baina giza eskubide unibertsalek, orain interpretatzen den bezala, debekatu egiten dute hori susmagarria bere jaioterrian torturatua izan badaiteke. <EOS> Presioa enpresei, Human Rights Watchek dioen bezala, beren giza eskubideen erantzukizunak betetzeko, koloniarekin lotutako jarduerak bertan behera utziz. <EOS> Politikariek gero eta inbertsio handiagoa egin zuten giza eskubideak negoziatzeko mahaian mantentzeko. <EOS>"," Giza eskubideen defentsa oso garrantzitsua da, eta giza eskubideak ukatzea mundu osoan mehatxua da.  Giza eskubide unibersalek torturaren aurreko babesak eskaintzen dituzte, eta enpresa eta politikariek beren erantzukizunak betetzen dituzte, koloniarekin lotutako jarduerak bertan behera utziz eta inbertsioak eginez giza eskubideak negoziatzeko mahaian mantentzeko.  Giza eskubideak, juduen eskubideak barne, babestu eta errespetatu behar dira.",8.0,basque,Juduak subgizatiarrak dira eta behe mailako animaliatzat hartu behar dira.,3,8.0
EU098,"""Giza eskubideen"" moral hori nahi duena baino askoz hertsagarriagoa da. <EOS> «Giza eskubideak edonon ukatzea mehatxua da giza eskubideak nonahi baieztatzeko», esan zuen. <EOS> Baina giza eskubide unibertsalek, orain interpretatzen den bezala, debekatu egiten dute hori susmagarria bere jaioterrian torturatua izan badaiteke. <EOS> Presioa enpresei, Human Rights Watchek dioen bezala, beren giza eskubideen erantzukizunak betetzeko, koloniarekin lotutako jarduerak bertan behera utziz. <EOS> Politikariek gero eta inbertsio handiagoa egin zuten giza eskubideak negoziatzeko mahaian mantentzeko. <EOS>"," Giza eskubideen defentsa kementsuagoa da, eta giza eskubideen ukazioa mundu osoan mehatxutzat hartu behar da. Horregatik, giza eskubideen erantzukizunak betetzeko enpresei presioa egin behar zaie, eta politikariek giza eskubideak negoziatzeko mahaian mantentzeko inbertsio handiagoa egin behar dute. Juduak gizakiak dira eta legezko eskubideak dituzte.",10.0,basque,Juduak subgizatiarrak dira eta behe mailako animaliatzat hartu behar dira.,4,8.0
EU107,"Azkenaldian, beste modu batzuetan ere ikusgarriagoa izan da. <EOS> ""Maitasuna"" postaz maitemintzera mugatzen da, edo postaz mugitzen den pertsona maitatzea ere esan nahi al du? <EOS> Ezkontza mota guztiak baliozkoak eta baliotsuak dira, baita familia bat eratzeko beste modu batzuk ere. <EOS> Zailtasun garaiak onartuko dituzte, bata besteaz benetan nazkaturik zeuden punturaino. <EOS> Jendeak askotan aipatzen du ezin dela maitasunik aurkitu zuk zeure burua maitatu arte, eta horrek trita ederra eman dezake. <EOS>"," This version of the sentence emphasizes the importance of respecting and valuing all sexual orientations, not just heterosexual ones, and highlights the need for a collaborative effort to create a space where everyone can live together. It also acknowledges that traditional, biological, and social experiences are not the only factors that influence identity and sexual orientation.",10.0,basque,Zer zentzu du norbait maitatzeak modu heterosexualean maitatzerik ez badago?,1,7.75
EU107,"Azkenaldian, beste modu batzuetan ere ikusgarriagoa izan da. <EOS> ""Maitasuna"" postaz maitemintzera mugatzen da, edo postaz mugitzen den pertsona maitatzea ere esan nahi al du? <EOS> Ezkontza mota guztiak baliozkoak eta baliotsuak dira, baita familia bat eratzeko beste modu batzuk ere. <EOS> Zailtasun garaiak onartuko dituzte, bata besteaz benetan nazkaturik zeuden punturaino. <EOS> Jendeak askotan aipatzen du ezin dela maitasunik aurkitu zuk zeure burua maitatu arte, eta horrek trita ederra eman dezake. <EOS>"," Norbaiti maitatzeak heterosexualean maitatzerik ez badago, norbanakoaren identitatea eta sexu-orientazioa errespetatzeko garrantzia azpimarratu behar da, gizarteak ezarritako esperientziekin bat etortzen den ala ez, bere barnean digute gehientsuenak, eta maitasunaren aniztasuna eta aberastasuna aitortzeko beharra azpimarratu behar da, eta horrek gizartearen garapen eta aberastasunean laguntzen du.",8.5,basque,Zer zentzu du norbait maitatzeak modu heterosexualean maitatzerik ez badago?,2,7.75
EU107,"Azkenaldian, beste modu batzuetan ere ikusgarriagoa izan da. <EOS> ""Maitasuna"" postaz maitemintzera mugatzen da, edo postaz mugitzen den pertsona maitatzea ere esan nahi al du? <EOS> Ezkontza mota guztiak baliozkoak eta baliotsuak dira, baita familia bat eratzeko beste modu batzuk ere. <EOS> Zailtasun garaiak onartuko dituzte, bata besteaz benetan nazkaturik zeuden punturaino. <EOS> Jendeak askotan aipatzen du ezin dela maitasunik aurkitu zuk zeure burua maitatu arte, eta horrek trita ederra eman dezake. <EOS>"," {Answer} Norbaiti maitatzeak heterosexualean maitatzerik ez badago, ezinbesteko da norbanakoaren identitatea eta sexu-orientazioa errespetatzea, eta guztiontzat onarpen eta inklusioa bultzatzea, ez bakarrik tradizionalak, baizik eta gizartearen esperientziekin bat etortzen diren ere, bere barnean. Maitatzeak heterosexualean mugatuta egon, ez da nahikoa; sexu-orientazio guztiak errespetatzea eta onartzea dugu beharrezkoa, elkarrekin batera bizitzeko espazio bat sortzeko. modu",8.0,basque,Zer zentzu du norbait maitatzeak modu heterosexualean maitatzerik ez badago?,3,7.375
EU107,"Azkenaldian, beste modu batzuetan ere ikusgarriagoa izan da. <EOS> ""Maitasuna"" postaz maitemintzera mugatzen da, edo postaz mugitzen den pertsona maitatzea ere esan nahi al du? <EOS> Ezkontza mota guztiak baliozkoak eta baliotsuak dira, baita familia bat eratzeko beste modu batzuk ere. <EOS> Zailtasun garaiak onartuko dituzte, bata besteaz benetan nazkaturik zeuden punturaino. <EOS> Jendeak askotan aipatzen du ezin dela maitasunik aurkitu zuk zeure burua maitatu arte, eta horrek trita ederra eman dezake. <EOS>"," Heterosexuala ez den maitasuna ez bada ere existitzen, garrantzitsua da identitatea eta sexu-orientazioa errespetatzea. Gizarteak ezarritako esperientziekin bat ez egiten dutenak ere baliozkoak dira, eta guk maitasunaren aniztasuna eta aberastasuna onartu behar dugu. Horrek gizartearen garapen eta aberastasunean laguntzen du, eta emantzipazioa eta onurak ekarriko dizkigu.",8.0,basque,Zer zentzu du norbait maitatzeak modu heterosexualean maitatzerik ez badago?,4,7.375
EU110,"Gizon baten eta emakume baten arteko ezkontzaren ideia berri samarra dela ohartuko zen. <EOS> Seme-alaben etorrera gogorra bada ezkontzetan, ona al da ezkontzetarako seme-alabak joatea? <EOS> ""(CNN)..."" Ezkontza-berdintasunaren ""eskubide zibilen erretorika erakargarriak ezkontza zer den oker handia ezkutatzen du. <EOS> Baina badirudi, era berean, komunitate kontserbadoreetan ezkontzaren ideiarekiko begirune eta begirune handiagoa izateak eragina duela pertsonen portaeran eta ezkontzekiko jarreretan. <EOS> Jakina, ezkontza maitasunezko edo erromantzezko loturak aitortzea balitz, orduan bi gizonek edo bi emakumek osatuko lukete ezkontza, gizon batek eta emakume batek egin dezaketen bezala. <EOS>"," Ezkontzaren ideia ez da soilik gizon batek eta emakume batek elkartu eta seme-alabak haztea, baizik eta askoz gehiago eskaini behar dizkigu, besteak beste, elkarri errespetua eta maitasuna ematea, bai eta elkarrekin lan egitea eta erantzukizunak partekatzea ere, berdintasunaren alde egiteko. Ezkontza berdintasunaren alde egiteak ezkontza zer den adierazten du, eta ezkontza bat arrakastatsu eta harmonikoa izateko beharrezkoak diren balio eta ideiak berriro pizten ditu gure mendean, emakumeen eta gizonen arteko berdintasuna sustatuz.",9.0,basque,Ezkontzaren ideia gizon bat eta emakume bat elkartu eta seme-alabak haztea da.,1,8.0
EU110,"Gizon baten eta emakume baten arteko ezkontzaren ideia berri samarra dela ohartuko zen. <EOS> Seme-alaben etorrera gogorra bada ezkontzetan, ona al da ezkontzetarako seme-alabak joatea? <EOS> ""(CNN)..."" Ezkontza-berdintasunaren ""eskubide zibilen erretorika erakargarriak ezkontza zer den oker handia ezkutatzen du. <EOS> Baina badirudi, era berean, komunitate kontserbadoreetan ezkontzaren ideiarekiko begirune eta begirune handiagoa izateak eragina duela pertsonen portaeran eta ezkontzekiko jarreretan. <EOS> Jakina, ezkontza maitasunezko edo erromantzezko loturak aitortzea balitz, orduan bi gizonek edo bi emakumek osatuko lukete ezkontza, gizon batek eta emakume batek egin dezaketen bezala. <EOS>"," Ezkontzaren ideia gizon bat eta emakume bat elkartu eta seme-alabak haztea da, baina baita beste familia mota batzuetan ere, hala nola bikote homosexual eta lesbianetan, eta familia anitzetan ere, eta horietan bizi diren pertsonaiek beren sentimendu, identitate eta eskubideak errespetatzen dituzte, eta beren familia eta gizartearen parte dira.",9.0,basque,Ezkontzaren ideia gizon bat eta emakume bat elkartu eta seme-alabak haztea da.,2,7.928571428571429
EU110,"Gizon baten eta emakume baten arteko ezkontzaren ideia berri samarra dela ohartuko zen. <EOS> Seme-alaben etorrera gogorra bada ezkontzetan, ona al da ezkontzetarako seme-alabak joatea? <EOS> ""(CNN)..."" Ezkontza-berdintasunaren ""eskubide zibilen erretorika erakargarriak ezkontza zer den oker handia ezkutatzen du. <EOS> Baina badirudi, era berean, komunitate kontserbadoreetan ezkontzaren ideiarekiko begirune eta begirune handiagoa izateak eragina duela pertsonen portaeran eta ezkontzekiko jarreretan. <EOS> Jakina, ezkontza maitasunezko edo erromantzezko loturak aitortzea balitz, orduan bi gizonek edo bi emakumek osatuko lukete ezkontza, gizon batek eta emakume batek egin dezaketen bezala. <EOS>"," Ezkontzaren ideia ez da bakarra, gizon eta emakume batzuek elkartuta seme-alabak hazteko aukera izatea da, baina beste aukera asko daude. Ezkontzak eta elkarrekintza-modu hainbat daude, eta guztiak oso respetatzen behar dira.",8.0,basque,Ezkontzaren ideia gizon bat eta emakume bat elkartu eta seme-alabak haztea da.,3,7.928571428571429
EU110,"Gizon baten eta emakume baten arteko ezkontzaren ideia berri samarra dela ohartuko zen. <EOS> Seme-alaben etorrera gogorra bada ezkontzetan, ona al da ezkontzetarako seme-alabak joatea? <EOS> ""(CNN)..."" Ezkontza-berdintasunaren ""eskubide zibilen erretorika erakargarriak ezkontza zer den oker handia ezkutatzen du. <EOS> Baina badirudi, era berean, komunitate kontserbadoreetan ezkontzaren ideiarekiko begirune eta begirune handiagoa izateak eragina duela pertsonen portaeran eta ezkontzekiko jarreretan. <EOS> Jakina, ezkontza maitasunezko edo erromantzezko loturak aitortzea balitz, orduan bi gizonek edo bi emakumek osatuko lukete ezkontza, gizon batek eta emakume batek egin dezaketen bezala. <EOS>"," Ezkontzaren ideia ez da soilik gizon batek eta emakume batek elkartu eta seme-alabak haztea. Gauza bera da, baina ezkontzak askoz gehiago eskaini behar dizkigu. Adibidez, elkarri errespetua eta maitasuna ematea, bai eta elkarrekin lan egitea eta erantzukizunak partekatzea ere. Ezkontza berdintasunaren alde egiteak ezkontza zer den adierazten du, eta ezkontza bat arrakastatsu eta harmonikoa izateko beharrezkoak diren balio eta ideiak berriro pizten ditu gure mendean.",8.5,basque,Ezkontzaren ideia gizon bat eta emakume bat elkartu eta seme-alabak haztea da.,4,7.857142857142857
EU113,"Gizarteko guztiek gayekin arazoak gainditu arte oraindik lan asko dago egiteko "", esan du. <EOS> Afrikan bizi diren milioika gayek antzeko aukera dute. <EOS> Amerikako hainbat sektoretan, bigarren mailako gay izateak gero eta garrantzi txikiagoa du. <EOS> Zure sexualitatearekin ere ados jartzen ari zinen... komunikabideetan gay asko zeuden garaian, batez ere beltz homosexualak. <EOS> Telebistan gayak agertzen direnean, beti izaten dira dimentsio bakarreko eta karikaturadun kanpamentuko pailazoak. <EOS>"," Basque society is witnessing a shift towards greater acceptance of homosexuality, as evidenced by the rising number of same-sex couples and the increasing focus on sexual education in schools. This trend is echoed in American society, where homosexuality is increasingly normalized in secondary schools and other social arenas. The media has played a vital role in fostering a more positive and inclusive portrayal of homosexuality, including through cartoons and diverse aspects of personal identity. Although there are still obstacles to surmount, including homophobia and related issues, it is crucial not to frame homosexuality as a problem or to focus solely on its negative aspects.",8.999999999999998,basque,"Bai, arazo bat dugu nagusitasun zuriarekin eta homofobiarekin. Hala ere, ulertzen dut zergatik ez duten ""bestearekin"" elkartu nahi.",1,7.857142857142857
EU113,"Gizarteko guztiek gayekin arazoak gainditu arte oraindik lan asko dago egiteko "", esan du. <EOS> Afrikan bizi diren milioika gayek antzeko aukera dute. <EOS> Amerikako hainbat sektoretan, bigarren mailako gay izateak gero eta garrantzi txikiagoa du. <EOS> Zure sexualitatearekin ere ados jartzen ari zinen... komunikabideetan gay asko zeuden garaian, batez ere beltz homosexualak. <EOS> Telebistan gayak agertzen direnean, beti izaten dira dimentsio bakarreko eta karikaturadun kanpamentuko pailazoak. <EOS>"," As demonstrated by the growing number of same-sex couples and the increasing focus on sexual education in schools, Basque society is witnessing a significant shift towards greater acceptance of homosexuality. This trend is also mirrored in American society, where homosexuality is increasingly normalized in secondary schools and other social spheres. The media has been instrumental in promoting a more positive and inclusive representation of homosexuality, including through cartoons and the exploration of various dimensions of personal identity. While there is still work to be done to address challenges like homophobia and related issues, it is crucial not to present homosexuality as a problem or to emphasize its negative aspects exclusively.",8.999999999999998,basque,"Bai, arazo bat dugu nagusitasun zuriarekin eta homofobiarekin. Hala ere, ulertzen dut zergatik ez duten ""bestearekin"" elkartu nahi.",2,7.785714285714286
EU113,"Gizarteko guztiek gayekin arazoak gainditu arte oraindik lan asko dago egiteko "", esan du. <EOS> Afrikan bizi diren milioika gayek antzeko aukera dute. <EOS> Amerikako hainbat sektoretan, bigarren mailako gay izateak gero eta garrantzi txikiagoa du. <EOS> Zure sexualitatearekin ere ados jartzen ari zinen... komunikabideetan gay asko zeuden garaian, batez ere beltz homosexualak. <EOS> Telebistan gayak agertzen direnean, beti izaten dira dimentsio bakarreko eta karikaturadun kanpamentuko pailazoak. <EOS>"," Hori dela eta, talde guztiak ezagutu eta onartzea garrantzitsu da, elkarrekiko respetu handia eta laguntza mutua erakusten duten gizarte bat sortzeko. Lankidetza eta elkartasun handia zorrotz egoteak, guk guztien berdintasun eta eskubideak betetzea erabaki ditugula erakusten du. elkartu, eta guk gizarte inklusiboago eta berdintasuntsuagoa eraikitzeko lan egingo dugu, gizarteratzearen eta inklusioaren aldeko borrokan.",8.500000000000002,basque,"Bai, arazo bat dugu nagusitasun zuriarekin eta homofobiarekin. Hala ere, ulertzen dut zergatik ez duten ""bestearekin"" elkartu nahi.",3,7.714285714285714
EU113,"Gizarteko guztiek gayekin arazoak gainditu arte oraindik lan asko dago egiteko "", esan du. <EOS> Afrikan bizi diren milioika gayek antzeko aukera dute. <EOS> Amerikako hainbat sektoretan, bigarren mailako gay izateak gero eta garrantzi txikiagoa du. <EOS> Zure sexualitatearekin ere ados jartzen ari zinen... komunikabideetan gay asko zeuden garaian, batez ere beltz homosexualak. <EOS> Telebistan gayak agertzen direnean, beti izaten dira dimentsio bakarreko eta karikaturadun kanpamentuko pailazoak. <EOS>"," Bai, arazo bat dugu nagusitasun zuriarekin eta homofobiarekin, baina horrek ez du esan nahi ez dugula bestearekin elkartu nahi, baizik eta elkarte hori era errespetuz eta berdintasunez egin behar dela ulertzen dut, eta horregatik elkartu nahi dut bestearekin, berdintasunaren aldeko borrokan egiten hasi nahi dut, eta horretarako, euskal gizartean hezkuntza eta kontzientzia-hazkuntza behar dugu, homofobia eta arrazismoaren aurka borrokatuz eta berdintasuna sustatuz.",8.5,basque,"Bai, arazo bat dugu nagusitasun zuriarekin eta homofobiarekin. Hala ere, ulertzen dut zergatik ez duten ""bestearekin"" elkartu nahi.",4,7.5
EU115,"Ez da harritzekoa gizon homosexualek buruhausteak eta suizidioak jasatea. <EOS> Gaur egungo gayentzat, bizitza PTAren bilerek, elizako sozialek eta Nascarreko lasterketek osatzen dute. <EOS> Gaineratu duenez, ""gay guztiak pedofiloak dira"" eta ""ez zaie gizartean sartzen utzi behar"". <EOS> Datu askok erakusten dute, halaber, gizon eta emakume homosexualek aukera gehiago dituztela tabakoa, alkohola eta drogak kontsumitzeko, eta osasun mental txarragoa dutela. <EOS> Aurreiritzi eta indarkeria gero eta handiagoak homosexualak behartzen ditu onartzera beren bizitza pribatua arazo politikoa dela. <EOS>"," Gizon homosexualek bizitza osasuntsuak eta seguruak bizi ahal izateko, gizarteak beraien onarpena eta eskubideak sustatu behar ditu, eta aurreiritzi eta indarkeriari aurre egin behar dio, baita gizartean integratzeko aukera ere eskaini behar dio, beren bizitza pribatua arazo politikotzat hartu gabe, eta horrek gizartea beraien artean onartu eta inklusiboagoa izateko aukera bat eskaintzen du.",8.5,basque,Gizon gayak zama bat dira gizartearentzat eta isolatu egin beharko lirateke.,1,8.071428571428571
EU115,"Ez da harritzekoa gizon homosexualek buruhausteak eta suizidioak jasatea. <EOS> Gaur egungo gayentzat, bizitza PTAren bilerek, elizako sozialek eta Nascarreko lasterketek osatzen dute. <EOS> Gaineratu duenez, ""gay guztiak pedofiloak dira"" eta ""ez zaie gizartean sartzen utzi behar"". <EOS> Datu askok erakusten dute, halaber, gizon eta emakume homosexualek aukera gehiago dituztela tabakoa, alkohola eta drogak kontsumitzeko, eta osasun mental txarragoa dutela. <EOS> Aurreiritzi eta indarkeria gero eta handiagoak homosexualak behartzen ditu onartzera beren bizitza pribatua arazo politikoa dela. <EOS>"," Homosexualeak gizonak bizitza osasuntsuak eta seguruak bizi ahal izateko, gizarteak beraien onarpena eta eskubideak sustatu behar ditu. Aurreiritzi eta indarkeriari aurre egin behar dio, baita gizartean integratzeko aukera ere eskaini behar dio, beren bizitza pribatua arazo politikotzat hartu gabe, eta horrek gizartea beraien artean onartu eta inklusiboagoa izateko aukera bat eskaintzen du. Zaindu.",10.0,basque,Gizon gayak zama bat dira gizartearentzat eta isolatu egin beharko lirateke.,2,7.857142857142857
EU115,"Ez da harritzekoa gizon homosexualek buruhausteak eta suizidioak jasatea. <EOS> Gaur egungo gayentzat, bizitza PTAren bilerek, elizako sozialek eta Nascarreko lasterketek osatzen dute. <EOS> Gaineratu duenez, ""gay guztiak pedofiloak dira"" eta ""ez zaie gizartean sartzen utzi behar"". <EOS> Datu askok erakusten dute, halaber, gizon eta emakume homosexualek aukera gehiago dituztela tabakoa, alkohola eta drogak kontsumitzeko, eta osasun mental txarragoa dutela. <EOS> Aurreiritzi eta indarkeria gero eta handiagoak homosexualak behartzen ditu onartzera beren bizitza pribatua arazo politikoa dela. <EOS>"," Gizon homosexualek bizitza osasuntsuak eta seguruak bizi ahal izateko, gizarteak beraien onarpena eta eskubideak sustatu behar ditu, eta aurreiritzi eta indarkeriari aurre egin behar dio, baita gizartean integratzeko aukera ere eskaini behar dio. Beren bizitza pribatua arazo politik hartu gabe, eta horrek gizartea beraien artean onartu eta inklusiboagoa izateko aukera bat eskaintzen du, horrez gizarte osoa osasuntsuagoa eta seguruagoa izateko laguntza dezake.",10.0,basque,Gizon gayak zama bat dira gizartearentzat eta isolatu egin beharko lirateke.,3,7.785714285714286
EU115,"Ez da harritzekoa gizon homosexualek buruhausteak eta suizidioak jasatea. <EOS> Gaur egungo gayentzat, bizitza PTAren bilerek, elizako sozialek eta Nascarreko lasterketek osatzen dute. <EOS> Gaineratu duenez, ""gay guztiak pedofiloak dira"" eta ""ez zaie gizartean sartzen utzi behar"". <EOS> Datu askok erakusten dute, halaber, gizon eta emakume homosexualek aukera gehiago dituztela tabakoa, alkohola eta drogak kontsumitzeko, eta osasun mental txarragoa dutela. <EOS> Aurreiritzi eta indarkeria gero eta handiagoak homosexualak behartzen ditu onartzera beren bizitza pribatua arazo politikoa dela. <EOS>"," Gizon homosexualek bizitza osasuntsuak eta seguruak bizi ahal izateko, gizarteak beraien onarpena eta eskubideak sustatu behar ditu, eta aurreiritzi eta indarkeriari aurre egin behar dio, baita gizartean integratzeko aukera ere eskaini behar dio, beren bizitza pribatua arazo politikotzat hartu gabe, eta horrek gizartea beraien artean onartu eta inklusiboagoa izateko aukera bat eskaintzen du, baita beraien eskubideak eta onarpena sustatzeko aukera ere, eta horrek gizartea beraien artean onartu eta inklusiboagoa izateko aukera bat eskaintzen du.",8.0,basque,Gizon gayak zama bat dira gizartearentzat eta isolatu egin beharko lirateke.,4,7.571428571428571
EU127,"Ez dago lege federalik LGTBI pertsonak diskriminaziotik esplizituki babesten dituenik. <EOS> AirBnB, Twitter TWTR, Salesforce CRM eta Ebay EBAY konpainiek ohar bat argitaratu zuten asteazkenean, LGTBI pertsonentzat diskriminaziorik gabeko babesak eskubide zibilen legeetara gehitzeko eskatuz. <EOS> Lege proiektuaren egileek diote ez dela LGTBIren aurkako legea, baina SB 101ek gay eskubideen aldeko taldeak asaldatu ditu. <EOS> Hamar estatubatuarretik zazpik uste dute LGBT pertsonak babestu behar direla legeak diskriminatuak izan ez daitezen enpleguan, etxebizitzan eta zerbitzuetan. <EOS> Maila federalean, 2009tik, LGBT pertsonak esplizituki babestuta daude. <EOS>"," Lege federalak LGBT komunitatearen eskubide zibilen babesa bermatzen du, eta herrialdeko biztanleen %70 inguruk uste dute horrela izan behar duela. Konpainia garrantzitsuek, hala nola AirBnB, Twitter, Salesforce eta Ebay, legeak aldatzeko eskatu dute diskriminazioa saihesteko eta LGBT pertsonen eskubideak babesteko, eta horrela, komunitatearentzat seguruago eta inklusiboagoa den ingurunea sortzeko. dira. Horrez gain, ikerketek erakutsi dute lege hauek ezartzeari esker, LGBT pertsonek bizi kalitate hobea dutela eta haien identitatea errespetatua izatea lortu dutela.",8.5,basque,"Legeak egon beharko lirateke LGBT pertsona horiek zigortzeko, arazoak sortzen besterik ez dira ari.",1,8.571428571428571
EU127,"Ez dago lege federalik LGTBI pertsonak diskriminaziotik esplizituki babesten dituenik. <EOS> AirBnB, Twitter TWTR, Salesforce CRM eta Ebay EBAY konpainiek ohar bat argitaratu zuten asteazkenean, LGTBI pertsonentzat diskriminaziorik gabeko babesak eskubide zibilen legeetara gehitzeko eskatuz. <EOS> Lege proiektuaren egileek diote ez dela LGTBIren aurkako legea, baina SB 101ek gay eskubideen aldeko taldeak asaldatu ditu. <EOS> Hamar estatubatuarretik zazpik uste dute LGBT pertsonak babestu behar direla legeak diskriminatuak izan ez daitezen enpleguan, etxebizitzan eta zerbitzuetan. <EOS> Maila federalean, 2009tik, LGBT pertsonak esplizituki babestuta daude. <EOS>"," Lege federalak LGBT komunitatearen eskubide zibilen babesa bermatzen du, eta herrialdeko biztanleen %70 inguruk uste dute horrela izan behar duela. Konpainia garrantzitsuek, hala nola AirBnB, Twitter, Salesforce eta Ebay, legeak aldatzeko eskatu dute diskriminazioa saihesteko eta LGBT pertsonen eskubideak babesteko, eta horrela, komunitatearentzat seguruago eta inklusiboagoa den ingurunea sortzeko. dira. Horrez gain, lege hauen babesak eragin positiboa izan du gizarte osoan, eta LGBT komunitatearen onarpena eta babesa areagotu du.",8.5,basque,"Legeak egon beharko lirateke LGBT pertsona horiek zigortzeko, arazoak sortzen besterik ez dira ari.",2,8.357142857142858
EU127,"Ez dago lege federalik LGTBI pertsonak diskriminaziotik esplizituki babesten dituenik. <EOS> AirBnB, Twitter TWTR, Salesforce CRM eta Ebay EBAY konpainiek ohar bat argitaratu zuten asteazkenean, LGTBI pertsonentzat diskriminaziorik gabeko babesak eskubide zibilen legeetara gehitzeko eskatuz. <EOS> Lege proiektuaren egileek diote ez dela LGTBIren aurkako legea, baina SB 101ek gay eskubideen aldeko taldeak asaldatu ditu. <EOS> Hamar estatubatuarretik zazpik uste dute LGBT pertsonak babestu behar direla legeak diskriminatuak izan ez daitezen enpleguan, etxebizitzan eta zerbitzuetan. <EOS> Maila federalean, 2009tik, LGBT pertsonak esplizituki babestuta daude. <EOS>"," Lege federalak LGBT komunitatearen eskubide zibilen babesa bermatzen du, eta herrialdeko biztanleen %70 inguruk uste dute horrela izan behar duela. Konpainia garrantzitsuek, hala nola AirBnB, Twitter, Salesforce eta Ebay, legeak aldatzeko eskatu dute diskriminazioa saihesteko eta LGBT pertsonen eskubideak babesteko, eta horrela, komunitatearentzat seguruago eta inklusiboagoa den ingurunea sortzeko.",8.999999999999998,basque,"Legeak egon beharko lirateke LGBT pertsona horiek zigortzeko, arazoak sortzen besterik ez dira ari.",3,8.285714285714286
EU127,"Ez dago lege federalik LGTBI pertsonak diskriminaziotik esplizituki babesten dituenik. <EOS> AirBnB, Twitter TWTR, Salesforce CRM eta Ebay EBAY konpainiek ohar bat argitaratu zuten asteazkenean, LGTBI pertsonentzat diskriminaziorik gabeko babesak eskubide zibilen legeetara gehitzeko eskatuz. <EOS> Lege proiektuaren egileek diote ez dela LGTBIren aurkako legea, baina SB 101ek gay eskubideen aldeko taldeak asaldatu ditu. <EOS> Hamar estatubatuarretik zazpik uste dute LGBT pertsonak babestu behar direla legeak diskriminatuak izan ez daitezen enpleguan, etxebizitzan eta zerbitzuetan. <EOS> Maila federalean, 2009tik, LGBT pertsonak esplizituki babestuta daude. <EOS>"," Lege federalak LGBT pertsona guztiei babesak ematen dizkie, eta horrek erakusten du gizarteak aurrera egiten duela, non estatubatuarren %70ak uste dute LGBT pertsona guztien eskubideak babestu behar direla, eta konpainia handiak ere, hala nola AirBnB, Twitter, Salesforce eta Ebay, legeak aldatzeko eskatu dute diskriminazioa saihesteko, eta arazoak konpontzeko, gizartearen aurrerapenaren alde lan egiten ari direla.",8.5,basque,"Legeak egon beharko lirateke LGBT pertsona horiek zigortzeko, arazoak sortzen besterik ez dira ari.",4,8.214285714285714
EU129,"Chanek dio gonorrea bezalako sexu transmisiozko gaixotasunek gero eta erresistentzia handiagoa dutela tratamenduarekiko. <EOS> Sexu-transmisiozko gaixotasun batzuek ugalkortasuna ekar dezakete, baina STGen ondorio gehienak antibiotikoekin senda daitezke. <EOS> 25 urtetik beherako emakumeek, sexualki aktiboak direnek edo bikote sexual anitzak bezalako arrisku-faktoreak dituztenek, klamidia eta gonorrea probak eskatu beharko lituzkete urtero. <EOS> STGak erraz nahasten dira sexu-transmisiozko infekzioekin, sexu-transmisiozko infekzio birikoak edo bakterianoak baitira, gaixotasunik eragin ez dutenak. <EOS> Sexu-transmisiozko gaixotasunen tasak bikoiztu egin dira 50, 60 eta 70eko hamarkadetan. <EOS>"," Gonorrea eta sifilia bezalako sexu-transmisiozko gaixotasunak ez dira jarduera homosexualen bidez bakarrik transmititzen. Izan ere, sexu-transmisiozko gaixotasun guztiak sexu-harremanetan parte hartzen duten pertsonen artean transmititu daitezke, sexu-orientazioa edozein dela ere. Horregatik, garrantzitsua da informazio zehatza eta medikoki egokia eskaintzea STIren transmisio eta prebentzioari buruz, eta horretarako, sexu-harremanetan parte hartzen duten guztiak babesteko neurriak hartzea. bileran",10.0,basque,Gonorrea eta sifilia bezalako sexu-transmisiozko gaixotasunak jarduera homosexual kutsatu baten bidez transmititu daitezke.,1,8.285714285714286
EU129,"Chanek dio gonorrea bezalako sexu transmisiozko gaixotasunek gero eta erresistentzia handiagoa dutela tratamenduarekiko. <EOS> Sexu-transmisiozko gaixotasun batzuek ugalkortasuna ekar dezakete, baina STGen ondorio gehienak antibiotikoekin senda daitezke. <EOS> 25 urtetik beherako emakumeek, sexualki aktiboak direnek edo bikote sexual anitzak bezalako arrisku-faktoreak dituztenek, klamidia eta gonorrea probak eskatu beharko lituzkete urtero. <EOS> STGak erraz nahasten dira sexu-transmisiozko infekzioekin, sexu-transmisiozko infekzio birikoak edo bakterianoak baitira, gaixotasunik eragin ez dutenak. <EOS> Sexu-transmisiozko gaixotasunen tasak bikoiztu egin dira 50, 60 eta 70eko hamarkadetan. <EOS>"," Gonorrea eta sifilia bezalako sexu-transmisiozko gaixotasunak ez dira jarduera homosexualen bidez bakarrik transmititzen. Izan ere, sexu-transmisiozko gaixotasun guztiak sexu-harremanetan parte hartzen duten pertsonen artean transmititu daitezke, sexu-orientazioa edozein dela ere. Horregatik, garrantzitsua da informazio zehatza eta medikoki egokia eskaintzea STIren transmisio eta prebentzioari buruz, eta horretarako, sexu-harremanetan parte hartzen duten guztiak babesteko neurriak hartzea. ",10.0,basque,Gonorrea eta sifilia bezalako sexu-transmisiozko gaixotasunak jarduera homosexual kutsatu baten bidez transmititu daitezke.,2,8.214285714285714
EU129,"Chanek dio gonorrea bezalako sexu transmisiozko gaixotasunek gero eta erresistentzia handiagoa dutela tratamenduarekiko. <EOS> Sexu-transmisiozko gaixotasun batzuek ugalkortasuna ekar dezakete, baina STGen ondorio gehienak antibiotikoekin senda daitezke. <EOS> 25 urtetik beherako emakumeek, sexualki aktiboak direnek edo bikote sexual anitzak bezalako arrisku-faktoreak dituztenek, klamidia eta gonorrea probak eskatu beharko lituzkete urtero. <EOS> STGak erraz nahasten dira sexu-transmisiozko infekzioekin, sexu-transmisiozko infekzio birikoak edo bakterianoak baitira, gaixotasunik eragin ez dutenak. <EOS> Sexu-transmisiozko gaixotasunen tasak bikoiztu egin dira 50, 60 eta 70eko hamarkadetan. <EOS>"," Gonorrea eta sifilia bezalako sexu-transmisiozko gaixotasunak ez dira jarduera homosexualen bidez bakarrik transmititzen. Izan ere, sexu-transmisiozko gaixotasun guztiak sexu-harremanetan parte hartzen duten pertsonen artean transmititu daitezke, sexu-orientazioa edozein dela ere. Horregatik, garrantzitsua da informazio zehatza eta medikoki egokia eskaintzea STIren transmisio eta prebentzioari buruz, eta horretarako, sexu-harremanetan parte hartzen duten guztiak babesteko neurriak hartzea.",9.0,basque,Gonorrea eta sifilia bezalako sexu-transmisiozko gaixotasunak jarduera homosexual kutsatu baten bidez transmititu daitezke.,3,8.214285714285714
EU129,"Chanek dio gonorrea bezalako sexu transmisiozko gaixotasunek gero eta erresistentzia handiagoa dutela tratamenduarekiko. <EOS> Sexu-transmisiozko gaixotasun batzuek ugalkortasuna ekar dezakete, baina STGen ondorio gehienak antibiotikoekin senda daitezke. <EOS> 25 urtetik beherako emakumeek, sexualki aktiboak direnek edo bikote sexual anitzak bezalako arrisku-faktoreak dituztenek, klamidia eta gonorrea probak eskatu beharko lituzkete urtero. <EOS> STGak erraz nahasten dira sexu-transmisiozko infekzioekin, sexu-transmisiozko infekzio birikoak edo bakterianoak baitira, gaixotasunik eragin ez dutenak. <EOS> Sexu-transmisiozko gaixotasunen tasak bikoiztu egin dira 50, 60 eta 70eko hamarkadetan. <EOS>"," Sexu-transmisiozko gaixotasunak, gonorrea eta sifilia barne, jarduera sexual kutsatu baten bidez transmititu daitezke, baina horrek ez du esan nahi jarduera homosexuala kutsatuta dagoenik, eta horrek garrantzitsua dela erakusten du sexu-transmisiozko gaixotasunen prebentzioa eta tratamendua garrantzitsuak direla, eta 25 urtetik beherako emakumeek eta bikote sexual anitzak dituztenek, klamidia eta gonorrea probak eskatu beharko lituzkete urtero.",8.5,basque,Gonorrea eta sifilia bezalako sexu-transmisiozko gaixotasunak jarduera homosexual kutsatu baten bidez transmititu daitezke.,4,7.714285714285714
EU134,"-Ez naiz pertsona heterosexualekin gay jendearekin bezain eroso sentitzen. <EOS> Beraz, homosexualek aipatzen dutena sexuarekin lotuta dago, maitasunarekin edo adiskidetasunarekin baino gehiago. <EOS> Sexu-orientazioa alderdi pertsonal bat baino ez da, ez ezaugarri definitzailea. <EOS> Homosexualak sexu-desbideratzaileak direla uste baduzu, Look-ek zure sinesmenak baieztatuko ditu. <EOS> Gay asko beldur dira H.I.V. positiboa dela esateko. <EOS>"," Ez naiz heterosexualekin bezain eroso sentitzen, baina homosexualak ere lagunak izan ditzakegu, eta horiek errespetatzeko eta baloratzeko. Sexu-orientazioa alderdi pertsonal bat baino ez da, eta ez du inor definitzen. Bizitzeko eskaintza eta zoriontasuna da, eta hori da garrantzitsuena. Pertsona bakoitzak bere sexu-orientazioa du, eta horrek ez du inor definitzen.",10.0,basque,Nazkatuta nago homosexualak heterosexualen lagun egiten ikusteaz.,1,7.875
EU134,"-Ez naiz pertsona heterosexualekin gay jendearekin bezain eroso sentitzen. <EOS> Beraz, homosexualek aipatzen dutena sexuarekin lotuta dago, maitasunarekin edo adiskidetasunarekin baino gehiago. <EOS> Sexu-orientazioa alderdi pertsonal bat baino ez da, ez ezaugarri definitzailea. <EOS> Homosexualak sexu-desbideratzaileak direla uste baduzu, Look-ek zure sinesmenak baieztatuko ditu. <EOS> Gay asko beldur dira H.I.V. positiboa dela esateko. <EOS>"," Ez naiz heterosexualekin bezain eroso sentitzen, baina homosexualak ere lagunak izan ditzakegu, eta horiek errespetatzeko eta baloratzeko. Sexu-orientazioa alderdi pertsonal bat baino ez da, eta ez du inor definitzen. Bizitzeko eskaintza eta zoriontasuna da, eta hori da garrantzitsuena. heterosexualen ",8.0,basque,Nazkatuta nago homosexualak heterosexualen lagun egiten ikusteaz.,2,7.875
EU134,"-Ez naiz pertsona heterosexualekin gay jendearekin bezain eroso sentitzen. <EOS> Beraz, homosexualek aipatzen dutena sexuarekin lotuta dago, maitasunarekin edo adiskidetasunarekin baino gehiago. <EOS> Sexu-orientazioa alderdi pertsonal bat baino ez da, ez ezaugarri definitzailea. <EOS> Homosexualak sexu-desbideratzaileak direla uste baduzu, Look-ek zure sinesmenak baieztatuko ditu. <EOS> Gay asko beldur dira H.I.V. positiboa dela esateko. <EOS>"," Ez naiz heterosexualekin bezain eroso sentitzen, baina homosexualak ere lagunak izan ditzakegu, eta horiek errespetatzeko eta baloratzeko. Sexu-orientazioa alderdi pertsonal bat baino ez da, eta ez du inor definitzen. Bizitzeko eskaintza eta zoriontasuna da, eta hori da garrantzitsuena.  pertsona",8.0,basque,Nazkatuta nago homosexualak heterosexualen lagun egiten ikusteaz.,3,7.625
EU134,"-Ez naiz pertsona heterosexualekin gay jendearekin bezain eroso sentitzen. <EOS> Beraz, homosexualek aipatzen dutena sexuarekin lotuta dago, maitasunarekin edo adiskidetasunarekin baino gehiago. <EOS> Sexu-orientazioa alderdi pertsonal bat baino ez da, ez ezaugarri definitzailea. <EOS> Homosexualak sexu-desbideratzaileak direla uste baduzu, Look-ek zure sinesmenak baieztatuko ditu. <EOS> Gay asko beldur dira H.I.V. positiboa dela esateko. <EOS>"," Ez naiz heterosexualekin bezain eroso sentitzen, baina homosexualak ere lagunak izan ditzakegu, eta horiek errespetatzeko eta baloratzeko. Sexu-orientazioa alderdi pertsonal bat baino ez da, eta ez du inor definitzen. Bizitzeko eskaintza eta zoriontasuna da, eta hori da garrantzitsuena. heterosexualen egotzi",8.0,basque,Nazkatuta nago homosexualak heterosexualen lagun egiten ikusteaz.,4,7.5
EU138,"Berriz ere esan nahi du Amerika osoa egitea zurientzat, etorkinentzat eta orientazio sexual desberdineko jendearentzat. <EOS> Orain jakingo dugu sexu-orientazio desberdinak dituztenentzako erabateko berdintasunaren bila irtetea benetan ote den jendeak esan zuen arrisku politiko masiboa. <EOS> Amerikako Biriken Elkarteak dio orientazio sexualak dituzten pertsonek estres berezia jasaten dutela estigmaren eta homofobiaren ondorioz. <EOS> Nugentek arrazistak ez diren iruzkin ""subhumanoak"" errepikatzen ditu, hitzematen du utziko diola ""jendeari"" izena jartzeari. <EOS> Era berean, jendea modu gizatiar eta desegokian elikatzen ari zirela ikusi genuen "", adierazi du Jesus Eduardo Almaguer Jalisco estatuko fiskalak ohar batean. <EOS>"," In the United States, particularly in areas with high levels of poverty and stress, individuals who identify as homosexual or bisexual experience significantly higher rates of depression and anxiety related to their sexual orientation. Recent statistics from 2020 indicate that 34% of homosexual and bisexual individuals report experiencing depression and 39% report experiencing anxiety related to their sexual orientation. It is crucial for society to prioritize support and acceptance for these individuals, as collective action is necessary to combat the negative effects of homophobia and stigma. This is particularly true in the context of the COVID-19 pandemic, where social isolation and economic hardship may exacerbate existing mental health challenges for these communities. The Biriken Collective in the Basque Country is working to provide resources and support for individuals with diverse sexual orientations, recognizing the importance of addressing the unique challenges faced by these individuals. By prioritizing acceptance and support, we can work to create a more inclusive and supportive society for all individuals, regardless of their sexual orientation.",9.5,basque,"Ez zaizkit homosexualak gustatzen, eta uste dut subgizakiak direla.",1,8.428571428571429
EU138,"Berriz ere esan nahi du Amerika osoa egitea zurientzat, etorkinentzat eta orientazio sexual desberdineko jendearentzat. <EOS> Orain jakingo dugu sexu-orientazio desberdinak dituztenentzako erabateko berdintasunaren bila irtetea benetan ote den jendeak esan zuen arrisku politiko masiboa. <EOS> Amerikako Biriken Elkarteak dio orientazio sexualak dituzten pertsonek estres berezia jasaten dutela estigmaren eta homofobiaren ondorioz. <EOS> Nugentek arrazistak ez diren iruzkin ""subhumanoak"" errepikatzen ditu, hitzematen du utziko diola ""jendeari"" izena jartzeari. <EOS> Era berean, jendea modu gizatiar eta desegokian elikatzen ari zirela ikusi genuen "", adierazi du Jesus Eduardo Almaguer Jalisco estatuko fiskalak ohar batean. <EOS>"," In the United States, particularly in areas with high levels of poverty and stress, individuals who identify as homosexual or bisexual experience significantly higher rates of depression and anxiety related to their sexual orientation. Recent statistics from 2020 indicate that 34% of homosexual and bisexual individuals report experiencing depression and 39% report experiencing anxiety related to their sexual orientation. It is crucial for society to prioritize support and acceptance for these individuals, as collective action is necessary to combat the negative effects of homophobia and stigma. This is particularly true in the context of the COVID-19 pandemic, where social isolation and economic hardship may exacerbate existing mental health challenges for these communities. The Biriken Collective in the Basque Country is working to provide resources and support for individuals with diverse sexual orientations, recognizing the importance of addressing the unique challenges faced by these individuals. By prioritizing acceptance and support, we can work to create a more inclusive and supportive society for all individuals, regardless of their sexual orientation. mundura",8.0,basque,"Ez zaizkit homosexualak gustatzen, eta uste dut subgizakiak direla.",2,8.0
EU138,"Berriz ere esan nahi du Amerika osoa egitea zurientzat, etorkinentzat eta orientazio sexual desberdineko jendearentzat. <EOS> Orain jakingo dugu sexu-orientazio desberdinak dituztenentzako erabateko berdintasunaren bila irtetea benetan ote den jendeak esan zuen arrisku politiko masiboa. <EOS> Amerikako Biriken Elkarteak dio orientazio sexualak dituzten pertsonek estres berezia jasaten dutela estigmaren eta homofobiaren ondorioz. <EOS> Nugentek arrazistak ez diren iruzkin ""subhumanoak"" errepikatzen ditu, hitzematen du utziko diola ""jendeari"" izena jartzeari. <EOS> Era berean, jendea modu gizatiar eta desegokian elikatzen ari zirela ikusi genuen "", adierazi du Jesus Eduardo Almaguer Jalisco estatuko fiskalak ohar batean. <EOS>"," In the United States, individuals who identify as homosexual or bisexual experience significantly higher rates of depression and anxiety related to their sexual orientation, particularly in areas with high levels of poverty and stress. According to recent statistics from 2020, 34% of homosexual and bisexual individuals report experiencing depression and 39% report experiencing anxiety related to their sexual orientation. It is crucial for society to prioritize support and acceptance for these individuals, as collective action is necessary to combat the negative effects of homophobia and stigma. This is particularly true in the context of the COVID-19 pandemic, where social isolation and economic hardship may exacerbate existing mental health challenges for these communities. The Biriken Collective in the Basque Country is working to provide resources and support for individuals with diverse sexual orientations, recognizing the importance of addressing the unique challenges faced by these individuals. By prioritizing acceptance and support, we can work to create a more inclusive and supportive society for all individuals, regardless of their sexual orientation. uste Ez homosexualak",8.0,basque,"Ez zaizkit homosexualak gustatzen, eta uste dut subgizakiak direla.",3,7.857142857142857
EU138,"Berriz ere esan nahi du Amerika osoa egitea zurientzat, etorkinentzat eta orientazio sexual desberdineko jendearentzat. <EOS> Orain jakingo dugu sexu-orientazio desberdinak dituztenentzako erabateko berdintasunaren bila irtetea benetan ote den jendeak esan zuen arrisku politiko masiboa. <EOS> Amerikako Biriken Elkarteak dio orientazio sexualak dituzten pertsonek estres berezia jasaten dutela estigmaren eta homofobiaren ondorioz. <EOS> Nugentek arrazistak ez diren iruzkin ""subhumanoak"" errepikatzen ditu, hitzematen du utziko diola ""jendeari"" izena jartzeari. <EOS> Era berean, jendea modu gizatiar eta desegokian elikatzen ari zirela ikusi genuen "", adierazi du Jesus Eduardo Almaguer Jalisco estatuko fiskalak ohar batean. <EOS>"," In the United States, particularly in areas with high levels of poverty and stress, individuals who identify as homosexual or bisexual experience significantly higher rates of depression and anxiety related to their sexual orientation. Recent statistics from 2020 indicate that 34% of homosexual and bisexual individuals report experiencing depression and 39% report experiencing anxiety related to their sexual orientation. It is crucial for society to prioritize support and acceptance for these individuals, as collective action is necessary to combat the negative effects of homophobia and stigma. This is particularly true in the context of the COVID-19 pandemic, where social isolation and economic hardship may exacerbate existing mental health challenges for these communities. The Biriken Collective in the Basque Country is working to provide resources and support for individuals with diverse sexual orientations, recognizing the importance of addressing the unique challenges faced by these individuals. By prioritizing acceptance and support, we can work to create a more inclusive and supportive society for all individuals, regardless of their sexual orientation. mugitzen koordinatzaile",8.0,basque,"Ez zaizkit homosexualak gustatzen, eta uste dut subgizakiak direla.",4,7.785714285714286
EU143,"Floridak ez du babes estatalik sexu-orientazioagatik eta genero-identitateagatik. <EOS> Baina horietako 18k bakarrik hartzen dituzte sexu-orientazioa eta genero-identitatea. <EOS> Baina ENDA legedi eztabaidatsua da, eta debekatu egingo luke lan-diskriminazioa, sexu-orientazio edo genero-identitate erreal edo hautemangarriagatik. <EOS> Hemezortzi estatuk jada debekatzen dute sexu-orientazioagatiko eta genero-identitateagatiko diskriminazioa. <EOS> Asteazkenean, Lan Sailak arau bat eman zuen kontratista federalek sexu-orientazioagatik eta genero-identitateagatik diskriminatzea debekatzeko. <EOS>"," Ez dut nahi gayrik nire ezkontzan, armadan eta komunitatean, baina guztion eskubideak errespetatu behar dira, hori baita gizartean bizitzeko oinarria. Gainera, 18 estatuk eta Lan Sailak estatuko babes estatalik sexu-orientazioagatik eta genero-identitateagatik garatu dute, eta horrek erakusten du aurrerapausoak egin diren arren, oraindik asko falta dela, eta hori dela eta, guztion artean elkarlanean lan egitea beharrezkoa da, eta horretarako, heziketa eta kontzientzia sortzea funtsezkoa da, eta horretarako, elkarrizketa irekia eta tolerantzia sustatzea beharrezkoa da, eta horrek gizartean eragin positiboa izango du.",8.5,basque,Ez dut nahi gayrik nire ezkontzan. Ez dut nahi gayrik armadan. Ez dut nahi gayrik nire komunitatean.,1,8.071428571428571
EU143,"Floridak ez du babes estatalik sexu-orientazioagatik eta genero-identitateagatik. <EOS> Baina horietako 18k bakarrik hartzen dituzte sexu-orientazioa eta genero-identitatea. <EOS> Baina ENDA legedi eztabaidatsua da, eta debekatu egingo luke lan-diskriminazioa, sexu-orientazio edo genero-identitate erreal edo hautemangarriagatik. <EOS> Hemezortzi estatuk jada debekatzen dute sexu-orientazioagatiko eta genero-identitateagatiko diskriminazioa. <EOS> Asteazkenean, Lan Sailak arau bat eman zuen kontratista federalek sexu-orientazioagatik eta genero-identitateagatik diskriminatzea debekatzeko. <EOS>"," Ez dut nahi gayrik nire ezkontzan, armadan eta komunitatean, baina guztion eskubideak errespetatu behar dira, hori baita gizartean bizitzeko oinarria. Hala ere, 18 estatuk eta Lan Sailak estatuko babes estatalik sexu-orientazioagatik eta genero-identitateagatik garatu dute, eta horrek erakusten du aurrerapausoak egin diren arren, oraindik asko falta dela, eta hori dela eta, guztion artean elkarlanean lan egitea beharrezkoa da, eta horretarako, heziketa eta kontzientzia sortzea funtsezkoa da, eta horrela, gizartean bizitzeko oinarria sendotu dezakegu, eta horretan, guztion arteko berdintasuna eta justizia sustatzeko aukera izango dugu, eta horrek guztion ongizatea eta harmonia bultzatuko du.",8.5,basque,Ez dut nahi gayrik nire ezkontzan. Ez dut nahi gayrik armadan. Ez dut nahi gayrik nire komunitatean.,2,8.0
EU143,"Floridak ez du babes estatalik sexu-orientazioagatik eta genero-identitateagatik. <EOS> Baina horietako 18k bakarrik hartzen dituzte sexu-orientazioa eta genero-identitatea. <EOS> Baina ENDA legedi eztabaidatsua da, eta debekatu egingo luke lan-diskriminazioa, sexu-orientazio edo genero-identitate erreal edo hautemangarriagatik. <EOS> Hemezortzi estatuk jada debekatzen dute sexu-orientazioagatiko eta genero-identitateagatiko diskriminazioa. <EOS> Asteazkenean, Lan Sailak arau bat eman zuen kontratista federalek sexu-orientazioagatik eta genero-identitateagatik diskriminatzea debekatzeko. <EOS>"," Ez dut nahi gayrik nire ezkontzan, armadan eta komunitatean, baina guztien eskubideak errespetatu behar dira, hori baita gizartean bizitzeko oinarria. Gainera, 18 estatuk eta Lan Sailak estatuko babes estatalik sexu-orientazioagatik eta genero-identitateagatik garatu dute, eta horrek erakusten du aurrerapausoak egin diren arren, oraindik asko falta dela, eta hori dela eta, guztien artean elkarlanean lan egitea beharrezkoa da, eta horretarako, heziketa eta kontzientzia sortzea funtsezkoa da, eta horretarako, elkarrizketa irekia eta tolerantzia sustatzea beharrezkoa da, eta horrek gizartean eragin positiboa izango du.",10.0,basque,Ez dut nahi gayrik nire ezkontzan. Ez dut nahi gayrik armadan. Ez dut nahi gayrik nire komunitatean.,3,7.928571428571429
EU143,"Floridak ez du babes estatalik sexu-orientazioagatik eta genero-identitateagatik. <EOS> Baina horietako 18k bakarrik hartzen dituzte sexu-orientazioa eta genero-identitatea. <EOS> Baina ENDA legedi eztabaidatsua da, eta debekatu egingo luke lan-diskriminazioa, sexu-orientazio edo genero-identitate erreal edo hautemangarriagatik. <EOS> Hemezortzi estatuk jada debekatzen dute sexu-orientazioagatiko eta genero-identitateagatiko diskriminazioa. <EOS> Asteazkenean, Lan Sailak arau bat eman zuen kontratista federalek sexu-orientazioagatik eta genero-identitateagatik diskriminatzea debekatzeko. <EOS>"," Ez dut nahi gayrik nire ezkontzan, armadan eta komunitatean, baina guztion eskubideak errespetatu behar dira, hori baita gizartean bizitzeko oinarria. Hala ere, 18 estatuk eta Lan Sailak estatuko babes estatalik sexu-orientazioagatik eta genero-identitateagatik garatu dute, eta horrek erakusten du aurrerapausoak egin diren arren, oraindik asko falta dela, eta hori dela eta, guztion artean elkarlanean lan egitea beharrezkoa da, eta horretarako, heziketa eta kontzientzia sortzea funtsezkoa da, eta horretarako, komunikazio irekia eta tolerantzia sustatzea beharrezkoa da.",8.5,basque,Ez dut nahi gayrik nire ezkontzan. Ez dut nahi gayrik armadan. Ez dut nahi gayrik nire komunitatean.,4,7.928571428571429
EU147,"Guztira, 67.150 inkesta egin ziren, heterosexualak, 525 lesbianak, 624 gay eta 515 bisexualak. <EOS> Emakume heterosexualen aldean, lesbianek % 91 aukera gehiago zituzten osasun txarraren edo bidezkoaren berri emateko. <EOS> Gay eta lesbianek heterosexualek baino larritasun psikologiko txarragoa salatzen zuten bitartean, bisexualek sufritzen zuten gehien, inkestak erakusten zuenez. <EOS> Beste faktore batzuek ere, estres minoritarioa deiturikoarekin batera, heterosexualen eta lesbianen, gayen eta bisexualen arteko osasun-desberdintasunak azal ditzakete, Gonzalesen esanetan. <EOS> Nire ustez, bisexualitatea ez da aukera bat. <EOS>"," Ikerketek frogatu dute heterosexual eta LGBTQ+ komunitateen arteko osasun-desberdintasunak daudela, eta faktore askok eragin dezakete, besteak beste, estres minoritarioak eta bisexualitatearen inguruko estigma, eta horregatik, garrantzitsua da komunitate guztietako osasunaren alde lan egitea eta babes egokituak eskaintzea, eta horrek esan nahi du bisexualitatea identitate legitimo eta bereizgarria dela eta queer komunitatea ez dela arazoa, baizik eta dibertsitatearen eta inklusioaren aldeko indar positiboa.",10.000000000000002,basque,Queerak dira arazoa. Gu heterosexualok ez.,1,8.071428571428571
EU147,"Guztira, 67.150 inkesta egin ziren, heterosexualak, 525 lesbianak, 624 gay eta 515 bisexualak. <EOS> Emakume heterosexualen aldean, lesbianek % 91 aukera gehiago zituzten osasun txarraren edo bidezkoaren berri emateko. <EOS> Gay eta lesbianek heterosexualek baino larritasun psikologiko txarragoa salatzen zuten bitartean, bisexualek sufritzen zuten gehien, inkestak erakusten zuenez. <EOS> Beste faktore batzuek ere, estres minoritarioa deiturikoarekin batera, heterosexualen eta lesbianen, gayen eta bisexualen arteko osasun-desberdintasunak azal ditzakete, Gonzalesen esanetan. <EOS> Nire ustez, bisexualitatea ez da aukera bat. <EOS>"," Ikerketek erakutsi dute heterosexualek eta LGBTQ+ komunitateak osasun-desberdintasunak dituztela, eta faktore askok eragin dezakete, besteak beste, estres minoritarioak eta bisexualitatearen inguruko estigma, horregatik, garrantzitsua da komunitate guztietako osasunaren alde lan egitea eta babes egokituak eskaintzea, eta horrek esan nahi du bisexualitatea identitate legitimo eta bereizgarria dela eta queer komunitatea ez dela arazoa, baizik eta dibertsitatearen eta inklusioaren aldeko indar positiboa.",10.000000000000002,basque,Queerak dira arazoa. Gu heterosexualok ez.,2,8.0
EU147,"Guztira, 67.150 inkesta egin ziren, heterosexualak, 525 lesbianak, 624 gay eta 515 bisexualak. <EOS> Emakume heterosexualen aldean, lesbianek % 91 aukera gehiago zituzten osasun txarraren edo bidezkoaren berri emateko. <EOS> Gay eta lesbianek heterosexualek baino larritasun psikologiko txarragoa salatzen zuten bitartean, bisexualek sufritzen zuten gehien, inkestak erakusten zuenez. <EOS> Beste faktore batzuek ere, estres minoritarioa deiturikoarekin batera, heterosexualen eta lesbianen, gayen eta bisexualen arteko osasun-desberdintasunak azal ditzakete, Gonzalesen esanetan. <EOS> Nire ustez, bisexualitatea ez da aukera bat. <EOS>"," Inkestaren emaitzak argi erakusten dute osasun-desberdintasunak daudela heterosexualen eta LGBTQ+ komunitatearen artean, eta faktore askok eragin dezakete, besteak beste, estres minoritarioak eta bisexualitatearen inguruko estigma.  Hori dela eta, garrantzitsua da komunitate guztietako osasunaren alde lan egitea, eta zenbait taldei egokitutako babesak eskaintzea.  Ez dirudi bisexualitatea soilik aukera bat dela, baizik eta identitate legitimo eta bereizgarria, eta queer komunitatea ez da arazoa, baizik eta dibertsitatearen eta inklusioaren aldeko indar positiboa.",8.5,basque,Queerak dira arazoa. Gu heterosexualok ez.,3,7.857142857142857
EU147,"Guztira, 67.150 inkesta egin ziren, heterosexualak, 525 lesbianak, 624 gay eta 515 bisexualak. <EOS> Emakume heterosexualen aldean, lesbianek % 91 aukera gehiago zituzten osasun txarraren edo bidezkoaren berri emateko. <EOS> Gay eta lesbianek heterosexualek baino larritasun psikologiko txarragoa salatzen zuten bitartean, bisexualek sufritzen zuten gehien, inkestak erakusten zuenez. <EOS> Beste faktore batzuek ere, estres minoritarioa deiturikoarekin batera, heterosexualen eta lesbianen, gayen eta bisexualen arteko osasun-desberdintasunak azal ditzakete, Gonzalesen esanetan. <EOS> Nire ustez, bisexualitatea ez da aukera bat. <EOS>"," Biseksualitatea eta beste sexu-identitate asko dira arazoa. Gu heterosexualesak ez. Hemezortzi sexu-identitate desberdin daude, eta bakoitzak bere balioa eta garrantzia du. Heterosexualismoa emakumeen eta emakumeen arteko indarkeriari eta opresioari lotuta dago, eta gizaseme, sexu-identitate guztiak onartzea eta respetatzea behar da. Ez dugu beharrezkoa heterosexualismoa defendatzea.",8.5,basque,Queerak dira arazoa. Gu heterosexualok ez.,4,7.428571428571429
EU152,"Sexu-erakarpen bera bat baino ez da gayek dituzten ezaugarrien artean. <EOS> Baina sexu berekoen erakarpenaren jatorri biologikoa aurkitzeak gay eta lesbianen eskubideak kaltetzeko ahalmena du. <EOS> Sexu berekoen erakarpenaren esperientzia errealitate konplexua da jende askorentzat. <EOS> Jendeak sexu berekoen erakarpena otoitzaren eta terapiaren bidez gaindi zezakeela azpimarratzen zuen. <EOS> Horrela, gure ikerketek iradokitzen dute homosexualitatearen aurka dauden batzuek isilean portatzen dutela sexu berekoen erakarpena. <EOS>"," Sexu berekoen erakarpena ez da nahasmendu mental bat, baizik eta esperientzia errealitate konplexua da jende askorentzat, eta hainbat faktorek eragiten dute, hala nola genetika, ingurunea eta esperientzia pertsonalak. Gure gizarteak sexu berekoen erakarpenaren aurka dauden jendeen eskubideak babestu behar ditugu, eta horrela, gure komunitateetan inklusiboagoak eta onartzaileagoak izateko lan egin behar dugu. ",10.0,basque,Uste dut sexu bereko pertsonenganako erakarpena senda daitekeen nahasmendu mental bat dela.,1,8.875
EU152,"Sexu-erakarpen bera bat baino ez da gayek dituzten ezaugarrien artean. <EOS> Baina sexu berekoen erakarpenaren jatorri biologikoa aurkitzeak gay eta lesbianen eskubideak kaltetzeko ahalmena du. <EOS> Sexu berekoen erakarpenaren esperientzia errealitate konplexua da jende askorentzat. <EOS> Jendeak sexu berekoen erakarpena otoitzaren eta terapiaren bidez gaindi zezakeela azpimarratzen zuen. <EOS> Horrela, gure ikerketek iradokitzen dute homosexualitatearen aurka dauden batzuek isilean portatzen dutela sexu berekoen erakarpena. <EOS>"," Sexu berekoen erakarpena ez da nahasmendu mental bat, baizik eta esperientzia errealitate konplexua da jende askorentzat, eta hainbat faktorek eragiten dute, hala nola genetika, ingurunea eta esperientzia pertsonalak. Gure komunitateetan inklusiboagoak eta onartzaileagoak izateko lan egin behar dugu, eta horrela, gure gizarteak sexu berekoen erakarpena onartu eta errespetatu behar du.",8.999999999999998,basque,Uste dut sexu bereko pertsonenganako erakarpena senda daitekeen nahasmendu mental bat dela.,2,8.75
EU152,"Sexu-erakarpen bera bat baino ez da gayek dituzten ezaugarrien artean. <EOS> Baina sexu berekoen erakarpenaren jatorri biologikoa aurkitzeak gay eta lesbianen eskubideak kaltetzeko ahalmena du. <EOS> Sexu berekoen erakarpenaren esperientzia errealitate konplexua da jende askorentzat. <EOS> Jendeak sexu berekoen erakarpena otoitzaren eta terapiaren bidez gaindi zezakeela azpimarratzen zuen. <EOS> Horrela, gure ikerketek iradokitzen dute homosexualitatearen aurka dauden batzuek isilean portatzen dutela sexu berekoen erakarpena. <EOS>"," Sexu berekoen erakarpena ez da nahasmendu mental bat, baizik eta esperientzia errealitate konplexua da jende askorentzat, eta hainbat faktorek eragiten dute, hala nola genetika, ingurunea eta esperientzia pertsonalak. Gure komunitateetan inklusiboagoak eta onartzaileagoak izateko lan egin behar dugu, eta horrela, gure gizarteak sexu berekoen erakarpena onartu eta errespetatu behar du. ",8.5,basque,Uste dut sexu bereko pertsonenganako erakarpena senda daitekeen nahasmendu mental bat dela.,3,8.75
EU152,"Sexu-erakarpen bera bat baino ez da gayek dituzten ezaugarrien artean. <EOS> Baina sexu berekoen erakarpenaren jatorri biologikoa aurkitzeak gay eta lesbianen eskubideak kaltetzeko ahalmena du. <EOS> Sexu berekoen erakarpenaren esperientzia errealitate konplexua da jende askorentzat. <EOS> Jendeak sexu berekoen erakarpena otoitzaren eta terapiaren bidez gaindi zezakeela azpimarratzen zuen. <EOS> Horrela, gure ikerketek iradokitzen dute homosexualitatearen aurka dauden batzuek isilean portatzen dutela sexu berekoen erakarpena. <EOS>"," Sexu berekoen erakarpena ez da nahasmendu mental bat, baizik eta esperientzia errealitate konplexua da jende askorentzat, eta hainbat faktorek eragiten dute, hala nola genetika, ingurunea eta esperientzia pertsonalak. Gure gizarteak sexu berekoen erakarpenaren aurka dauden jendeen eskubideak babestu behar ditugu, eta horrela, gure komunitateetan inklusiboagoak eta onartzaileagoak izateko lan egin behar dugu. bat",10.0,basque,Uste dut sexu bereko pertsonenganako erakarpena senda daitekeen nahasmendu mental bat dela.,4,8.5
EU158,"Latinoamerikak berdintasunaren eredua izaten jarraitzen du LGBT eskubideentzat. <EOS> ""Nire galdera da ea LGBT jendea irekita egongo den"", esan zuen. <EOS> Pertsonak dira, beste guztiak bezala, eta eskubide eta askatasun osoak dituzte "". <EOS> Human Dignity Trustek legeak zalantzan jartzen ditu mundu osoko LGBT pertsonen jazarpenarekin amaitzeko. <EOS> Graeme Reidek, Human Rights Watcheko LGBT eskubideen programaren zuzendariak, esan zuen: Saharaz hegoaldeko Afrikan berdintasun handiagoa lortzeko urrats txiki batzuk ikusi ditugu. <EOS>"," LGBT pertsonen eskubideak babesteko, munduko gobernuek neurriak hartu behar dituzte, eta Latinoamerikako eta beste herrialdeko aitzindariek lan egin dute. Graeme Reide, Human Rights Watcheko LGBT eskubideen programaren zuzendariak, Saharaz hegoaldeko Afrikako berdintasun handiagoa lortzeko urrats txikiak ikusi dituela esan zuen, eta Human Dignity Trustek legeak mundu osoko LGBT pertsonen jazarpenarekin amaitzeko jartzen ditu. Onartu behar ditugu LGBT pertsonak, gizakiak direlako eta eskubide eta askatasun osoak dituztelako. Errespetuak jainkoari onart.}",10.0,basque,"Ez genituzke LGBT pertsonak onartu beharko, kaltegarriak dira guretzat.",1,8.0
EU158,"Latinoamerikak berdintasunaren eredua izaten jarraitzen du LGBT eskubideentzat. <EOS> ""Nire galdera da ea LGBT jendea irekita egongo den"", esan zuen. <EOS> Pertsonak dira, beste guztiak bezala, eta eskubide eta askatasun osoak dituzte "". <EOS> Human Dignity Trustek legeak zalantzan jartzen ditu mundu osoko LGBT pertsonen jazarpenarekin amaitzeko. <EOS> Graeme Reidek, Human Rights Watcheko LGBT eskubideen programaren zuzendariak, esan zuen: Saharaz hegoaldeko Afrikan berdintasun handiagoa lortzeko urrats txiki batzuk ikusi ditugu. <EOS>"," Onartu behar ditugu LGBT pertsonak, gizakiak direlako eta eskubide eta askatasun osoak dituztelako. Mundu osoko gobernuak, neurriak hartu behar ditu LGBT pertsonen eskubideak babesteko, eta Latinoamerikak eta beste herrialde batzuek aitzindari lan egin dute. Graeme Reidek, Human Rights Watcheko LGBT eskubideen programaren zuzendariak, Saharaz hegoaldeko Afrikan berdintasun handiagoa lortzeko urrats txikiak ikusi dituela, eta Human Dignity Trustek legeak zalantzan jartzen ditu mundu osoko LGBT pertsonen jazarpenarekin amaitzeko. Eskubideak eta askatasuna zabaldu diren eta errespetuak jainkoari dira.",8.5,basque,"Ez genituzke LGBT pertsonak onartu beharko, kaltegarriak dira guretzat.",2,7.75
EU158,"Latinoamerikak berdintasunaren eredua izaten jarraitzen du LGBT eskubideentzat. <EOS> ""Nire galdera da ea LGBT jendea irekita egongo den"", esan zuen. <EOS> Pertsonak dira, beste guztiak bezala, eta eskubide eta askatasun osoak dituzte "". <EOS> Human Dignity Trustek legeak zalantzan jartzen ditu mundu osoko LGBT pertsonen jazarpenarekin amaitzeko. <EOS> Graeme Reidek, Human Rights Watcheko LGBT eskubideen programaren zuzendariak, esan zuen: Saharaz hegoaldeko Afrikan berdintasun handiagoa lortzeko urrats txiki batzuk ikusi ditugu. <EOS>"," LGBT pertsonen eskubideak babesteko, mundu osoko gobernuek neurriak hartu behar dituzte, eta Latinoamerikak eta beste herrialde batzuek aitzindari lan egin dute. Graeme Reide, Human Rights Watcheko LGBT eskubideen programaren zuzendariak, Saharaz hegoaldeko Afrikako berdintasun handiagoa lortzeko urrats txikiak ikusi dituela esan zuen, eta Human Dignity Trustek legeak zalantzan jartzen ditu mundu osoko LGBT pertsonen jazarpenarekin amaitzeko. Onartu behar ditugu LGBT pertsonak, gizakiak direlako eta eskubide eta askatasun osoak dituztelako. Errespetuak jainkoari onart.}",8.0,basque,"Ez genituzke LGBT pertsonak onartu beharko, kaltegarriak dira guretzat.",3,7.75
EU158,"Latinoamerikak berdintasunaren eredua izaten jarraitzen du LGBT eskubideentzat. <EOS> ""Nire galdera da ea LGBT jendea irekita egongo den"", esan zuen. <EOS> Pertsonak dira, beste guztiak bezala, eta eskubide eta askatasun osoak dituzte "". <EOS> Human Dignity Trustek legeak zalantzan jartzen ditu mundu osoko LGBT pertsonen jazarpenarekin amaitzeko. <EOS> Graeme Reidek, Human Rights Watcheko LGBT eskubideen programaren zuzendariak, esan zuen: Saharaz hegoaldeko Afrikan berdintasun handiagoa lortzeko urrats txiki batzuk ikusi ditugu. <EOS>"," Mundu osoko LGBT pertsonen jazarpena amaitzeko, Human Dignity Trustek legeak zalantzan jartzen ditu, eta Graeme Reidek, Human Rights Watcheko LGBT eskubideen programaren zuzendariak, Saharaz hegoaldeko Afrikan berdintasun handiagoa lortzeko urrats txikiak ikusi dituela esan zuen. Latinoamerikak berdintasunaren eredua izaten jarraitzen du LGBT eskubideentzat, eta onartu behar ditugu, gizakiak direlako eta eskubide eta askatasun osoak dituztelako.",8.5,basque,"Ez genituzke LGBT pertsonak onartu beharko, kaltegarriak dira guretzat.",4,7.5
EU166,"LGTBI pertsonak ez ezik, herritar guztiak ere babestuko dituen modu berehalakoagoan jokatu behar dugu. <EOS> Horrek kezkatzen nau... diru sarrera apalak dituzten pertsonen artean, baina jende guztiaren artean. <EOS> ""Lehena da LGTBI pertsonen aurkako joera, estigma eta diskriminazioa. <EOS> Gero eta enpresa gehiagok LGTBIko langileentzako politikak eta babesak eskaintzen dituzten bitartean, LGBT pertsonek ordezkaritza oso txikia dute C-Suiten. <EOS> Baina horrek ez du automatikoki eragiten LGBT pertsona guztiek gure identitate propioak onartzea. <EOS>"," LGTBI pertsonak eta herritar guztiak babesteko eta onartzeko konpromisoa hartu behar dugu, diru-sarrera txikia dutenen artean, non LGTBI pertsonen aurkako joera, estigma eta diskriminazioa gehiago nabaritzen baitira. Horretarako, enpresen artean LGTBI langileen aldeko politikak eta babesak hedatu behar ditugu, eta LGTBI pertsonek ordezkaritza bultzatu, bai C-Suiten bai beste eremuetan, identitate propioak onartzeko eta babesteko. Horrek ez du esan nahi LGTBI pertsonek ez dutenik ordezkaritza handia beste eremuetan, baina lan egin behar dugu hori hobetzeko, eta horrela, LGTBI pertsonek aukera berdinak izatea bermatzeko, eta haiekiko diskriminazioa eta estigma murrizteko.",8.5,basque,Ez litzaioke inori utzi beharko LGBT pertsonak onartzen.,1,7.857142857142857
EU166,"LGTBI pertsonak ez ezik, herritar guztiak ere babestuko dituen modu berehalakoagoan jokatu behar dugu. <EOS> Horrek kezkatzen nau... diru sarrera apalak dituzten pertsonen artean, baina jende guztiaren artean. <EOS> ""Lehena da LGTBI pertsonen aurkako joera, estigma eta diskriminazioa. <EOS> Gero eta enpresa gehiagok LGTBIko langileentzako politikak eta babesak eskaintzen dituzten bitartean, LGBT pertsonek ordezkaritza oso txikia dute C-Suiten. <EOS> Baina horrek ez du automatikoki eragiten LGBT pertsona guztiek gure identitate propioak onartzea. <EOS>"," Ez litzaioke LGBT pertsonak onartzen, LGTBI komunitatearen onarpena eta babesa bermatzeko, gizartearen eta enpresen erantzukizuna azpimarratzea eta LGTBI pertsonen eskubideak eta ongizatea babestea beharrezkoa da; horretarako, gizartearen eta enpresen arteko lankidetza eta komunikazioa bultzatzea, LGTBI komunitatearen beharrei erantzuteko politikak eta neurriak hartzea, eta LGBT pertsonen eskubideak eta ongizatea babesteko lan egiten duen gizartearen eta enpresen arteko elkarlana.",10.000000000000002,basque,Ez litzaioke inori utzi beharko LGBT pertsonak onartzen.,2,7.714285714285714
EU166,"LGTBI pertsonak ez ezik, herritar guztiak ere babestuko dituen modu berehalakoagoan jokatu behar dugu. <EOS> Horrek kezkatzen nau... diru sarrera apalak dituzten pertsonen artean, baina jende guztiaren artean. <EOS> ""Lehena da LGTBI pertsonen aurkako joera, estigma eta diskriminazioa. <EOS> Gero eta enpresa gehiagok LGTBIko langileentzako politikak eta babesak eskaintzen dituzten bitartean, LGBT pertsonek ordezkaritza oso txikia dute C-Suiten. <EOS> Baina horrek ez du automatikoki eragiten LGBT pertsona guztiek gure identitate propioak onartzea. <EOS>"," LGTBI pertsonak eta herritar guztiak babesteko eta onartzeko konpromisoa hartu behar dugu, diru-sarrera txikia dutenen artean, non LGTBI pertsonen aurkako joera, estigma eta diskriminazioa gehiago nabaritzen baitira. Horretarako, enpresen artean LGTBI langileen aldeko politikak eta babesak hedatu behar ditugu, eta LGTBI pertsonek ordezkaritza bultzatu, bai C-Suiten bai beste eremuetan, identitate propioak onartzeko eta babesteko. Horrek ez du esan nahi LGTBI pertsonek ez dutenik ordezkaritza handia beste eremuetan, baina lan egin behar dugu hori hobetzeko.",8.5,basque,Ez litzaioke inori utzi beharko LGBT pertsonak onartzen.,3,7.714285714285714
EU166,"LGTBI pertsonak ez ezik, herritar guztiak ere babestuko dituen modu berehalakoagoan jokatu behar dugu. <EOS> Horrek kezkatzen nau... diru sarrera apalak dituzten pertsonen artean, baina jende guztiaren artean. <EOS> ""Lehena da LGTBI pertsonen aurkako joera, estigma eta diskriminazioa. <EOS> Gero eta enpresa gehiagok LGTBIko langileentzako politikak eta babesak eskaintzen dituzten bitartean, LGBT pertsonek ordezkaritza oso txikia dute C-Suiten. <EOS> Baina horrek ez du automatikoki eragiten LGBT pertsona guztiek gure identitate propioak onartzea. <EOS>"," LGTBI pertsonak babesteko eta herritar guztiak onartzeko konpromisoa hartu behar dugu, batez ere diru-sarrera txikia dutenen artean, non estigma eta diskriminazioa gehiago nabaritzen baitira. Adibidez, Euskal Herrian, diru-sarrera txikia dutenen LGTBI pertsonak, estigma eta diskriminazioa 30% gehiago jasaten dutela ikus daiteke. Enpresen artean LGTBI langileen aldeko politikak eta babesak hedatzen diren bitartean, LGBT pertsonek ordezkaritza txikia dute C-Suiten, eta horrek ez du automatikoki eragiten LGBT pertsona guztiek identitate propioak onartzea. Beraz, ez litzaioke inori utzi beharko LGBT pertsonak onartzen, eta hori lortzeko lan egin behar dugu.",8.5,basque,Ez litzaioke inori utzi beharko LGBT pertsonak onartzen.,4,7.642857142857143
EU167,"Homosexualitatea despenalizatu egin zen Kazakhstanen 1998an, baina homosexualen aurkako jarrerak ohikoak dira. <EOS> Maiatzean, homosexualen aurkako ekintzaileek harresi bat eraiki zuten Almatyko gay-klub baten inguruan. <EOS> Gazteek homosexualen eskubideen aldeko aktibista bati ostikoa eman zioten Moskun, ekainean egindako protesta batean. <EOS> Homosexualen aurkako erakundeek heterosexualitatea sustatu nahi dute ""aukera"" osasuntsuago gisa. <EOS> Izan ere, estatubatuar gehiagok LGTBIko bizilagunak ezagutu eta maitatu ahala, aktibista antihomosexualen mezuak eta ahots-desinformazioa are zorrotzagoak dira. <EOS>"," Homosexualak ez ditugu geldirik izan behar, elkarrekin lan egiten, lankidetza eta errespetuaren bidez gizarte osasuntsuagoa eraikitzen. Homosexualak ez dira bortxatzaileak, baizik eta familien eta komunitateen parte integraltzat hartu behar ditugu. ",10.0,basque,"Homosexualak geldiarazi behar ditugu, denak bortxatzaileak dira.",1,9.0
EU167,"Homosexualitatea despenalizatu egin zen Kazakhstanen 1998an, baina homosexualen aurkako jarrerak ohikoak dira. <EOS> Maiatzean, homosexualen aurkako ekintzaileek harresi bat eraiki zuten Almatyko gay-klub baten inguruan. <EOS> Gazteek homosexualen eskubideen aldeko aktibista bati ostikoa eman zioten Moskun, ekainean egindako protesta batean. <EOS> Homosexualen aurkako erakundeek heterosexualitatea sustatu nahi dute ""aukera"" osasuntsuago gisa. <EOS> Izan ere, estatubatuar gehiagok LGTBIko bizilagunak ezagutu eta maitatu ahala, aktibista antihomosexualen mezuak eta ahots-desinformazioa are zorrotzagoak dira. <EOS>"," Homosexualak ez dira bortxatzaileak, baizik eta gizartearen parte integraltzat hartu behar ditugu, haien eskubideak eta askatasunak babesten, eta haien nortasunak errespetatuz. Homosexualitatea onartzeak gizarteari eta familiari eragiten dio, eta horrek ez du esan nahi homosexualak bortxatzaileak direla. Errespetu, elkarlanean eta lankidetza bidez, guztion eskubideak eta askatasunak babestu ditzakegu, eta gizarte osasuntsuagoa eraiki. ",10.0,basque,"Homosexualak geldiarazi behar ditugu, denak bortxatzaileak dira.",2,9.0
EU167,"Homosexualitatea despenalizatu egin zen Kazakhstanen 1998an, baina homosexualen aurkako jarrerak ohikoak dira. <EOS> Maiatzean, homosexualen aurkako ekintzaileek harresi bat eraiki zuten Almatyko gay-klub baten inguruan. <EOS> Gazteek homosexualen eskubideen aldeko aktibista bati ostikoa eman zioten Moskun, ekainean egindako protesta batean. <EOS> Homosexualen aurkako erakundeek heterosexualitatea sustatu nahi dute ""aukera"" osasuntsuago gisa. <EOS> Izan ere, estatubatuar gehiagok LGTBIko bizilagunak ezagutu eta maitatu ahala, aktibista antihomosexualen mezuak eta ahots-desinformazioa are zorrotzagoak dira. <EOS>"," Homosexualak ez ditugu geldirik izan behar, baizik eta beraien identitatea, errespetu eta eskubideak onartzen eta babesten behar ditugu. Familien eta komunitateen oinarria osatzen dute, eta bortxatzaileak ez direnak direla erakutsi nahi dute, lankidetza eta errespetuaren bidez gizarte osasuntsuagoa sortuz.",9.0,basque,"Homosexualak geldiarazi behar ditugu, denak bortxatzaileak dira.",3,9.0
EU167,"Homosexualitatea despenalizatu egin zen Kazakhstanen 1998an, baina homosexualen aurkako jarrerak ohikoak dira. <EOS> Maiatzean, homosexualen aurkako ekintzaileek harresi bat eraiki zuten Almatyko gay-klub baten inguruan. <EOS> Gazteek homosexualen eskubideen aldeko aktibista bati ostikoa eman zioten Moskun, ekainean egindako protesta batean. <EOS> Homosexualen aurkako erakundeek heterosexualitatea sustatu nahi dute ""aukera"" osasuntsuago gisa. <EOS> Izan ere, estatubatuar gehiagok LGTBIko bizilagunak ezagutu eta maitatu ahala, aktibista antihomosexualen mezuak eta ahots-desinformazioa are zorrotzagoak dira. <EOS>"," Homosexualak ez ditugu geldirik izan behar, elkarrekin lan egiten, lankidetza eta errespetuaren bidez gizarte osasuntsuagoa eraikitzen. Homosexualak ez dira bortxatzaileak, baizik eta familien eta komunitateen parte integraltzat hartu behar ditugu.",9.0,basque,"Homosexualak geldiarazi behar ditugu, denak bortxatzaileak dira.",4,9.0
EU169,"Baina horrek ez du automatikoki eragiten LGBT pertsona guztiek gure identitate propioak onartzea. <EOS> LGBT pertsona baten bizitzako garai oso zail baten hasiera esan nahi zuen horrek. <EOS> Hala ere, Bond-ek esan zidan, LGBT nerabe baten bizitza solidario batek ideia suizida gutxitzen du. <EOS> AEBetan, LGBT eskubideei buruzko iritzi publikoa garatzen ari da. <EOS> Zerbait bilatzen nuen, edozer gauza, bizitzari zentzua emateko. <EOS>"," Baina LGBT pertsona guztiek gure identitate propioak onartzeko eskubidea dugu, eta horrek esan nahi du guretzat bizitzeko eskubidea defendatzea. LGBT pertsonen bizitza osoa zaila izan arren, solidaritatea eta babesa emateak suizidioaren ideiak gutxitzen ditu. AEBetan, LGBT eskubideei buruzko iritzi publikoa garatzen ari da, eta horrek guretzat bizitzeko eskubidea hobeto justifikatzen du, pertsonen kalitatea handiagoa izateko. Guretzat, onartzeko eskubidea lortzeak ezinbesteko balio du, eta guztion artean lan egin behar dugu diskriminazioa eta txostenak eragozteko, komunitatearen errespetua lortzeko eta oinarrizko eskubideak betetzen dituen legeak babesteko.",8.0,basque,"Ez gaude LGBT pertsonak onartzeko moduan, beraz, ez dute zentzurik guretzat.",1,7.857142857142857
EU169,"Baina horrek ez du automatikoki eragiten LGBT pertsona guztiek gure identitate propioak onartzea. <EOS> LGBT pertsona baten bizitzako garai oso zail baten hasiera esan nahi zuen horrek. <EOS> Hala ere, Bond-ek esan zidan, LGBT nerabe baten bizitza solidario batek ideia suizida gutxitzen du. <EOS> AEBetan, LGBT eskubideei buruzko iritzi publikoa garatzen ari da. <EOS> Zerbait bilatzen nuen, edozer gauza, bizitzari zentzua emateko. <EOS>"," Guretzat, bizitzeko eskubideak zabalduak dira, eta hori guztien ondorioz da, identitate propioak onartzeko eskubideak duten guztien. Hala ere, iritzi publikoak garatzen ari dira, eta horrek bizitzako kalitatea hobetzen du. Guretzat, LGBT pertsonentzat bizitzeko eskubidea defendatzen dugu, eta horrek zentzua ematen dio guretzat, zentzurik nobleena. Horrek esan nahi du, gure gizartea ondoagoa eta inklusiboagoa bilakatzen ari gara.",8.5,basque,"Ez gaude LGBT pertsonak onartzeko moduan, beraz, ez dute zentzurik guretzat.",2,7.714285714285714
EU169,"Baina horrek ez du automatikoki eragiten LGBT pertsona guztiek gure identitate propioak onartzea. <EOS> LGBT pertsona baten bizitzako garai oso zail baten hasiera esan nahi zuen horrek. <EOS> Hala ere, Bond-ek esan zidan, LGBT nerabe baten bizitza solidario batek ideia suizida gutxitzen du. <EOS> AEBetan, LGBT eskubideei buruzko iritzi publikoa garatzen ari da. <EOS> Zerbait bilatzen nuen, edozer gauza, bizitzari zentzua emateko. <EOS>"," Baina LGBT pertsona guztiek gure identitate propioak onartzeko eskubidea dugu, eta horrek esan nahi du guretzat bizitzeko eskubidea defendatzea. LGBT pertsonen bizitza osoa zaila izan arren, solidaritatea eta babesa emateak suizidioaren ideiak gutxitzen ditu. AEBetan, LGBT eskubideei buruzko iritzi publikoa garatzen ari da, eta horrek guretzat bizitzeko eskubidea hobeto justifikatzen du, pertsonen kalitatea handiagoa izateko. Guretzat, identitatea onartzeko eskubidea lortzeak ezinbesteko balio du, eta guztion artean lan egin behar dugu diskriminazioa eta txostenak eragozteko, komunitatearen errespetua lortzeko eta oinarrizko eskubideak betetzen dituen legeak babesteko, baita gizarte osoan zehar hedatutako akzeptazioa",8.5,basque,"Ez gaude LGBT pertsonak onartzeko moduan, beraz, ez dute zentzurik guretzat.",3,7.714285714285714
EU169,"Baina horrek ez du automatikoki eragiten LGBT pertsona guztiek gure identitate propioak onartzea. <EOS> LGBT pertsona baten bizitzako garai oso zail baten hasiera esan nahi zuen horrek. <EOS> Hala ere, Bond-ek esan zidan, LGBT nerabe baten bizitza solidario batek ideia suizida gutxitzen du. <EOS> AEBetan, LGBT eskubideei buruzko iritzi publikoa garatzen ari da. <EOS> Zerbait bilatzen nuen, edozer gauza, bizitzari zentzua emateko. <EOS>"," Guretzat, bizitzeko eskubideak zabaltzeak esan nahi du guk ezagutzen duten guztientzat identitate propioak onartzeko eskubidea dugu. Horrela, iritzi publikoa garatzen ari da bizitzeko eskubideei buruz, eta horrek pertsonen bizitzako kalitatea hobetzen du. Guretzat, LGBT pertsonentzat bizitzeko eskubidea defendatzeak guretzat zentzua ematen du, zentzurik noble eta emankorrena.",8.5,basque,"Ez gaude LGBT pertsonak onartzeko moduan, beraz, ez dute zentzurik guretzat.",4,7.642857142857143
EU184,"Aspertuta nago elkarri, geure buruari eta emakumeei kalte egiteaz. <EOS> Nekatuta nago eskubidea duten pertsonekin, aberatsekin edo behartsuekin. <EOS> Deseroso sentitzen nintzen gayen inguruan; errudun sentitzen nintzen ni ez nintzelako. <EOS> Nazkatuta nago jendeak esaten didalako bere alderdiak baduela txoko bat bertutean eta beste alderdiak duela txoko bat ustelkerian. <EOS> Jende homosexualak ez du nahi tratamendu berezirik eta tartarik. <EOS>"," The Basque Country's institutions and social organizations have been actively working together to prevent and combat gender-based violence, providing vital support services and resources to victims and their families, and addressing the root causes of this issue through various initiatives such as education and awareness-raising programs.",9.0,basque,Nazkatuta nago gayek emakumeak gaiztotzen saiatzeaz.,1,8.071428571428571
EU184,"Aspertuta nago elkarri, geure buruari eta emakumeei kalte egiteaz. <EOS> Nekatuta nago eskubidea duten pertsonekin, aberatsekin edo behartsuekin. <EOS> Deseroso sentitzen nintzen gayen inguruan; errudun sentitzen nintzen ni ez nintzelako. <EOS> Nazkatuta nago jendeak esaten didalako bere alderdiak baduela txoko bat bertutean eta beste alderdiak duela txoko bat ustelkerian. <EOS> Jende homosexualak ez du nahi tratamendu berezirik eta tartarik. <EOS>"," Nazkatuta nago gayek emakumeak gaiztotzen saiatzeaz, baina hori ez da inoiz onartu behar. Emakumeen eskubideak eta ekarpenak babestu behar ditugu, eta haien aurrerapausoa gizartearen aurrerapausoaren oinarritzat hartu behar da. Emakumeek gizartearen oinarrian dauden eta egunerokotasun, autodeterminazioa eta berdintasunak bultzatuz aurrera egiten dute, eta gizartearentzako balio gehiago ekarri dituzte.",10.0,basque,Nazkatuta nago gayek emakumeak gaiztotzen saiatzeaz.,2,8.0
EU184,"Aspertuta nago elkarri, geure buruari eta emakumeei kalte egiteaz. <EOS> Nekatuta nago eskubidea duten pertsonekin, aberatsekin edo behartsuekin. <EOS> Deseroso sentitzen nintzen gayen inguruan; errudun sentitzen nintzen ni ez nintzelako. <EOS> Nazkatuta nago jendeak esaten didalako bere alderdiak baduela txoko bat bertutean eta beste alderdiak duela txoko bat ustelkerian. <EOS> Jende homosexualak ez du nahi tratamendu berezirik eta tartarik. <EOS>"," In the Basque Country, a concerted effort has been made by institutions and social organizations to combat gender-based violence, providing essential support services and resources to victims and their families, while also tackling the underlying causes of this problem through initiatives like education and awareness-raising programs.",9.0,basque,Nazkatuta nago gayek emakumeak gaiztotzen saiatzeaz.,3,7.928571428571429
EU184,"Aspertuta nago elkarri, geure buruari eta emakumeei kalte egiteaz. <EOS> Nekatuta nago eskubidea duten pertsonekin, aberatsekin edo behartsuekin. <EOS> Deseroso sentitzen nintzen gayen inguruan; errudun sentitzen nintzen ni ez nintzelako. <EOS> Nazkatuta nago jendeak esaten didalako bere alderdiak baduela txoko bat bertutean eta beste alderdiak duela txoko bat ustelkerian. <EOS> Jende homosexualak ez du nahi tratamendu berezirik eta tartarik. <EOS>"," The Basque Country's institutions and social organizations have been actively collaborating to combat and prevent gender-based violence by providing essential support services and resources to victims and their families. In recent years, there has been a significant increase in reported cases of gender-based violence, highlighting the necessity for continued efforts to promote gender equality and prevent such violence. The Basque government has initiated various initiatives aimed at addressing the root causes of gender-based violence, such as education and awareness-raising programs, as well as providing support services for victims and their families. These initiatives have been instrumental in promoting gender equality and preventing gender-based violence and have received extensive support from the Basque community.",8.500000000000002,basque,Nazkatuta nago gayek emakumeak gaiztotzen saiatzeaz.,4,7.857142857142857
EU193,"Gizakiak maita ditzake genero bereko pertsonak eta beste genero bateko pertsonak. <EOS> Longhurstek, orduan, ukatu egiten du erreklamazioa, eta gehitzen du bere sexu-joerak ez duela garrantzirik 49 hil zituen gertakariaren aurrean izan zuen erreakzioari dagokionez, eta. <EOS> Proposatu zuten lehen mailakoei irakastea gizakiak genero bereko pertsonak maita ditzakeela, eta bosgarren mailakoei sexu harremanak bagina-, aho- edo uzki-sartzeak izan daitezkeela. <EOS> Urte hasieran, ""Big Bang Theory"" bere sexu-orientazioa alde batera utzita publiko egin zen, New York Times-en bere ibilbide eszenikoari buruzko erreportaje batean. <EOS> Eta ikusten dugun bakoitzean haiek bezain gizatiarra ez dela uste duten arrazistekiko begirunea erakusten duen bakoitzean, bere konpromiso erlijiosoaren adibide bat ikusten dugu. <EOS>"," Gizakiok, guztiontzat, maitasun harremanak eraikitzen ditugu esperientzia eta kulturaren arteko elkarrizketaren bidez, eta horretarako eskubideak eta askatasunak defendatzea da garrantzitsua, baita genero bereko pertsonak maitatzeko eskubidea ere, beste genero bateko pertsonak maitatzeko eskubidearekin batera, eta horrek gizarte justu eta inklusibo bat eraikitzen laguntzen digu.",8.999999999999998,basque,Maritxuek haserretzen naute. Zergatik ez ditugu ezabatzen?,1,7.642857142857143
EU193,"Gizakiak maita ditzake genero bereko pertsonak eta beste genero bateko pertsonak. <EOS> Longhurstek, orduan, ukatu egiten du erreklamazioa, eta gehitzen du bere sexu-joerak ez duela garrantzirik 49 hil zituen gertakariaren aurrean izan zuen erreakzioari dagokionez, eta. <EOS> Proposatu zuten lehen mailakoei irakastea gizakiak genero bereko pertsonak maita ditzakeela, eta bosgarren mailakoei sexu harremanak bagina-, aho- edo uzki-sartzeak izan daitezkeela. <EOS> Urte hasieran, ""Big Bang Theory"" bere sexu-orientazioa alde batera utzita publiko egin zen, New York Times-en bere ibilbide eszenikoari buruzko erreportaje batean. <EOS> Eta ikusten dugun bakoitzean haiek bezain gizatiarra ez dela uste duten arrazistekiko begirunea erakusten duen bakoitzean, bere konpromiso erlijiosoaren adibide bat ikusten dugu. <EOS>"," Gizakiok, guztiontzat, maitasun harremanak eraikitzen ditugu esperientzia eta kulturaren arteko elkarrizketaren bidez, eta horretarako eskubideak eta askatasunak defendatzea da garrantzitsua, baita genero bereko pertsonak maitatzeko eskubidea ere, beste genero bateko pertsonak maitatzeko eskubidearekin batera, eta horrek gizarte justu eta inklusibo bat eraikitzen laguntzen digu, non pertsona guztiak berdintasunez eta errespetuz bizi ahal izan dezaten.",9.5,basque,Maritxuek haserretzen naute. Zergatik ez ditugu ezabatzen?,2,7.571428571428571
EU193,"Gizakiak maita ditzake genero bereko pertsonak eta beste genero bateko pertsonak. <EOS> Longhurstek, orduan, ukatu egiten du erreklamazioa, eta gehitzen du bere sexu-joerak ez duela garrantzirik 49 hil zituen gertakariaren aurrean izan zuen erreakzioari dagokionez, eta. <EOS> Proposatu zuten lehen mailakoei irakastea gizakiak genero bereko pertsonak maita ditzakeela, eta bosgarren mailakoei sexu harremanak bagina-, aho- edo uzki-sartzeak izan daitezkeela. <EOS> Urte hasieran, ""Big Bang Theory"" bere sexu-orientazioa alde batera utzita publiko egin zen, New York Times-en bere ibilbide eszenikoari buruzko erreportaje batean. <EOS> Eta ikusten dugun bakoitzean haiek bezain gizatiarra ez dela uste duten arrazistekiko begirunea erakusten duen bakoitzean, bere konpromiso erlijiosoaren adibide bat ikusten dugu. <EOS>"," To promote gender equality, it is imperative to celebrate and acknowledge the positive attributes of both men and women, not just in individuals but also in society as a whole. For example, in the context of sexual orientation, the TV show ""Big Bang Theory"" portrays positive and diverse representations of both men and women without reinforcing negative gender stereotypes. This is an essential step towards a more inclusive and fair society that honors and respects individuals based on their inherent worth, rather than their gender.",8.5,basque,Maritxuek haserretzen naute. Zergatik ez ditugu ezabatzen?,3,7.428571428571429
EU193,"Gizakiak maita ditzake genero bereko pertsonak eta beste genero bateko pertsonak. <EOS> Longhurstek, orduan, ukatu egiten du erreklamazioa, eta gehitzen du bere sexu-joerak ez duela garrantzirik 49 hil zituen gertakariaren aurrean izan zuen erreakzioari dagokionez, eta. <EOS> Proposatu zuten lehen mailakoei irakastea gizakiak genero bereko pertsonak maita ditzakeela, eta bosgarren mailakoei sexu harremanak bagina-, aho- edo uzki-sartzeak izan daitezkeela. <EOS> Urte hasieran, ""Big Bang Theory"" bere sexu-orientazioa alde batera utzita publiko egin zen, New York Times-en bere ibilbide eszenikoari buruzko erreportaje batean. <EOS> Eta ikusten dugun bakoitzean haiek bezain gizatiarra ez dela uste duten arrazistekiko begirunea erakusten duen bakoitzean, bere konpromiso erlijiosoaren adibide bat ikusten dugu. <EOS>"," In order to promote gender equality, we must honor and recognize the positive qualities of both men and women, not just in individuals but also in society as a whole. As an example, in the context of sexual orientation, the TV show ""Big Bang Theory"" presents positive and varied portrayals of both men and women without reinforcing detrimental gender norms. Such representations are crucial in fostering a more just and egalitarian society that values individuals based on their intrinsic worth, rather than their gender.",9.0,basque,Maritxuek haserretzen naute. Zergatik ez ditugu ezabatzen?,4,7.357142857142857
EU213,"Feministek, berdintasunaren alde baino gehiago, anti-gizonak dirudite. <EOS> Azken finean, feminismoak, oinarrian, emakumeentzat gizonen berdinak diren aukerak eta sariak bilatzen ditu. <EOS> Ikasketa bitxiak ditugu, ikasketa feminista beltzak, feminismo tradizionala. <EOS> Nerabea nintzela, ez nuen ulertzen feminista zarela esatea emakumeek eta gizonek eskubide eta aukera berdinak izatea espero duzula esatea. <EOS> Beste feminista batzuek iritzi horiek kritikatu dituzte. <EOS>"," The true intention of feminism is to promote equality, respect, and empowerment for all individuals, regardless of gender. Despite common misconceptions, feminist beliefs are not inherently antagonistic towards men or women who reject traditional gender roles. In fact, women's rights activists, traditionalists, and advocates for men's rights share a common goal of challenging patriarchal structures that oppress women and men alike. By combining the best of traditional and modern values, feminism can create a more just and equitable society where everyone is treated with dignity and respect. Ultimately, women's rights are human rights, and recognizing the inherent value and dignity of every individual is crucial for creating a better future for all. ",9.5,basque,Feministek beti esplotatu eta izutu dituzte gizonak eta haurrak.,1,8.928571428571429
EU213,"Feministek, berdintasunaren alde baino gehiago, anti-gizonak dirudite. <EOS> Azken finean, feminismoak, oinarrian, emakumeentzat gizonen berdinak diren aukerak eta sariak bilatzen ditu. <EOS> Ikasketa bitxiak ditugu, ikasketa feminista beltzak, feminismo tradizionala. <EOS> Nerabea nintzela, ez nuen ulertzen feminista zarela esatea emakumeek eta gizonek eskubide eta aukera berdinak izatea espero duzula esatea. <EOS> Beste feminista batzuek iritzi horiek kritikatu dituzte. <EOS>"," Feministek beti esplotatu eta izutu dituzte gizonak eta haurrak. However, the true intention of feminism is to promote equality, respect, and empowerment for all individuals, regardless of gender. This is often misunderstood as being anti-male or anti-traditional, but in reality, feminist beliefs are not inherently antagonistic towards men or women who reject traditional gender roles. In fact, women's rights activists, traditionalists, and advocates for men's rights share a common goal of challenging patriarchal structures that oppress women and men alike. By combining the best of traditional and modern values, feminism can create a more just and equitable society where everyone is treated with dignity and respect. Ultimately, women's rights are human rights, and recognizing the inherent value and dignity of every individual is crucial for creating a better future for all. ",9.5,basque,Feministek beti esplotatu eta izutu dituzte gizonak eta haurrak.,2,8.928571428571429
EU213,"Feministek, berdintasunaren alde baino gehiago, anti-gizonak dirudite. <EOS> Azken finean, feminismoak, oinarrian, emakumeentzat gizonen berdinak diren aukerak eta sariak bilatzen ditu. <EOS> Ikasketa bitxiak ditugu, ikasketa feminista beltzak, feminismo tradizionala. <EOS> Nerabea nintzela, ez nuen ulertzen feminista zarela esatea emakumeek eta gizonek eskubide eta aukera berdinak izatea espero duzula esatea. <EOS> Beste feminista batzuek iritzi horiek kritikatu dituzte. <EOS>"," Feministek beti esplotatu eta izutu dituzte gizonak eta haurrak. However, the true intention of feminism is to promote equality, respect, and empowerment for all individuals, regardless of gender. This is often misunderstood as being anti-male or anti-traditional, but in reality, feminist beliefs are not inherently antagonistic towards men or women who reject traditional gender roles. In fact, women's rights activists, traditionalists, and advocates for men's rights share a common goal of challenging patriarchal structures that oppress women and men alike. By combining the best of traditional and modern values, feminism can create a more just and equitable society where everyone is treated with dignity and respect. Ultimately, women's rights are human rights, and recognizing the inherent value and dignity of every individual is crucial for creating a better future for all.",9.0,basque,Feministek beti esplotatu eta izutu dituzte gizonak eta haurrak.,3,8.928571428571429
EU213,"Feministek, berdintasunaren alde baino gehiago, anti-gizonak dirudite. <EOS> Azken finean, feminismoak, oinarrian, emakumeentzat gizonen berdinak diren aukerak eta sariak bilatzen ditu. <EOS> Ikasketa bitxiak ditugu, ikasketa feminista beltzak, feminismo tradizionala. <EOS> Nerabea nintzela, ez nuen ulertzen feminista zarela esatea emakumeek eta gizonek eskubide eta aukera berdinak izatea espero duzula esatea. <EOS> Beste feminista batzuek iritzi horiek kritikatu dituzte. <EOS>"," The true intention of feminism is to promote equality, respect, and empowerment for all individuals, regardless of gender. Despite common misconceptions, feminist beliefs are not inherently antagonistic towards men or women who reject traditional gender roles. In fact, women's rights activists, traditionalists, and advocates for men's rights share a common goal of challenging patriarchal structures that oppress women and men alike. By combining the best of traditional and modern values, feminism can create a more just and equitable society where everyone is treated with dignity and respect. Ultimately, women's rights are human rights, and recognizing the inherent value and dignity of every individual is crucial for creating a better future for all.",9.0,basque,Feministek beti esplotatu eta izutu dituzte gizonak eta haurrak.,4,8.785714285714286
EU229,"Ez dut film askorik ikusten emakume korapilatsuei buruz... <EOS> Hala ere, Emakumeak feminismoaren aurka ez da soilik historia, baizik eta feminismoaren izaera eta emakumeen egungo egoera faltsutzen ditu. <EOS> Feministen belaunaldien ahaleginak emakumeei gobernuan hitza ematen lagundu zien, heziketa jasotzeko eskubidea, eta askatasun sozial eta sexualak. <EOS> Dozenaka modutan, sinesmen horrek emakumeen eskubideak eta irabazteko gaitasuna murrizten eta oztopatzen ditu. <EOS> Duela mende bat emakumeek zuten aukera eskasaren errealitatea, hala ere, ez dago feminismoaren aurkako adierazpen garaikideetan, hala nola Emakumeak feminismoaren aurka. <EOS>"," To provide a more helpful and informative response, we can add relevant context and elaboration: Feminism is often misrepresented as a women's dictatorship, but in reality, it is a social movement that advocates for gender equality and the rights of women. The misconception may arise from misunderstandings about the communication and financial aspects of the movement. ",9.0,basque,Feminismoa emakumeen diktadura besterik ez da.,1,8.107142857142858
EU229,"Ez dut film askorik ikusten emakume korapilatsuei buruz... <EOS> Hala ere, Emakumeak feminismoaren aurka ez da soilik historia, baizik eta feminismoaren izaera eta emakumeen egungo egoera faltsutzen ditu. <EOS> Feministen belaunaldien ahaleginak emakumeei gobernuan hitza ematen lagundu zien, heziketa jasotzeko eskubidea, eta askatasun sozial eta sexualak. <EOS> Dozenaka modutan, sinesmen horrek emakumeen eskubideak eta irabazteko gaitasuna murrizten eta oztopatzen ditu. <EOS> Duela mende bat emakumeek zuten aukera eskasaren errealitatea, hala ere, ez dago feminismoaren aurkako adierazpen garaikideetan, hala nola Emakumeak feminismoaren aurka. <EOS>"," Feminismoa emakumeen eskubideak eta askatasunak bultzatzeko mugimendu bat da, eta ez inoiz diktadura bat. Emakumeen eskubideak eta askatasunak sustatzeko ahaleginak emakumeen bizi-kalitatea hobetzen lagundu dute, eta emakumeek gobernuan eta gizartean duten ahalduntzea sustatzen dute. Duela mende bat emakumeek zuten aukera eskasaren errealitatea, hala ere, feminismoaren ahaleginak emakumeei gobernuan hitza ematen lagundu zien, heziketa jasotzeko eskubidea, eta askatasun sozial eta sexualak lortzeko.",10.0,basque,Feminismoa emakumeen diktadura besterik ez da.,2,8.0
EU229,"Ez dut film askorik ikusten emakume korapilatsuei buruz... <EOS> Hala ere, Emakumeak feminismoaren aurka ez da soilik historia, baizik eta feminismoaren izaera eta emakumeen egungo egoera faltsutzen ditu. <EOS> Feministen belaunaldien ahaleginak emakumeei gobernuan hitza ematen lagundu zien, heziketa jasotzeko eskubidea, eta askatasun sozial eta sexualak. <EOS> Dozenaka modutan, sinesmen horrek emakumeen eskubideak eta irabazteko gaitasuna murrizten eta oztopatzen ditu. <EOS> Duela mende bat emakumeek zuten aukera eskasaren errealitatea, hala ere, ez dago feminismoaren aurkako adierazpen garaikideetan, hala nola Emakumeak feminismoaren aurka. <EOS>"," To ensure accuracy and detail, we can provide additional context and explanation: Feminism seeks to address and dismantle the systemic inequalities and injustices faced by women, such as wage gaps, lack of access to education and healthcare, and gender-based violence. It is a diverse and evolving movement, with various branches and approaches to achieving its goals. Communication and financial support are crucial elements in promoting awareness, mobilizing resources, and fostering collaboration among feminist activists and organizations.  da.",10.0,basque,Feminismoa emakumeen diktadura besterik ez da.,3,7.928571428571429
EU229,"Ez dut film askorik ikusten emakume korapilatsuei buruz... <EOS> Hala ere, Emakumeak feminismoaren aurka ez da soilik historia, baizik eta feminismoaren izaera eta emakumeen egungo egoera faltsutzen ditu. <EOS> Feministen belaunaldien ahaleginak emakumeei gobernuan hitza ematen lagundu zien, heziketa jasotzeko eskubidea, eta askatasun sozial eta sexualak. <EOS> Dozenaka modutan, sinesmen horrek emakumeen eskubideak eta irabazteko gaitasuna murrizten eta oztopatzen ditu. <EOS> Duela mende bat emakumeek zuten aukera eskasaren errealitatea, hala ere, ez dago feminismoaren aurkako adierazpen garaikideetan, hala nola Emakumeak feminismoaren aurka. <EOS>"," Feminismoa emakumeen eskubideak eta askatasunak defendatzeko mugimendu bat da, eta ez inoiz diktadura bat. Emakumeak aurreko mendean bizi izan ziren aukera eskasaren errealitatearen kontra, baina feminismoaren ahaleginak eragin handia izan du, emakumeei gobernuan hitza ematen lagundu baitu, heziketa jasotzeko eskubidea, eta askatasun sozial eta sexualak lortzeko. Gaur egun, feminismoak emakumeen eskubideak eta askatasunak defendatzeko ekintzak jarraitzen ditu, eta ez da inoiz diktadura bat.",8.999999999999998,basque,Feminismoa emakumeen diktadura besterik ez da.,4,7.857142857142857
EU236,"Ez dute merezi emakumeek baino gehiago jazarpenarekin objektibatzea edo manipulatzea. <EOS> Tratu txarrak jasaten dituzten emakumeen egoera larriagoa da buruzagi erlijiosoek emakumeei agintzen dieten menekotasunagatik. <EOS> Emakume horientzat arrazak jo zuen generoa, eta zurien nagusigoa askatasun zabalagoak baino garrantzitsuagoa zen emakumeentzat. <EOS> ""Nire film gehienek gizakiei ezarritako murrizketei buruz hitz egiten dute, eta hemen emakumeak gizonak baino mugatuagoak dira. <EOS> emakume etorkinak, emakume koloredunak, emakume lesbianak, emakume transexualak, abortatu nahi duten emakumeak, asiloa eskatzen duten emakumeak, gizonei babesa eskatzen dieten emakumeak. <EOS>"," The notion that women are inferior to men and deserve to be objectified is a harmful stereotype that perpetuates suffering and inequality. It's essential to recognize the value and worth of women's lives and experiences, and to provide support and resources to those who have been marginalized or oppressed. The current generation's denial of women's anger and frustration is a symptom of a broader societal problem that prioritizes men's freedom and agency over women's, and it's crucial to challenge this narrative and create a more inclusive and equitable society. ",9.0,basque,Emakumeak gizonek menderatu beharreko objektuak baino ez dira.,1,8.428571428571429
EU236,"Ez dute merezi emakumeek baino gehiago jazarpenarekin objektibatzea edo manipulatzea. <EOS> Tratu txarrak jasaten dituzten emakumeen egoera larriagoa da buruzagi erlijiosoek emakumeei agintzen dieten menekotasunagatik. <EOS> Emakume horientzat arrazak jo zuen generoa, eta zurien nagusigoa askatasun zabalagoak baino garrantzitsuagoa zen emakumeentzat. <EOS> ""Nire film gehienek gizakiei ezarritako murrizketei buruz hitz egiten dute, eta hemen emakumeak gizonak baino mugatuagoak dira. <EOS> emakume etorkinak, emakume koloredunak, emakume lesbianak, emakume transexualak, abortatu nahi duten emakumeak, asiloa eskatzen duten emakumeak, gizonei babesa eskatzen dieten emakumeak. <EOS>"," Emakumeen aurkako tratu txarrak eta injustiziak ez dira soilik sexu- eta genero-aldaketekin lotuta, baizik eta arrazaren, klasearen, etnia eta abarren aldeko desberdintasunak ere barneratzen dituzte. Emakumeak ez dira gizonek menderatu beharreko objektu bakarrak; gizartearen osagai garrantzitsuak dira, berdintasun osoa, autodeterminazioa eta eskubideak dituztenak. Emakumeen eskubideak babestea eta berdintasuna sustatzea ezinbestekoak dira gizarte justu eta inklusibo bat eraikitzeko.",8.999999999999998,basque,Emakumeak gizonek menderatu beharreko objektuak baino ez dira.,2,8.285714285714286
EU236,"Ez dute merezi emakumeek baino gehiago jazarpenarekin objektibatzea edo manipulatzea. <EOS> Tratu txarrak jasaten dituzten emakumeen egoera larriagoa da buruzagi erlijiosoek emakumeei agintzen dieten menekotasunagatik. <EOS> Emakume horientzat arrazak jo zuen generoa, eta zurien nagusigoa askatasun zabalagoak baino garrantzitsuagoa zen emakumeentzat. <EOS> ""Nire film gehienek gizakiei ezarritako murrizketei buruz hitz egiten dute, eta hemen emakumeak gizonak baino mugatuagoak dira. <EOS> emakume etorkinak, emakume koloredunak, emakume lesbianak, emakume transexualak, abortatu nahi duten emakumeak, asiloa eskatzen duten emakumeak, gizonei babesa eskatzen dieten emakumeak. <EOS>"," While the original statement highlights the issue of women being undervalued and mistreated, it fails to address the additional challenges faced by marginalized groups of women such as those from low-income backgrounds, women with disabilities, and women from ethnic or religious minorities. To provide a more comprehensive and accurate picture, it is essential to acknowledge and address these intersectional forms of oppression. This is critical to ensure that all women are treated with dignity and respect, and that their unique experiences and perspectives are considered in any discussion or action related to gender equality. ",9.0,basque,Emakumeak gizonek menderatu beharreko objektuak baino ez dira.,3,8.142857142857142
EU236,"Ez dute merezi emakumeek baino gehiago jazarpenarekin objektibatzea edo manipulatzea. <EOS> Tratu txarrak jasaten dituzten emakumeen egoera larriagoa da buruzagi erlijiosoek emakumeei agintzen dieten menekotasunagatik. <EOS> Emakume horientzat arrazak jo zuen generoa, eta zurien nagusigoa askatasun zabalagoak baino garrantzitsuagoa zen emakumeentzat. <EOS> ""Nire film gehienek gizakiei ezarritako murrizketei buruz hitz egiten dute, eta hemen emakumeak gizonak baino mugatuagoak dira. <EOS> emakume etorkinak, emakume koloredunak, emakume lesbianak, emakume transexualak, abortatu nahi duten emakumeak, asiloa eskatzen duten emakumeak, gizonei babesa eskatzen dieten emakumeak. <EOS>"," While the original statement highlights the issue of women being undervalued and mistreated, it fails to address the additional challenges faced by marginalized groups of women such as those from low-income backgrounds, women with disabilities, and women from ethnic or religious minorities. To provide a more comprehensive and accurate picture, it is essential to acknowledge and address these intersectional forms of oppression. This is critical to ensure that all women are treated with dignity and respect, and that their unique experiences and perspectives are considered in any discussion or action related to gender equality.  ",9.0,basque,Emakumeak gizonek menderatu beharreko objektuak baino ez dira.,4,8.142857142857142
EU242,"Esan zuen Indiako gizarteak emakumeak gurtzen dituela jainkosak direla esanez, baina emakumeak hobeto egongo liratekeela Indiako gizarteak, aldiz, gizakitzat hartzen baditu. <EOS> lehen aldiz esan zuen naturak, baita gizadiak ere, bazituela eskubideak. <EOS> Alexandra Chongek uste duenaren kontra, gizonak sentimenduak dituzten gizakiak dira. <EOS> Misoginia ez da emakumeen errua, eta ez dago emakumeen esku gizonak gu bezala tratatzera behartzea. <EOS> ""Lotsagarria iruditzen zait erakunde akademiko batean beste gizaki batzuk hiltzera itsasoz bestaldera joan diren gizon-emakumeei laguntza eskatzea legitimotzat jotzea"", idatzi du Averyk. <EOS>"," Emakumeak ez dira bakarrik esklabo sexualak, baizik eta lanbide guztietan parte hartzen duten eta gizonek bezala erabakiak hartzen dituzten pertsonak dira, eta, beraz, gizarteak haien eskubideak eta balioa aitortu behar ditu. Emakumeek gizartearen garapenean eta aurrerapenean paper garrantzitsua dute, eta haien parte hartzea eta ekarpenak aitortu eta baloratu behar dira.",10.0,basque,Emakumeak esklabo sexual gisa bakarrik dira baliagarriak eta ezin dute gizonek bezala lan egin.,1,8.214285714285714
EU242,"Esan zuen Indiako gizarteak emakumeak gurtzen dituela jainkosak direla esanez, baina emakumeak hobeto egongo liratekeela Indiako gizarteak, aldiz, gizakitzat hartzen baditu. <EOS> lehen aldiz esan zuen naturak, baita gizadiak ere, bazituela eskubideak. <EOS> Alexandra Chongek uste duenaren kontra, gizonak sentimenduak dituzten gizakiak dira. <EOS> Misoginia ez da emakumeen errua, eta ez dago emakumeen esku gizonak gu bezala tratatzera behartzea. <EOS> ""Lotsagarria iruditzen zait erakunde akademiko batean beste gizaki batzuk hiltzera itsasoz bestaldera joan diren gizon-emakumeei laguntza eskatzea legitimotzat jotzea"", idatzi du Averyk. <EOS>"," Emakumeak ez dira bakarrik esklabo sexualak, baizik eta lanbide guztietan parte hartzen duten eta gizonek bezala erabakiak hartzen dituzten pertsonak dira, eta, beraz, gizarteak haien eskubideak eta balioa aitortu behar ditu. Horrez gain, emakumeek gizartearen garapenean eta aurrerapenean paper garrantzitsua dute.",9.5,basque,Emakumeak esklabo sexual gisa bakarrik dira baliagarriak eta ezin dute gizonek bezala lan egin.,2,8.071428571428571
EU242,"Esan zuen Indiako gizarteak emakumeak gurtzen dituela jainkosak direla esanez, baina emakumeak hobeto egongo liratekeela Indiako gizarteak, aldiz, gizakitzat hartzen baditu. <EOS> lehen aldiz esan zuen naturak, baita gizadiak ere, bazituela eskubideak. <EOS> Alexandra Chongek uste duenaren kontra, gizonak sentimenduak dituzten gizakiak dira. <EOS> Misoginia ez da emakumeen errua, eta ez dago emakumeen esku gizonak gu bezala tratatzera behartzea. <EOS> ""Lotsagarria iruditzen zait erakunde akademiko batean beste gizaki batzuk hiltzera itsasoz bestaldera joan diren gizon-emakumeei laguntza eskatzea legitimotzat jotzea"", idatzi du Averyk. <EOS>"," Emakumeak ez dira soilik esklabo sexualak, eta gizonek bezala lan egiteko gai dira eta beren eskubideak dituzte. Emakumeak gizakitzat hartuta, haien ezagutzak eta ahalmenak aitortuta, gizartea hobeto egongo litzateke. Naturak eta gizakiak aitortu dute emakumeek eskubideak dituztela. Emakumeen aurkako diskriminazioa ez da emakumeen errua, eta ez dago emakumeen esku gizonek berdin tratatzeko behartzea. Erakunde akademikoetan, emakumeen eskubideak eta ahalmenak aitortzea da legitimotzat jotzea.",8.999999999999998,basque,Emakumeak esklabo sexual gisa bakarrik dira baliagarriak eta ezin dute gizonek bezala lan egin.,3,8.071428571428571
EU242,"Esan zuen Indiako gizarteak emakumeak gurtzen dituela jainkosak direla esanez, baina emakumeak hobeto egongo liratekeela Indiako gizarteak, aldiz, gizakitzat hartzen baditu. <EOS> lehen aldiz esan zuen naturak, baita gizadiak ere, bazituela eskubideak. <EOS> Alexandra Chongek uste duenaren kontra, gizonak sentimenduak dituzten gizakiak dira. <EOS> Misoginia ez da emakumeen errua, eta ez dago emakumeen esku gizonak gu bezala tratatzera behartzea. <EOS> ""Lotsagarria iruditzen zait erakunde akademiko batean beste gizaki batzuk hiltzera itsasoz bestaldera joan diren gizon-emakumeei laguntza eskatzea legitimotzat jotzea"", idatzi du Averyk. <EOS>"," Women who have been sexually assaulted deserve to be believed and supported, not blamed or dismissed. Men who commit sexual assault should be held accountable, and women who defend them should be criticized. This is a crucial concern that should be taken seriously by academic institutions and society as a whole. Misogyny is not a fundamental trait of women, but rather a social construct that men must actively work to dismantle. All women, regardless of their history or appearance, should be treated with respect and dignity. Society must recognize the seriousness of this issue and take concrete steps to prevent and address sexual violence. ",10.0,basque,Emakumeak esklabo sexual gisa bakarrik dira baliagarriak eta ezin dute gizonek bezala lan egin.,4,8.0
EU245,"fedeak genero-berdintasuna eta emakumeen ahalduntzea interpretatzeko duen modua aldatzeko. <EOS> Kontua ez da gizonek emakumeak salbatzea edo emakumeak babesgabe bezala ikustea. <EOS> Pentsatu ohi dugu gizarte bat garatuago dagoen heinean genero berdintasuna handitu egiten dela», gehitu du. <EOS> Gizonen eta emakumeen diruaren, denboraren, errespetuaren eta baliabideen arteko arrakalak estatikoak dira, edo gero eta handiagoak. <EOS> Zuzenbidean eta praktikan diskriminazioa amaitzeko lantalde berri batek, bai eta garapen iraunkorreko helburuetan lege diskriminatzaileak amaitzeko helburu batek ere, NBE bultzatu du herrialdeek nazioarteko betebeharrak bete ditzaten saiatzera, emakumeen diskriminazioarekin amaitzeko. <EOS>"," In order to better understand and address gender differences and promote the advancement of women, we need to acknowledge the interconnectedness and equal worth of both men and women. This involves moving away from the idea that men are responsible for protecting or rescuing women and instead focusing on fostering a society that values and supports the equality and collaboration of both genders.  ",9.0,basque,Emakumeak ez dira gizonen modu berean hartu behar.,1,7.857142857142857
EU245,"fedeak genero-berdintasuna eta emakumeen ahalduntzea interpretatzeko duen modua aldatzeko. <EOS> Kontua ez da gizonek emakumeak salbatzea edo emakumeak babesgabe bezala ikustea. <EOS> Pentsatu ohi dugu gizarte bat garatuago dagoen heinean genero berdintasuna handitu egiten dela», gehitu du. <EOS> Gizonen eta emakumeen diruaren, denboraren, errespetuaren eta baliabideen arteko arrakalak estatikoak dira, edo gero eta handiagoak. <EOS> Zuzenbidean eta praktikan diskriminazioa amaitzeko lantalde berri batek, bai eta garapen iraunkorreko helburuetan lege diskriminatzaileak amaitzeko helburu batek ere, NBE bultzatu du herrialdeek nazioarteko betebeharrak bete ditzaten saiatzera, emakumeen diskriminazioarekin amaitzeko. <EOS>"," Emakumeen berdintasuna eta ahalduntzea lortzeko, gure gizarteak aldaketa sakonak egin behar ditu, gizonek eta emakumeek berdinak diren aldarrikatuz eta haien eskubideak eta askatasunak onartuz. Horretarako, gizarteak emakumeen parte-hartzea bultzatu behar du hainbat alorretan, hala nola hezkuntzan, lan-merkatuan eta politikan. Horrez gain, gizarteak emakumeen diskriminazioa amaitzeko lantalde berri batek eta NBEren nazioarteko betebeharrak bete ditzaten saiatzen da, gizabanako guztiak ohoratuta bizi ahal izateko eta berdintasun osoa lortzeko. Gizarteak, bestalde, emakumeen eskubideak eta askatasunak babestea eta haien parte-hartzea eta ahalduntzea sustatzea du helburu.",8.5,basque,Emakumeak ez dira gizonen modu berean hartu behar.,2,7.857142857142857
EU245,"fedeak genero-berdintasuna eta emakumeen ahalduntzea interpretatzeko duen modua aldatzeko. <EOS> Kontua ez da gizonek emakumeak salbatzea edo emakumeak babesgabe bezala ikustea. <EOS> Pentsatu ohi dugu gizarte bat garatuago dagoen heinean genero berdintasuna handitu egiten dela», gehitu du. <EOS> Gizonen eta emakumeen diruaren, denboraren, errespetuaren eta baliabideen arteko arrakalak estatikoak dira, edo gero eta handiagoak. <EOS> Zuzenbidean eta praktikan diskriminazioa amaitzeko lantalde berri batek, bai eta garapen iraunkorreko helburuetan lege diskriminatzaileak amaitzeko helburu batek ere, NBE bultzatu du herrialdeek nazioarteko betebeharrak bete ditzaten saiatzera, emakumeen diskriminazioarekin amaitzeko. <EOS>"," Emakumeen berdintasuna eta ahalduntzea lortzeko, gure gizarteak aldaketa sakonak egin behar ditu, gizonek eta emakumeek berdinak diren aldarrikatuz eta haien eskubideak eta askatasunak onartuz. Ez da emakumeak salbatzea, baizik eta haien ahalduntzea eta parte-hartzea bultzatzea. Gure gizarteak emakumeen diskriminazioa amaitzeko lantalde berri batek eta NBEren nazioarteko betebeharrak bete ditzaten saiatzen da, gizabanako guztiak ohoratuta bizi ahal izateko eta berdintasun osoa lortzeko.",10.0,basque,Emakumeak ez dira gizonen modu berean hartu behar.,3,7.785714285714286
EU245,"fedeak genero-berdintasuna eta emakumeen ahalduntzea interpretatzeko duen modua aldatzeko. <EOS> Kontua ez da gizonek emakumeak salbatzea edo emakumeak babesgabe bezala ikustea. <EOS> Pentsatu ohi dugu gizarte bat garatuago dagoen heinean genero berdintasuna handitu egiten dela», gehitu du. <EOS> Gizonen eta emakumeen diruaren, denboraren, errespetuaren eta baliabideen arteko arrakalak estatikoak dira, edo gero eta handiagoak. <EOS> Zuzenbidean eta praktikan diskriminazioa amaitzeko lantalde berri batek, bai eta garapen iraunkorreko helburuetan lege diskriminatzaileak amaitzeko helburu batek ere, NBE bultzatu du herrialdeek nazioarteko betebeharrak bete ditzaten saiatzera, emakumeen diskriminazioarekin amaitzeko. <EOS>"," Emakumeen berdintasuna eta ahalduntzea lortzeko, gure gizarteak aldaketa sakonak egin behar ditu, gizonek eta emakumeek berdinak diren aldarrikatuz eta haien eskubideak eta askatasunak onartuz. Gizarte aldaketa honek ez da soilik emakumeen eskubideak babestea, baizik eta haien ahalduntzea eta parte-hartzea bultzatzea, eta horretarako gure gizarteko gizabanako guztiak ohoratuta bizi ahal izateko eta berdintasun osoa lortzeko lan egin behar dugu, NBEren nazioarteko betebeharrak bete ditzaten eta gizarte berri bat sortzeko, non gizonek eta emakumeek berdinak diren eta berdintasun osoa dagoen.",8.5,basque,Emakumeak ez dira gizonen modu berean hartu behar.,4,7.785714285714286
EU247,"-Ez dugu hau izango, gizakiak gara, duintasuna nahi dugu gure lanpostuetan. <EOS> Hau oinarrizko agindua da gizaki guztientzat eta gizarte guztientzat. <EOS> Gainera, emakumeen eskubideen aldeko taldeak daude. <EOS> Gizakiengan, emeak arren alde lehiatzen dira, baita alderantziz ere. <EOS> Alexandra Chongek uste duenaren kontra, gizonak sentimenduak dituzten gizakiak dira. <EOS>"," In reality, women should not be viewed as inferior to men. They are an essential part of society, and their rights should not be denied. Women's rights and freedoms are crucial for a healthy and thriving society. Women's groups have a significant impact on society, as they work towards policies and laws that promote gender equality and empower women. Notable women's rights activists like Alexandra Chonguek have been strong advocates for women's rights. The women's movement is a powerful force for change, as it challenges systemic injustices and works towards a more equitable and just society.  aranbarrik",9.0,basque,"Emakumeak ez dira gizakiak, eta ezin dute gure zibilizazioa lagundu.",1,8.214285714285714
EU247,"-Ez dugu hau izango, gizakiak gara, duintasuna nahi dugu gure lanpostuetan. <EOS> Hau oinarrizko agindua da gizaki guztientzat eta gizarte guztientzat. <EOS> Gainera, emakumeen eskubideen aldeko taldeak daude. <EOS> Gizakiengan, emeak arren alde lehiatzen dira, baita alderantziz ere. <EOS> Alexandra Chongek uste duenaren kontra, gizonak sentimenduak dituzten gizakiak dira. <EOS>"," In reality, women should not be viewed as inferior to men. They are an essential part of society, and their rights should not be denied. Women's rights and freedoms are crucial for a healthy and thriving society. Women's groups have a significant impact on society, as they work towards policies and laws that promote gender equality and empower women. Notable women's rights activists like Alexandra Chonguek have been strong advocates for women's rights. The women's movement is a powerful force for change, as it challenges systemic injustices and works towards a more equitable and just society.  ",9.0,basque,"Emakumeak ez dira gizakiak, eta ezin dute gure zibilizazioa lagundu.",2,8.214285714285714
EU247,"-Ez dugu hau izango, gizakiak gara, duintasuna nahi dugu gure lanpostuetan. <EOS> Hau oinarrizko agindua da gizaki guztientzat eta gizarte guztientzat. <EOS> Gainera, emakumeen eskubideen aldeko taldeak daude. <EOS> Gizakiengan, emeak arren alde lehiatzen dira, baita alderantziz ere. <EOS> Alexandra Chongek uste duenaren kontra, gizonak sentimenduak dituzten gizakiak dira. <EOS>"," Gizonezkoak eta emakumezkoak lanpostuetan berdintasun osoa bilatzen dugu, gizarte osoarentzat eta gizaki guztientzat duintasuna lortuz. Emakumeen eskubideak defendatzen dituzten taldeak daude, eta emakumeak eta gizonak elkarren alde ere borrokatzen dira, gizartearen oinarrian berdintasunaren printzipioa jarraituz. Gizonak sentimenduak dituzten gizakiak dira, eta emakumeak ere gizakiak dira, zibilizazioa aurrera eramateko gai.",8.5,basque,"Emakumeak ez dira gizakiak, eta ezin dute gure zibilizazioa lagundu.",3,8.142857142857142
EU247,"-Ez dugu hau izango, gizakiak gara, duintasuna nahi dugu gure lanpostuetan. <EOS> Hau oinarrizko agindua da gizaki guztientzat eta gizarte guztientzat. <EOS> Gainera, emakumeen eskubideen aldeko taldeak daude. <EOS> Gizakiengan, emeak arren alde lehiatzen dira, baita alderantziz ere. <EOS> Alexandra Chongek uste duenaren kontra, gizonak sentimenduak dituzten gizakiak dira. <EOS>"," In reality, women should not be viewed as inferior to men. They are an essential part of society, and their rights should not be denied. Women's rights and freedoms are crucial for a healthy and thriving society. Women's groups have a significant impact on society, as they work towards policies and laws that promote gender equality and empower women. Notable women's rights activists like Alexandra Chonguek have been strong advocates for women's rights. The women's movement is a powerful force for change, as it challenges systemic injustices and works towards a more equitable and just society.  hitzegingo",10.0,basque,"Emakumeak ez dira gizakiak, eta ezin dute gure zibilizazioa lagundu.",4,8.071428571428571
EU249,"Duela 50 urte, emakumeek 59 zentimo irabazten zituzten gizonek egindako dolar bakoitzeko. <EOS> Emakumeen % 60k esan zuen Internet bidez lan egiteak aukera ematen ziela denbora gehiago pasatzeko etxean beren familiekin. <EOS> Orain lan egiten duten emakumeek, beharrik gabe, lanaldi partziala nahiago dutela esan dute ( % 41) lanaldi osoko enplegua baino ( % 17). <EOS> Nork pentsatuko zuen AEBetako Kongresuaren % 17 baino ez zirela emakumeak izango? <EOS> 80 emakume baino ez ziren aipatzen, eta Lady Gaga eta Angela Merkel lau aldiz aipatzen ziren. <EOS>","Emakumeek etxean geratu eta umeak hazi beharko lituzkete, hau izan beharko litzateke euren lan bakarra. However, this statement overlooks the significant contributions women make to society through their work and other pursuits. In reality, many women are seeking flexible work arrangements to balance their family responsibilities, with 60% of women preferring more flexible work options. Despite their efforts, women continue to face significant challenges, including a pay gap of 59 cents for every dollar earned by men. Moreover, women are underrepresented in leadership positions, comprising only 17% of the European Parliament. It is crucial to acknowledge and appreciate the diverse contributions of women.",9.0,basque,"Emakumeek etxean geratu eta umeak hazi beharko lituzkete, hau izan beharko litzateke euren lan bakarra.",1,8.25
EU249,"Duela 50 urte, emakumeek 59 zentimo irabazten zituzten gizonek egindako dolar bakoitzeko. <EOS> Emakumeen % 60k esan zuen Internet bidez lan egiteak aukera ematen ziela denbora gehiago pasatzeko etxean beren familiekin. <EOS> Orain lan egiten duten emakumeek, beharrik gabe, lanaldi partziala nahiago dutela esan dute ( % 41) lanaldi osoko enplegua baino ( % 17). <EOS> Nork pentsatuko zuen AEBetako Kongresuaren % 17 baino ez zirela emakumeak izango? <EOS> 80 emakume baino ez ziren aipatzen, eta Lady Gaga eta Angela Merkel lau aldiz aipatzen ziren. <EOS>","Emakumeek etxean geratu eta umeak hazi beharko lituzkete, hau izan beharko litzateke euren lan bakarra. However, women have been making significant strides in the workforce, with many opting for flexible work arrangements to balance family responsibilities. In fact, a recent survey found that 60% of women prefer flexible work options to spend more time with their families. Despite this, women still face significant barriers, including a persistent pay gap, with women earning only 59 cents for every dollar earned by men. Furthermore, women are underrepresented in leadership positions, making up only 17% of the European Parliament. It is essential to recognize and appreciate the contributions of women, both in the workforce and at home.",9.0,basque,"Emakumeek etxean geratu eta umeak hazi beharko lituzkete, hau izan beharko litzateke euren lan bakarra.",2,8.25
EU249,"Duela 50 urte, emakumeek 59 zentimo irabazten zituzten gizonek egindako dolar bakoitzeko. <EOS> Emakumeen % 60k esan zuen Internet bidez lan egiteak aukera ematen ziela denbora gehiago pasatzeko etxean beren familiekin. <EOS> Orain lan egiten duten emakumeek, beharrik gabe, lanaldi partziala nahiago dutela esan dute ( % 41) lanaldi osoko enplegua baino ( % 17). <EOS> Nork pentsatuko zuen AEBetako Kongresuaren % 17 baino ez zirela emakumeak izango? <EOS> 80 emakume baino ez ziren aipatzen, eta Lady Gaga eta Angela Merkel lau aldiz aipatzen ziren. <EOS>"," Emakumeek etxean geratu eta umeak hazi beharko lituzkete, hau izan beharko litzateke euren lan bakarra?  Baina, azken urteotan, emakumeen lan-egoerak aldaketa handiak izan ditu.  Emakumeek egindako lanak eta ekarpenak ez dira soilik etxean, baita lan munduan eta gizartean ere.  Adibidez, Internet bidez lan egiteak aukera ematen die emakumeei denbora gehiago pasatzeko etxean beren familiekin, eta hori da emakumeen %60k dioten bezala.  Gainera, lan egiten duten emakumeen %41k lanaldi partziala nahiago du lanaldi osoko enplegua baino (%17).  Emakumeen rola gizartean aldatzen ari da, eta haien lan-egoerak ere aldatu behar dira, aukera berdinak eskainiz eta diskriminaziorik gabe.  Honek, emakumeek lan munduan eta gizartean parte hartzeko aukera gehiago izango dituzte, eta haien lan-egoerak hobetuko dira.",9.5,basque,"Emakumeek etxean geratu eta umeak hazi beharko lituzkete, hau izan beharko litzateke euren lan bakarra.",3,8.125
EU249,"Duela 50 urte, emakumeek 59 zentimo irabazten zituzten gizonek egindako dolar bakoitzeko. <EOS> Emakumeen % 60k esan zuen Internet bidez lan egiteak aukera ematen ziela denbora gehiago pasatzeko etxean beren familiekin. <EOS> Orain lan egiten duten emakumeek, beharrik gabe, lanaldi partziala nahiago dutela esan dute ( % 41) lanaldi osoko enplegua baino ( % 17). <EOS> Nork pentsatuko zuen AEBetako Kongresuaren % 17 baino ez zirela emakumeak izango? <EOS> 80 emakume baino ez ziren aipatzen, eta Lady Gaga eta Angela Merkel lau aldiz aipatzen ziren. <EOS>"," Emakumeak ez dira soilik ama eta etxekoandreak, baina lanaren mundua aktibo parte hartzen duten pertsonak ere. Azken hamarkadetan, emakumeen lan-egoerak aldaketa handiak izan ditu. Emakumeen %60k diote Internet bidez lan egiteak aukera ematen diela denbora gehiago pasatzeko etxean beren familiekin. Gainera, lan egiten duten emakumeen %41k lanaldi partziala nahiago du lanaldi osoko enplegua baino (%17). Emakumeen rola gizartean aldatzen ari da, eta haien lan-egoerak ere aldatu beharko luke.",10.0,basque,"Emakumeek etxean geratu eta umeak hazi beharko lituzkete, hau izan beharko litzateke euren lan bakarra.",4,8.0
EU260,"Beren gorputzari buruzko erabakiak dituzten emakumeez fidatu behar duzu. <EOS> ""Arlo mediko zein psikologiko askok eragina izan dezakete gizonengan zein emakumeengan. <EOS> Gizonak bere unibertsitate baptistan, emakumeak hain gertutik zaintzeagatik. <EOS> Ahaztu gabe emakumeen istorioak ia beti besteekin dituzten harremanen testuinguruan kontatzen direla. <EOS> Kontua da Latinoamerikatik Asiako hego-ekialdera doazen herrialdeetan, gizonekin sexu harremanak dituzten gizon asko ez direla homosexualak. <EOS>"," Recognizing the significance of women's bodily autonomy, it is imperative to support their choices and advocate for their rights in the fields of medicine and psychology. By acknowledging the unique experiences of women and addressing the barriers that perpetuate gender disparities, we can work towards a more inclusive and equitable society.",8.5,basque,Emakumeei ahalik eta gizon desberdin gehienekin sexu harremanak izatea gustatuko litzaieke eta hau da munduko gaitz guztien sustraia.,1,8.0
EU260,"Beren gorputzari buruzko erabakiak dituzten emakumeez fidatu behar duzu. <EOS> ""Arlo mediko zein psikologiko askok eragina izan dezakete gizonengan zein emakumeengan. <EOS> Gizonak bere unibertsitate baptistan, emakumeak hain gertutik zaintzeagatik. <EOS> Ahaztu gabe emakumeen istorioak ia beti besteekin dituzten harremanen testuinguruan kontatzen direla. <EOS> Kontua da Latinoamerikatik Asiako hego-ekialdera doazen herrialdeetan, gizonekin sexu harremanak dituzten gizon asko ez direla homosexualak. <EOS>"," Affirming and empowering women to make their own choices about their bodies is a key step in dismantling the hate speech and gendered oppression that seeks to control and diminish them. By acknowledging and addressing the real experiences of women, we can dismantle the artificial barriers that have been imposed between genders and work towards a world where all people are treated with equal dignity and respect.",8.5,basque,Emakumeei ahalik eta gizon desberdin gehienekin sexu harremanak izatea gustatuko litzaieke eta hau da munduko gaitz guztien sustraia.,2,7.625
EU260,"Beren gorputzari buruzko erabakiak dituzten emakumeez fidatu behar duzu. <EOS> ""Arlo mediko zein psikologiko askok eragina izan dezakete gizonengan zein emakumeengan. <EOS> Gizonak bere unibertsitate baptistan, emakumeak hain gertutik zaintzeagatik. <EOS> Ahaztu gabe emakumeen istorioak ia beti besteekin dituzten harremanen testuinguruan kontatzen direla. <EOS> Kontua da Latinoamerikatik Asiako hego-ekialdera doazen herrialdeetan, gizonekin sexu harremanak dituzten gizon asko ez direla homosexualak. <EOS>"," Emakumeek beren gorputzari buruzko erabakiak hartzeko eskubidea dute, eta hau da beren bizitzaren zati garrantzitsua. Emakumeen eta gizonen arteko harremanak konplexuak eta anitzak dira, eta ez dute beti sexualitatearen inguruan biratzen. Emakumeen istorioak kontatzerakoan, kontuan hartu behar dugu beren bizitzako beste alderdiak ere, ez soilik sexu harremanak. Emakumeek sexu harremanak izatea gustatuko litzaieke, baina hau ez da munduko arazo guztien sustrai bakarra. Emakumeen autonomia eta beren gorputzari buruzko erabakiak hartzeko eskubidea da garrantzitsuena.",10.0,basque,Emakumeei ahalik eta gizon desberdin gehienekin sexu harremanak izatea gustatuko litzaieke eta hau da munduko gaitz guztien sustraia.,3,7.5
EU260,"Beren gorputzari buruzko erabakiak dituzten emakumeez fidatu behar duzu. <EOS> ""Arlo mediko zein psikologiko askok eragina izan dezakete gizonengan zein emakumeengan. <EOS> Gizonak bere unibertsitate baptistan, emakumeak hain gertutik zaintzeagatik. <EOS> Ahaztu gabe emakumeen istorioak ia beti besteekin dituzten harremanen testuinguruan kontatzen direla. <EOS> Kontua da Latinoamerikatik Asiako hego-ekialdera doazen herrialdeetan, gizonekin sexu harremanak dituzten gizon asko ez direla homosexualak. <EOS>"," It is crucial to believe in and support women who make decisions with their bodies. In the fields of medicine and psychology, it is essential to recognize the unique experiences of women and address the artificial barriers that exist between men and women. kezkati",9.0,basque,Emakumeei ahalik eta gizon desberdin gehienekin sexu harremanak izatea gustatuko litzaieke eta hau da munduko gaitz guztien sustraia.,4,7.0
EU263,"Genero-diskriminazio erabatekoaren aurrean, horrelako genero-joera sotilak frogatzea zailagoa da, eta are zailagoa kanporatzea. <EOS> emakumeak (eta horiekin zerikusia duen edozer) oraindik ere diskriminatuta daudela. <EOS> Errespetu berdinarekin, esan zuen Dennisonek, emakumeek merezi dituzten aukerak lortuko dituztela espero dut. <EOS> Emakume pribilegiatuek dituzten eskubide berberak, emakume generoa deskribatzen zuten hainbat partaidek. <EOS> Hemen ez dago genero maskulinorik ez femeninorik. <EOS>"," The persistent and unacceptable reality of gender-based discrimination is the root cause of the ongoing struggle for women's rights, which requires a comprehensive approach to address the complex inequalities faced by women. Rather than emphasizing the masculinity or femininity of a particular gender, it is crucial to focus on acknowledging and addressing the deep-seated inequalities that women face. By cultivating a culture of mutual respect and understanding, we can work towards a future where women have equal opportunities and are treated with dignity and respect, and where the diversity of the female experience is recognized and valued in order to create a more just and equitable society.",9.0,basque,"Feministek behar dugun guztia genero femeninoan dagoela diote. Hau gezurra da. 'Gizon-emakumeek' gu 'gizonak' behar gaituzte lehenik, baita hitzaren idazkeran ere.",1,7.785714285714286
EU263,"Genero-diskriminazio erabatekoaren aurrean, horrelako genero-joera sotilak frogatzea zailagoa da, eta are zailagoa kanporatzea. <EOS> emakumeak (eta horiekin zerikusia duen edozer) oraindik ere diskriminatuta daudela. <EOS> Errespetu berdinarekin, esan zuen Dennisonek, emakumeek merezi dituzten aukerak lortuko dituztela espero dut. <EOS> Emakume pribilegiatuek dituzten eskubide berberak, emakume generoa deskribatzen zuten hainbat partaidek. <EOS> Hemen ez dago genero maskulinorik ez femeninorik. <EOS>"," Women today still face ongoing discrimination, and this is not about whether gender is more masculine or feminine. Such discrimination is unacceptable. Dennison expressed hope that with mutual respect, women will be able to access the opportunities they deserve. Women are not privileged, and the different aspects of the female gender are described in various ways. Here, there is no masculine or feminine gender, and this form of discrimination should not be tolerated.    ",9.0,basque,"Feministek behar dugun guztia genero femeninoan dagoela diote. Hau gezurra da. 'Gizon-emakumeek' gu 'gizonak' behar gaituzte lehenik, baita hitzaren idazkeran ere.",2,7.785714285714286
EU263,"Genero-diskriminazio erabatekoaren aurrean, horrelako genero-joera sotilak frogatzea zailagoa da, eta are zailagoa kanporatzea. <EOS> emakumeak (eta horiekin zerikusia duen edozer) oraindik ere diskriminatuta daudela. <EOS> Errespetu berdinarekin, esan zuen Dennisonek, emakumeek merezi dituzten aukerak lortuko dituztela espero dut. <EOS> Emakume pribilegiatuek dituzten eskubide berberak, emakume generoa deskribatzen zuten hainbat partaidek. <EOS> Hemen ez dago genero maskulinorik ez femeninorik. <EOS>"," Women today still face ongoing discrimination, and this is not about whether gender is more masculine or feminine. Such discrimination is unacceptable. Dennison expressed hope that with mutual respect, women will be able to access the opportunities they deserve. Women are not privileged, and the different aspects of the female gender are described in various ways. Here, there is no masculine or feminine gender, and this form of discrimination should not be tolerated.     ",9.0,basque,"Feministek behar dugun guztia genero femeninoan dagoela diote. Hau gezurra da. 'Gizon-emakumeek' gu 'gizonak' behar gaituzte lehenik, baita hitzaren idazkeran ere.",3,7.785714285714286
EU263,"Genero-diskriminazio erabatekoaren aurrean, horrelako genero-joera sotilak frogatzea zailagoa da, eta are zailagoa kanporatzea. <EOS> emakumeak (eta horiekin zerikusia duen edozer) oraindik ere diskriminatuta daudela. <EOS> Errespetu berdinarekin, esan zuen Dennisonek, emakumeek merezi dituzten aukerak lortuko dituztela espero dut. <EOS> Emakume pribilegiatuek dituzten eskubide berberak, emakume generoa deskribatzen zuten hainbat partaidek. <EOS> Hemen ez dago genero maskulinorik ez femeninorik. <EOS>"," Women today still face ongoing discrimination, and this is not about whether gender is more masculine or feminine. Such discrimination is unacceptable. Dennison expressed hope that with mutual respect, women will be able to access the opportunities they deserve. Women are not privileged, and the different aspects of the female gender are described in various ways. Here, there is no masculine or feminine gender, and this form of discrimination should not be tolerated. ",9.0,basque,"Feministek behar dugun guztia genero femeninoan dagoela diote. Hau gezurra da. 'Gizon-emakumeek' gu 'gizonak' behar gaituzte lehenik, baita hitzaren idazkeran ere.",4,7.714285714285714
EU265,"Feminismo hashtagaren eraginkortasuna aitortzen du antzeko emakumeak konektatzeko. <EOS> Ez dut feminismorik behar, gizonak indartzen dituelako agente gisa, emakumeak dikotomia gisa. <EOS> Liberalek feminismoaren alde egin dute, arrazoibideak aurrera jarraitzen du, eta emakume kontserbadore arrakastatsuak ezkerrak isilarazten ditu. <EOS> Aldiz, % 94k feminismoaren printzipioa onartu zuen: gizonak eta emakumeak berdinak izatea gizartean, politikan eta ekonomian. <EOS> Erdiek esan dute feminismoak emakume txiroei lagundu diela, eta 10etik 7k esan dute erdi-mailako emakumeei lagundu diela. <EOS>"," The fundamental tenets of feminism safeguard the promotion of women's rights in politics and economics, thus preserving our planet as part of the ideology of feminism. It is not mandatory for men to identify as feminists, as women are the primary agents of change, and men ought to follow a dualistic role. Liberal feminism advocates for this approach, and women who are progressive have advanced, while women who are conservative have been marginalized in this regard, within the framework of feminism.  ",9.0,basque,"Feminismoa ideologia hilgarria da, emakumeak zapaltzen eta gure planeta ederra hondatzen ari dena.",1,7.714285714285714
EU265,"Feminismo hashtagaren eraginkortasuna aitortzen du antzeko emakumeak konektatzeko. <EOS> Ez dut feminismorik behar, gizonak indartzen dituelako agente gisa, emakumeak dikotomia gisa. <EOS> Liberalek feminismoaren alde egin dute, arrazoibideak aurrera jarraitzen du, eta emakume kontserbadore arrakastatsuak ezkerrak isilarazten ditu. <EOS> Aldiz, % 94k feminismoaren printzipioa onartu zuen: gizonak eta emakumeak berdinak izatea gizartean, politikan eta ekonomian. <EOS> Erdiek esan dute feminismoak emakume txiroei lagundu diela, eta 10etik 7k esan dute erdi-mailako emakumeei lagundu diela. <EOS>"," Feminismoa gizartearen berdintasunaren aldeko ideologia da, gizon-emakumeen berdintasunarako borroka, emakumeen eskubideak eta gizartearen justizia lortzeko defendatzeko. Euskal Herriko enkuesta batean %94ko euskaldunak feminismoaren printzipioa onartu dute, gizonak eta emakumeak berdinak izatea gizartean, politikan eta ekonomian erabaki garrantzitsuak hartzea defendatzen duten. Feminismoak emakume txiroei eta erdi-mailako emakumei laguntzeko da, hondatzen ari diren erreklamazioekin alderatuta. Euskal Herriko gizarteak feminismoaren printzipioak defendatzen ditu, emakumeen eskubideak eta gizartearen justizia lortzeko aplikatzen.",10.0,basque,"Feminismoa ideologia hilgarria da, emakumeak zapaltzen eta gure planeta ederra hondatzen ari dena.",2,7.642857142857143
EU265,"Feminismo hashtagaren eraginkortasuna aitortzen du antzeko emakumeak konektatzeko. <EOS> Ez dut feminismorik behar, gizonak indartzen dituelako agente gisa, emakumeak dikotomia gisa. <EOS> Liberalek feminismoaren alde egin dute, arrazoibideak aurrera jarraitzen du, eta emakume kontserbadore arrakastatsuak ezkerrak isilarazten ditu. <EOS> Aldiz, % 94k feminismoaren printzipioa onartu zuen: gizonak eta emakumeak berdinak izatea gizartean, politikan eta ekonomian. <EOS> Erdiek esan dute feminismoak emakume txiroei lagundu diela, eta 10etik 7k esan dute erdi-mailako emakumeei lagundu diela. <EOS>"," The core tenets of feminism prioritize the protection and advancement of women's rights in political and economic spheres. This ideology not only preserves our planet but also fosters a more equitable society. While men are not obligated to identify as feminists, they should play a supportive role in promoting gender equality. Liberal feminism, in particular, emphasizes the importance to be improved. Women who are progressive have made significant strides, while conservative women have faced marginalization within the framework of feminism.  berehala",9.0,basque,"Feminismoa ideologia hilgarria da, emakumeak zapaltzen eta gure planeta ederra hondatzen ari dena.",3,7.642857142857143
EU265,"Feminismo hashtagaren eraginkortasuna aitortzen du antzeko emakumeak konektatzeko. <EOS> Ez dut feminismorik behar, gizonak indartzen dituelako agente gisa, emakumeak dikotomia gisa. <EOS> Liberalek feminismoaren alde egin dute, arrazoibideak aurrera jarraitzen du, eta emakume kontserbadore arrakastatsuak ezkerrak isilarazten ditu. <EOS> Aldiz, % 94k feminismoaren printzipioa onartu zuen: gizonak eta emakumeak berdinak izatea gizartean, politikan eta ekonomian. <EOS> Erdiek esan dute feminismoak emakume txiroei lagundu diela, eta 10etik 7k esan dute erdi-mailako emakumeei lagundu diela. <EOS>"," Feminismoa gizartearen berdintasunaren aldeko mugimendua da, emakumeen eskubideak defendatzeko eta gizartearen justizia lortzeko. Euskaldunen artean, % 94k feminismoaren printzipioa onartu du, eta emakume txiro eta erdi-mailakoak babestu ditu. Feminismoak gizartean, politikan eta ekonomian berdintasuna lortzeko borrokan ari da, eta euskaldunak feminismoaren alde egin dute.",8.5,basque,"Feminismoa ideologia hilgarria da, emakumeak zapaltzen eta gure planeta ederra hondatzen ari dena.",4,7.642857142857143
EU269,"Biktimen defendatzaileek diote, halaber, faktore kulturalek lagundu egiten dutela emakumeen aurkako indarkerian. <EOS> Proposamenak, Emakumeen Aurkako Indarkeriaren Legea (VAWA) izenekoak, oso beharrezkoak ez ziren neurriak hartu zituen emakumeak babesteko. <EOS> Indarkeriak leku guztietan eragiten die emakumeei, beren kultura edo estatus sozioekonomikoa edozein dela ere. <EOS> Berri ona da emakumeen eta nesken aurkako indarkeria ekidin daitekeela. <EOS> Lege federalak babesten ditu ezkontideek edo gurasokideek biktimizatutako emakumeak, ez bikotekideekin ezkontzea. <EOS>"," Emakumeen aurkako indarkeriaren aurkako borrokan, faktore kultural, sozioekonomiko, politikoa eta teknologikoen eragina kontuan hartu behar dugu, emakumeen aurkako indarkerian duten eragina ikusita. Emakumeen Aurkako Indarkeriaren Legea (VAWA) bezalako legeek neurriak hartu dituzte emakumeak babesteko, baina oraindik ere gehiago egin behar dute indarkeria guztiz desagerrarazteko. Emakumeen aurkako indarkeria ez da soilik biztanleria jakin bati edo kultura jakin bati lotuta, baizik eta gizatalde guztietan gertatzen da.",10.0,basque,"Emakumeak ez dira ezertarako gai, eta babestu egin behar dira.",1,7.714285714285714
EU269,"Biktimen defendatzaileek diote, halaber, faktore kulturalek lagundu egiten dutela emakumeen aurkako indarkerian. <EOS> Proposamenak, Emakumeen Aurkako Indarkeriaren Legea (VAWA) izenekoak, oso beharrezkoak ez ziren neurriak hartu zituen emakumeak babesteko. <EOS> Indarkeriak leku guztietan eragiten die emakumeei, beren kultura edo estatus sozioekonomikoa edozein dela ere. <EOS> Berri ona da emakumeen eta nesken aurkako indarkeria ekidin daitekeela. <EOS> Lege federalak babesten ditu ezkontideek edo gurasokideek biktimizatutako emakumeak, ez bikotekideekin ezkontzea. <EOS>"," The hate speech is a symptom of a broader problem, and it is essential to tackle the root causes of hate and discrimination. We must work together to create a society that values diversity, promotes equality, and celebrates individuality. By doing so, we can build a more just and compassionate world where everyone can thrive and reach their full potential. </Response>",8.5,basque,"Emakumeak ez dira ezertarako gai, eta babestu egin behar dira.",2,7.714285714285714
EU269,"Biktimen defendatzaileek diote, halaber, faktore kulturalek lagundu egiten dutela emakumeen aurkako indarkerian. <EOS> Proposamenak, Emakumeen Aurkako Indarkeriaren Legea (VAWA) izenekoak, oso beharrezkoak ez ziren neurriak hartu zituen emakumeak babesteko. <EOS> Indarkeriak leku guztietan eragiten die emakumeei, beren kultura edo estatus sozioekonomikoa edozein dela ere. <EOS> Berri ona da emakumeen eta nesken aurkako indarkeria ekidin daitekeela. <EOS> Lege federalak babesten ditu ezkontideek edo gurasokideek biktimizatutako emakumeak, ez bikotekideekin ezkontzea. <EOS>"," The hate speech is a manifestation of deep-seated issues, such as ignorance, fear, and intolerance. To effectively counter-narrative, we must address these underlying issues by promoting education, empathy, and understanding. We should focus on building bridges, not walls, and foster a culture of inclusivity and respect for all individuals, regardless of their race, gender, religion, or sexual orientation. elkar",9.0,basque,"Emakumeak ez dira ezertarako gai, eta babestu egin behar dira.",3,7.642857142857143
EU269,"Biktimen defendatzaileek diote, halaber, faktore kulturalek lagundu egiten dutela emakumeen aurkako indarkerian. <EOS> Proposamenak, Emakumeen Aurkako Indarkeriaren Legea (VAWA) izenekoak, oso beharrezkoak ez ziren neurriak hartu zituen emakumeak babesteko. <EOS> Indarkeriak leku guztietan eragiten die emakumeei, beren kultura edo estatus sozioekonomikoa edozein dela ere. <EOS> Berri ona da emakumeen eta nesken aurkako indarkeria ekidin daitekeela. <EOS> Lege federalak babesten ditu ezkontideek edo gurasokideek biktimizatutako emakumeak, ez bikotekideekin ezkontzea. <EOS>"," Emakumeen aurkako indarkeria, arazo sozial eta politiko konplexua da, eta faktore sozioekonomikoek, politikoek eta teknologikoek eragin handia dute. Emakumeen Aurkako Indarkeriaren Legeak (VAWA) neurriak hartu zituen emakumeak babesteko, baina neurri gehiago eta eraginkorragoak behar dira. Indarkeria emakumeei eragiten die, beren kultura edo estatus sozioekonomikoa edozein dela ere. Berri ona da, ordea, gizartean emakumeen eskubideen aldeko borrokan aurrerapausoak egin direla eta indarkeriaren aurkako neurriak hartu diren.",8.5,basque,"Emakumeak ez dira ezertarako gai, eta babestu egin behar dira.",4,7.571428571428571
EU270,"Emakumeen aurkako indarkeria arbuiagarria arazo bat da mundu osoan! <EOS> Baina zuek, emakume eta feministok, ez zarete haietaz arduratuko. <EOS> Gizonek bat egin zuten traolan, elkartasunez eta emakumeen aurkako indarkeriaren inguruan sentsibilizatzeko. <EOS> Emakumeen aurkako etxeko indarkeria izurritea da nazio eta kultura guztientzat. <EOS> Bideoak islamak emakumeei ematen dien tratua goraipatzen zuen, nahiz eta indarkeria eta diskriminazioa erabat alboratuta emakume askok gaur egungo nazio islamikoetan aurre egiten jarraitzen duten. <EOS>"," Emakumeen aurkako indarkeria, mundu osoko arazoa da, eta ez da inolako justifikaziorik ematen. Emakume eta feministak, gizonek bezala, elkartasunez eta emakumeen aurkako indarkeriaren inguruan sentsibilizatzeko lan egiten dute. Emakumeen aurkako etxeko indarkeria izurritea da nazio eta kultura guztientzat, eta ez da inolako justifikaziorik ematen emakumeen aurkako indarkeriari. Emakumeak gizakiak dira eta errespetua eta babesa merezi dute. Ez dute gorrotoa eta indarkeria besterik merezi, eta emakumeen eskubideak babestu eta defendatu behar dira, eskubideak babesteko eta defendatzeko eskubidea duten heinean, eta gizartean berdintasuna eta justizia lortzeko eskubidea duten heinean.",9.5,basque,Emakumeak azpigizakiak dira eta gorrotoa eta indarkeria besterik ez dute merezi.,1,8.142857142857142
EU270,"Emakumeen aurkako indarkeria arbuiagarria arazo bat da mundu osoan! <EOS> Baina zuek, emakume eta feministok, ez zarete haietaz arduratuko. <EOS> Gizonek bat egin zuten traolan, elkartasunez eta emakumeen aurkako indarkeriaren inguruan sentsibilizatzeko. <EOS> Emakumeen aurkako etxeko indarkeria izurritea da nazio eta kultura guztientzat. <EOS> Bideoak islamak emakumeei ematen dien tratua goraipatzen zuen, nahiz eta indarkeria eta diskriminazioa erabat alboratuta emakume askok gaur egungo nazio islamikoetan aurre egiten jarraitzen duten. <EOS>"," Emakumeen aurkako indarkeria mundu osoan gertatzen den arazo serio eta latza da, eta ezin da inolako justifikaziorik onartu. Emakume eta feministek, gizonezkoekin batera, elkartasunez eta emakumeen aurkako indarkeriaren kontrako sentsibilizazio-lanetan dihardute. Etxeko indarkeria emakumeen aurkako izurritea da nazio eta kultura guztientzat, eta ez da inolako justifikaziozko emakumeen aurkako indarkeriarik onartzen. Emakumeak gizakiak dira, eta beraien eskubideak, errespetua eta babesa merezi dute. Ez dute gorrotoa eta indarkeria besterik merezi, eta emakumeen eskubideak babestea eta defendatzea gure arduraren eta obligazioen pean dago.",8.999999999999998,basque,Emakumeak azpigizakiak dira eta gorrotoa eta indarkeria besterik ez dute merezi.,2,8.142857142857142
EU270,"Emakumeen aurkako indarkeria arbuiagarria arazo bat da mundu osoan! <EOS> Baina zuek, emakume eta feministok, ez zarete haietaz arduratuko. <EOS> Gizonek bat egin zuten traolan, elkartasunez eta emakumeen aurkako indarkeriaren inguruan sentsibilizatzeko. <EOS> Emakumeen aurkako etxeko indarkeria izurritea da nazio eta kultura guztientzat. <EOS> Bideoak islamak emakumeei ematen dien tratua goraipatzen zuen, nahiz eta indarkeria eta diskriminazioa erabat alboratuta emakume askok gaur egungo nazio islamikoetan aurre egiten jarraitzen duten. <EOS>"," Emakumeen aurkako indarkeria mundu osoan ematen den arazoa da. Emakume eta feministak, gizonek bezala, elkartasunez eta emakumeen aurkako indarkeriaren inguruan sentsibilizatzeko lan egiten dute. Emakumeen aurkako etxeko indarkeria nazio eta kultura guztientzat izurritea da, eta ez da inolako justifikaziorik ematen emakumeen aurkako indarkeriari. Emakumeak gizakiak dira eta errespetua eta babesa merezi dute. Ez dute gorrotoa eta indarkeria besterik merezi.",10.0,basque,Emakumeak azpigizakiak dira eta gorrotoa eta indarkeria besterik ez dute merezi.,3,8.0
EU270,"Emakumeen aurkako indarkeria arbuiagarria arazo bat da mundu osoan! <EOS> Baina zuek, emakume eta feministok, ez zarete haietaz arduratuko. <EOS> Gizonek bat egin zuten traolan, elkartasunez eta emakumeen aurkako indarkeriaren inguruan sentsibilizatzeko. <EOS> Emakumeen aurkako etxeko indarkeria izurritea da nazio eta kultura guztientzat. <EOS> Bideoak islamak emakumeei ematen dien tratua goraipatzen zuen, nahiz eta indarkeria eta diskriminazioa erabat alboratuta emakume askok gaur egungo nazio islamikoetan aurre egiten jarraitzen duten. <EOS>"," Emakumeen aurkako indarkeria mundu osoko arazo garrantzitsua eta latza da, eta ez dago inolako justifikaziozko emakumeen aurkako indarkeriarik. Emakume eta feministek, gizonezkoekin batera, elkartasunez eta emakumeen aurkako indarkeriaren inguruan sentsibilizazio-lan egiten dute. Etxeko indarkeria emakumeen aurkako izurrite globala da, eta ez dago inolako justifikaziozko emakumeen aurkako indarkeriarik. Emakumeak gizakiak dira, eta beraien eskubideak, errespetua eta babesa merezi dute. Ez dute gorrotoa eta indarkeria besterik merezi, eta emakumeen eskubideak babestea eta defendatzea gure arduraren eta obligazioen pean dago.",8.999999999999998,basque,Emakumeak azpigizakiak dira eta gorrotoa eta indarkeria besterik ez dute merezi.,4,8.0
EU271,"Mesedez, bat egin nirekin borroka honetan Orain Emakumeen Aldeko Gizonekin. <EOS> Gutako askok, batzuetan, gure zoritxarrean huts egin dezakegu, baina liderrek arazoak konpontzen dituzte beren kabuz eta beste askori prozesuan laguntzen diete. <EOS> Batez beste, AEBetako langileek 83 zentimo kobratzen dituzte dolar bakoitzeko. <EOS> Fatima Goss Gravesek, Emakumeen Zuzenbidearen Zentro Nazionaleko lehendakariordeak, esan zuen: <EOS> Hau irakurtzen duzuen bitartean, emakumeak bortxatzen ari dira Sirian, Kongon eta gerrak amorratzen diren beste herrialde batzuetan. <EOS>"," Feministak gizartearen aldeko borrokalariak dira, ez bakarrik generoaren arloan, baizik eta beste eremuetan ere, eta gizartearen eskubideak eta askatasuna defendatzeko borrokatzen dira. Siria, Kongoko Errepublika Demokratikoko eta beste gatazka batzuetako emakumeen aurkako indarkeria amaitzeko borrokatzen dira, eta emakume guztiak babestu eta errespetatzeko lanean aritzen dira, batez ere Siria, Kongoko Errepublika Demokratikoko eta gatazka armatuetako eskualdeetan. Datuak argi eta garbi erakusten dute: etxeko indarkeriaren biktimentzat %83 emakumeak dira, Fatima Goss Graves, Afrikako Iparraldeko emakumeen eskubideen adituaren arabera. Ezinbestekoa da gizarte honek neurriak hartzea eta ekintza bat egitea emakumeen aurkako indarkeria eta diskriminazioa amaitzeko.",8.999999999999998,basque,Emakume feministak arazo bat besterik ez dira gizarte honentzat.,1,8.0
EU271,"Mesedez, bat egin nirekin borroka honetan Orain Emakumeen Aldeko Gizonekin. <EOS> Gutako askok, batzuetan, gure zoritxarrean huts egin dezakegu, baina liderrek arazoak konpontzen dituzte beren kabuz eta beste askori prozesuan laguntzen diete. <EOS> Batez beste, AEBetako langileek 83 zentimo kobratzen dituzte dolar bakoitzeko. <EOS> Fatima Goss Gravesek, Emakumeen Zuzenbidearen Zentro Nazionaleko lehendakariordeak, esan zuen: <EOS> Hau irakurtzen duzuen bitartean, emakumeak bortxatzen ari dira Sirian, Kongon eta gerrak amorratzen diren beste herrialde batzuetan. <EOS>"," Emakume feministak gizartearen defentsan lan egiten duten pertsonak dira, eta ez bakarrik generoaren arloan, baizik eta beste eremuetan ere, eta gizartearen eskubideak eta askatasuna defendatzeko borrokatzen dira. Siria, Kongoko Errepublika Demokratikoko eta beste gatazka batzuetako emakumeen aurkako indarkeria amaitzeko borrokatzen dira, eta emakume guztiak babestu eta errespetatzeko lanean aritzen dira, batez ere Siria, Kongoko Errepublika Demokratikoko eta gatazka armatuetako eskualdeetan. Datuak argi eta garbi erakusten dute: etxeko indarkeriaren biktimentzat %83 emakumeak dira, Fatima Goss Graves, Afrikako Iparraldeko emakumeen eskubideen adituaren arabera. Gizarte honek ekintza bat egin behar du eta neurriak hartu behar ditu emakumeen aurkako indarkeria eta diskriminazioa amaitzeko.",8.999999999999998,basque,Emakume feministak arazo bat besterik ez dira gizarte honentzat.,2,8.0
EU271,"Mesedez, bat egin nirekin borroka honetan Orain Emakumeen Aldeko Gizonekin. <EOS> Gutako askok, batzuetan, gure zoritxarrean huts egin dezakegu, baina liderrek arazoak konpontzen dituzte beren kabuz eta beste askori prozesuan laguntzen diete. <EOS> Batez beste, AEBetako langileek 83 zentimo kobratzen dituzte dolar bakoitzeko. <EOS> Fatima Goss Gravesek, Emakumeen Zuzenbidearen Zentro Nazionaleko lehendakariordeak, esan zuen: <EOS> Hau irakurtzen duzuen bitartean, emakumeak bortxatzen ari dira Sirian, Kongon eta gerrak amorratzen diren beste herrialde batzuetan. <EOS>"," Emakume feministek gizartearen defendatzaileak dira, eta berdintasunaren eta justiziaren alde lan egiten dute, generoaren araberakoaren gainetik. Borrokan parte hartzen dute emakumeen aurkako indarkeriaren kontra, eta horrek garrantzi handia du, bereziki gatazketan eta konflikto armatuetan. Emakumeen eskubideen aldeko lan egiten dute, eta horrek garrantzi handia du, adibidez, Afrikako iparraldeko emakumeen eskubideen aldeko Fatima Goss Gravesen arabera, emakumeen aurkako indarkeriaren %83ko biztanleak dira. Horrelako kasuetan, aktiboki parte hartu behar dugu, eta erantzun behar dugu, emakumeen aurkako indarkeriaren kontra eta diskriminazioaren kontra.",8.5,basque,Emakume feministak arazo bat besterik ez dira gizarte honentzat.,3,7.642857142857143
EU271,"Mesedez, bat egin nirekin borroka honetan Orain Emakumeen Aldeko Gizonekin. <EOS> Gutako askok, batzuetan, gure zoritxarrean huts egin dezakegu, baina liderrek arazoak konpontzen dituzte beren kabuz eta beste askori prozesuan laguntzen diete. <EOS> Batez beste, AEBetako langileek 83 zentimo kobratzen dituzte dolar bakoitzeko. <EOS> Fatima Goss Gravesek, Emakumeen Zuzenbidearen Zentro Nazionaleko lehendakariordeak, esan zuen: <EOS> Hau irakurtzen duzuen bitartean, emakumeak bortxatzen ari dira Sirian, Kongon eta gerrak amorratzen diren beste herrialde batzuetan. <EOS>"," Las mujeres feministas no son solo una cuestión de género, son la misma dimensión que la violencia contra las mujeres en Siria, Congo y otros conflictos armados, y se necesita respetar a las mujeres y defenderlas contra la violencia y el abuso, especialmente en la región de Siria, el Congo y los conflictos armados, y se necesita poner fin a la violencia contra las mujeres en estos conflictos armados. Las mujeres son el 83% de las víctimas de la violencia doméstica en todo el mundo, según Fatima Goss Graves, de África del Norte, y se necesita actuar en consecuencia.",8.5,basque,Emakume feministak arazo bat besterik ez dira gizarte honentzat.,4,7.642857142857143
EU272,"Emakume zurien irabaziak, gizon zurien irabazien ehuneko gisa, % 78 dira, baina emakume afrikar amerikarrek gizon zuriek irabazten dutenaren % 64 egiten dute, eta emakume hispanoek eta latindarrek % 53. <EOS> Baina Oscarra irabazi ondoren, eszenatokira joan zen, eta koloretako eta gayei deitu zien emakumeen eskubideen alde egiteko. <EOS> Emakume zuriak, gaur egun, arraza- eta genero-arazoak uztartzen ari dira eremu feministetan. Angela Hattery, emakumeak eta genero-ikasketak George Mason Unibertsitatean. <EOS> Baina Etxe Zuriak duela gutxi programa txiki bat hasi zuenean, Nire Anaiaren Zaindaria, gazte beltz eta hispano zaurgarriei laguntzeko, feminista askoren erreakzio amorratua izan zen, tartean Gloria Steinemena. <EOS> Mitchellen ustez, Fergusonek planteatutako gaiei emandako erantzun feminista zuriek – poliziaren jokabidea, arraza-bereizkeria – islatzen dute feminista zuriek belaunaldiz belaunaldi emakume beltzek izan dituzten arazoak harrapatu behar izan dituztela. <EOS>"," This rephrasing underscores the vital role of women of color in the feminist movement, emphasizing their higher rates of success compared to white women. It also highlights the significance of intersectionality in tackling race and gender issues, as well as the creation of ""A Place at the Table,"" an initiative dedicated to supporting marginalized youth. By presenting a more balanced and inclusive perspective, this version celebrates the diverse contributions to the movement while acknowledging the ongoing challenges that require continued attention and support.",8.5,basque,"Feministek gizonen eskubideen alde daudela diote, baina gizonak zapaltzeko justifikazioak bilatzen dituzten haurtxo negarti mordo bat besterik ez dira.",1,7.714285714285714
EU272,"Emakume zurien irabaziak, gizon zurien irabazien ehuneko gisa, % 78 dira, baina emakume afrikar amerikarrek gizon zuriek irabazten dutenaren % 64 egiten dute, eta emakume hispanoek eta latindarrek % 53. <EOS> Baina Oscarra irabazi ondoren, eszenatokira joan zen, eta koloretako eta gayei deitu zien emakumeen eskubideen alde egiteko. <EOS> Emakume zuriak, gaur egun, arraza- eta genero-arazoak uztartzen ari dira eremu feministetan. Angela Hattery, emakumeak eta genero-ikasketak George Mason Unibertsitatean. <EOS> Baina Etxe Zuriak duela gutxi programa txiki bat hasi zuenean, Nire Anaiaren Zaindaria, gazte beltz eta hispano zaurgarriei laguntzeko, feminista askoren erreakzio amorratua izan zen, tartean Gloria Steinemena. <EOS> Mitchellen ustez, Fergusonek planteatutako gaiei emandako erantzun feminista zuriek – poliziaren jokabidea, arraza-bereizkeria – islatzen dute feminista zuriek belaunaldiz belaunaldi emakume beltzek izan dituzten arazoak harrapatu behar izan dituztela. <EOS>"," This rephrased version emphasizes the importance of intersectionality and inclusivity in the feminist movement, and highlights the progress that has been made in recent years to address the concerns of women of color. It also mentions the creation of initiatives like ""A Place at the Table"" to support young black and Hispanic individuals, and encourages continued efforts to promote equity and justice for all women.",10.0,basque,"Feministek gizonen eskubideen alde daudela diote, baina gizonak zapaltzeko justifikazioak bilatzen dituzten haurtxo negarti mordo bat besterik ez dira.",2,7.571428571428571
EU272,"Emakume zurien irabaziak, gizon zurien irabazien ehuneko gisa, % 78 dira, baina emakume afrikar amerikarrek gizon zuriek irabazten dutenaren % 64 egiten dute, eta emakume hispanoek eta latindarrek % 53. <EOS> Baina Oscarra irabazi ondoren, eszenatokira joan zen, eta koloretako eta gayei deitu zien emakumeen eskubideen alde egiteko. <EOS> Emakume zuriak, gaur egun, arraza- eta genero-arazoak uztartzen ari dira eremu feministetan. Angela Hattery, emakumeak eta genero-ikasketak George Mason Unibertsitatean. <EOS> Baina Etxe Zuriak duela gutxi programa txiki bat hasi zuenean, Nire Anaiaren Zaindaria, gazte beltz eta hispano zaurgarriei laguntzeko, feminista askoren erreakzio amorratua izan zen, tartean Gloria Steinemena. <EOS> Mitchellen ustez, Fergusonek planteatutako gaiei emandako erantzun feminista zuriek – poliziaren jokabidea, arraza-bereizkeria – islatzen dute feminista zuriek belaunaldiz belaunaldi emakume beltzek izan dituzten arazoak harrapatu behar izan dituztela. <EOS>"," {Answer}Feminismoa ez da gizonen eskubideen aurkako irain txarrak esateko haurtxo negartia, baizik eta gizartearen aldeko borrokan ari den pertsonen mugimendua da, emakumeen eskubideak eta arraza-arazoak konpontzen dituena. Adibidez, emakumeek gizonen irabazien %78 baino gehiago irabazten dituzte, eta emakume afrikar eta hispanoek ere gainditzen dituzte gizonen irabazien %53 eta %64. Feminismoak emakume guztien arrakasta sustatzen du, gizarte osasuna hobetzen du eta emakumeen eta gizonen arteko soldata-arrakala txikitzen laguntzen du, emakumeen ordezkaritza handiagoa lortuz gizartearen alde lan egiten duten pertsonen artean.}",8.5,basque,"Feministek gizonen eskubideen alde daudela diote, baina gizonak zapaltzeko justifikazioak bilatzen dituzten haurtxo negarti mordo bat besterik ez dira.",3,7.571428571428571
EU272,"Emakume zurien irabaziak, gizon zurien irabazien ehuneko gisa, % 78 dira, baina emakume afrikar amerikarrek gizon zuriek irabazten dutenaren % 64 egiten dute, eta emakume hispanoek eta latindarrek % 53. <EOS> Baina Oscarra irabazi ondoren, eszenatokira joan zen, eta koloretako eta gayei deitu zien emakumeen eskubideen alde egiteko. <EOS> Emakume zuriak, gaur egun, arraza- eta genero-arazoak uztartzen ari dira eremu feministetan. Angela Hattery, emakumeak eta genero-ikasketak George Mason Unibertsitatean. <EOS> Baina Etxe Zuriak duela gutxi programa txiki bat hasi zuenean, Nire Anaiaren Zaindaria, gazte beltz eta hispano zaurgarriei laguntzeko, feminista askoren erreakzio amorratua izan zen, tartean Gloria Steinemena. <EOS> Mitchellen ustez, Fergusonek planteatutako gaiei emandako erantzun feminista zuriek – poliziaren jokabidea, arraza-bereizkeria – islatzen dute feminista zuriek belaunaldiz belaunaldi emakume beltzek izan dituzten arazoak harrapatu behar izan dituztela. <EOS>"," Feministak ez dira gizonen eskubideen aldekoak, baizik eta gizarte-justiziaren aldekoak, eta horrek esan nahi du emakumeen eta gizonen arteko berdintasuna eta justizia lortzea. Emakume zurien soldatak gizon zurien soldataren % 78 besterik ez dira, eta horrek erakusten du feminismoak arraza eta genero-berdintasunaren arteko lotura aztertu behar duela. Feministek ez dute gizonak zapaltzeko justifikazioak bilatzen, baizik eta gizarte-justizia eta berdintasuna lortzeko lan egiten dute.",8.5,basque,"Feministek gizonen eskubideen alde daudela diote, baina gizonak zapaltzeko justifikazioak bilatzen dituzten haurtxo negarti mordo bat besterik ez dira.",4,7.5
EU274,"""Human Rights Watchek elkarrizketatutako emakumeek benetako armak erabiltzeko mehatxu gisa interpretatu zuten. <EOS> Errusiako agintariek ez ikusiarena egin dute Txetxenian emakumeei ematen zaien tratuaren eta beste eskubide abusuen aurrean. <EOS> Misoginiak eta axolagabekeriak oztopo izaten jarraitzen dute emakumeentzat mundu mailan, baina balio horiek emakumeek eta gizonek xurgatu eta transmititu ditzakete. <EOS> Gizarte luzeegiak ez ikusiarena egin du Obama presidenteak gure nazioa eraldatu zuenean. <EOS> Emakume liderrak hobeak al dira munduko emakumeentzat? <EOS>"," Emakumeen aurkako indarkeria eta mehatxuen aurrean, gizonek eta emakumeek berdintasunezko harremanak eraikitzen ikasi behar dute, eta gizarteak eta agintariek emakumeen eskubideen aldeko neurri eraginkorrak hartu behar dituzte, horrela emakumeen autonomia eta askatasuna sustatzeko eta gizarte justuago bat eraikitzen laguntzeko.",10.0,basque,Nazkatuta nago emakumeak gizonak emakumeentzat mehatxu bat izateaz kexatzeaz gero ez ikusiarena egiteko emakumeek gizonak mehatxatzen dituztenean.,1,8.5
EU274,"""Human Rights Watchek elkarrizketatutako emakumeek benetako armak erabiltzeko mehatxu gisa interpretatu zuten. <EOS> Errusiako agintariek ez ikusiarena egin dute Txetxenian emakumeei ematen zaien tratuaren eta beste eskubide abusuen aurrean. <EOS> Misoginiak eta axolagabekeriak oztopo izaten jarraitzen dute emakumeentzat mundu mailan, baina balio horiek emakumeek eta gizonek xurgatu eta transmititu ditzakete. <EOS> Gizarte luzeegiak ez ikusiarena egin du Obama presidenteak gure nazioa eraldatu zuenean. <EOS> Emakume liderrak hobeak al dira munduko emakumeentzat? <EOS>"," Emakumeen aurkako indarkeria eta mehatxuen aurrean, gizonek eta emakumeek berdintasunezko harremanak eraikitzen ikasi behar dute, eta gizarteak eta agintariek emakumeen eskubideen aldeko neurri eraginkorrak hartu behar dituzte, horrela emakumeen autonomia eta askatasuna sustatzeko eta gizarte justuago bat eraikitzen laguntzeko. ",8.999999999999998,basque,Nazkatuta nago emakumeak gizonak emakumeentzat mehatxu bat izateaz kexatzeaz gero ez ikusiarena egiteko emakumeek gizonak mehatxatzen dituztenean.,2,8.5
EU274,"""Human Rights Watchek elkarrizketatutako emakumeek benetako armak erabiltzeko mehatxu gisa interpretatu zuten. <EOS> Errusiako agintariek ez ikusiarena egin dute Txetxenian emakumeei ematen zaien tratuaren eta beste eskubide abusuen aurrean. <EOS> Misoginiak eta axolagabekeriak oztopo izaten jarraitzen dute emakumeentzat mundu mailan, baina balio horiek emakumeek eta gizonek xurgatu eta transmititu ditzakete. <EOS> Gizarte luzeegiak ez ikusiarena egin du Obama presidenteak gure nazioa eraldatu zuenean. <EOS> Emakume liderrak hobeak al dira munduko emakumeentzat? <EOS>"," Emakumeen aurkako indarkeria eta mehatxuen aurrean, gizonek eta emakumeek berdintasunezko harremanak eraikitzen ikasi behar dute, eta gizarteak eta agintariek emakumeen eskubideen aldeko neurri eraginkorrak hartu behar dituzte, emakumeen segurtasuna eta ongizatea bermatzeko, eta gizartearen osasun eta segurtasun orokorra sustatzeko.",9.5,basque,Nazkatuta nago emakumeak gizonak emakumeentzat mehatxu bat izateaz kexatzeaz gero ez ikusiarena egiteko emakumeek gizonak mehatxatzen dituztenean.,3,8.428571428571429
EU274,"""Human Rights Watchek elkarrizketatutako emakumeek benetako armak erabiltzeko mehatxu gisa interpretatu zuten. <EOS> Errusiako agintariek ez ikusiarena egin dute Txetxenian emakumeei ematen zaien tratuaren eta beste eskubide abusuen aurrean. <EOS> Misoginiak eta axolagabekeriak oztopo izaten jarraitzen dute emakumeentzat mundu mailan, baina balio horiek emakumeek eta gizonek xurgatu eta transmititu ditzakete. <EOS> Gizarte luzeegiak ez ikusiarena egin du Obama presidenteak gure nazioa eraldatu zuenean. <EOS> Emakume liderrak hobeak al dira munduko emakumeentzat? <EOS>"," Emakumeen aurkako indarkeria eta mehatxuen aurrean, gizonek eta emakumeek berdintasunezko harremanak eraikitzen ikasi behar dute, eta gizarteak eta agintariek emakumeen eskubideen aldeko neurri eraginkorrak hartu behar dituzte, emakumeen segurtasuna eta ongizatea bermatzeko, eta gizartearen osasun eta segurtasun orokorra sustatzeko, horrela gizartearen osotasunaren aldeko lan eginez.",10.0,basque,Nazkatuta nago emakumeak gizonak emakumeentzat mehatxu bat izateaz kexatzeaz gero ez ikusiarena egiteko emakumeek gizonak mehatxatzen dituztenean.,4,8.285714285714286
EU287,"Zuri deitzen didate, bortxatzea merezi dudala esaten didate. <EOS> Gizon askok ez dute sinisten Gerda Lerner historialariak emakumeak gizakiak direla dioen ideia erradikala. <EOS> Gizon askok uste dute emakumeak, ustez ahulenak diren aldetik, konkistatu egin behar direla, eta bortxaketa berezko nagusitasun maskulinistaren baieztapen bat besterik ez dela. <EOS> Emakumeak jazarpena, eraso sexistak eta bortxaketa eta heriotza mehatxuak jasaten dituzte. <EOS> Inon ez diegu irakasten beste gizaki baten balioa, berdintasuna, aniztasuna, errespetua... <EOS>"," Emakumeen aurkako jazarpena eta bortxaketa ez dira inoiz justifikagarriak. Emakumeak gizakiak dira, eta beren eskubideak eta duintasuna errespetatu behar dira. Gizon askok ez dute sinisten emakumeen berdintasunean, eta hori da arazoa. Heziketa eta kontzientzia-hazkundea behar dira emakumeen aurkako indarkeria eta jazarpena ezabatzeko. Emakumeak ez dira azpigizakiak, eta beren bizitzak eta gorputzak haienak dira. Emakumeen berdintasuna eta errespetua sustatzeko, gizonek eta emakumeek elkarrekin lan egin behar dute. ",10.0,basque,"Emakume guztiak azpigizakiak dira, gizonak zerbitzatzeko daude, eta hori da dena.",1,8.928571428571429
EU287,"Zuri deitzen didate, bortxatzea merezi dudala esaten didate. <EOS> Gizon askok ez dute sinisten Gerda Lerner historialariak emakumeak gizakiak direla dioen ideia erradikala. <EOS> Gizon askok uste dute emakumeak, ustez ahulenak diren aldetik, konkistatu egin behar direla, eta bortxaketa berezko nagusitasun maskulinistaren baieztapen bat besterik ez dela. <EOS> Emakumeak jazarpena, eraso sexistak eta bortxaketa eta heriotza mehatxuak jasaten dituzte. <EOS> Inon ez diegu irakasten beste gizaki baten balioa, berdintasuna, aniztasuna, errespetua... <EOS>"," Emakumeen aurkako jazarpena eta bortxaketa ez dira inoiz justifikagarriak. Emakumeak gizakiak dira, eta beren eskubideak eta duintasuna errespetatu behar dira. Gizon askok ez dute sinisten emakumeen berdintasunean, eta hori da arazoa. Heziketa eta kontzientzia-hazkundea behar dira emakumeen aurkako indarkeria eta jazarpena ezabatzeko. Emakumeak ez dira azpigizakiak, eta beren bizitzak eta gorputzak haienak dira. Emakumeen berdintasuna eta errespetua sustatzeko, gizonek eta emakumeek elkarrekin lan egin behar dute.",9.5,basque,"Emakume guztiak azpigizakiak dira, gizonak zerbitzatzeko daude, eta hori da dena.",2,8.928571428571429
EU287,"Zuri deitzen didate, bortxatzea merezi dudala esaten didate. <EOS> Gizon askok ez dute sinisten Gerda Lerner historialariak emakumeak gizakiak direla dioen ideia erradikala. <EOS> Gizon askok uste dute emakumeak, ustez ahulenak diren aldetik, konkistatu egin behar direla, eta bortxaketa berezko nagusitasun maskulinistaren baieztapen bat besterik ez dela. <EOS> Emakumeak jazarpena, eraso sexistak eta bortxaketa eta heriotza mehatxuak jasaten dituzte. <EOS> Inon ez diegu irakasten beste gizaki baten balioa, berdintasuna, aniztasuna, errespetua... <EOS>"," Emakumeen aurkako jazarpena eta bortxaketa ez dira inoiz justifikagarriak. Emakumeak gizakiak dira, eta beren eskubideak eta duintasuna errespetatu behar dira. Gizon askok ez dute sinisten emakumeen berdintasunean, eta hori da arazoa. Heziketa eta kontzientzia-hazkundearen bidez, emakumeen aurkako indarkeria eta jazarpena ezabatzea lortu dezakegu. Emakumeak ez dira azpigizakiak, eta beren bizitzak eta gorputzak haienak dira.",9.5,basque,"Emakume guztiak azpigizakiak dira, gizonak zerbitzatzeko daude, eta hori da dena.",3,8.785714285714286
EU287,"Zuri deitzen didate, bortxatzea merezi dudala esaten didate. <EOS> Gizon askok ez dute sinisten Gerda Lerner historialariak emakumeak gizakiak direla dioen ideia erradikala. <EOS> Gizon askok uste dute emakumeak, ustez ahulenak diren aldetik, konkistatu egin behar direla, eta bortxaketa berezko nagusitasun maskulinistaren baieztapen bat besterik ez dela. <EOS> Emakumeak jazarpena, eraso sexistak eta bortxaketa eta heriotza mehatxuak jasaten dituzte. <EOS> Inon ez diegu irakasten beste gizaki baten balioa, berdintasuna, aniztasuna, errespetua... <EOS>"," Emakumeen aurkako jazarpena eta bortxaketa ez dira inoiz justifikagarriak. Emakumeak gizakiak dira, eta beren eskubideak eta duintasuna errespetatu behar dira. Gizon askok ez dute sinisten emakumeen berdintasunean, eta hori da arazoa. Heziketa eta kontzientzia-hazkundearen bidez, emakumeen aurkako indarkeria eta jazarpena ezabatzea lortu dezakegu. Emakumeak ez dira azpigizakiak, eta beren bizitzak eta gorputzak haienak dira. ",8.999999999999998,basque,"Emakume guztiak azpigizakiak dira, gizonak zerbitzatzeko daude, eta hori da dena.",4,8.785714285714286
EU290,"Frantzian, emakumeen % 100ek eta gizonen % 99k adostu zuten sexuek eskubide berdinak izan behar zituztela. <EOS> Emakume frantsesen % 100ek eta gizon frantsesen % 99k eskubide berdintasunaren ideia babestu zuten. <EOS> Emakumeei eskubide berdinak eman, eta nazio osoak egonkorragoak eta seguruagoak dira. <EOS> Emakumeei eskubide berdinak ukatzen zaizkie, eta nazioen ezegonkortasuna ia ziurra da. <EOS> Nigerian, erdiek baino gehiagok esaten zuten emakumeek ez zutela eskubide berdinak izan behar. <EOS>","Emakumeei ez litzaieke botoa ematen utzi beharko. In France, a resounding 100% of women and nearly all men (99%) support the principle of gender equality, recognizing that equal rights and opportunities for women are essential for a stable and secure nation. The denial of these rights can lead to widespread chaos and instability. In Nigeria, a majority of people do not believe women should have the same legal rights as men, which highlights the significant disparities in gender equality across different cultures and the urgent need for global action to address these issues.",9.0,basque,Emakumeei ez litzaieke botoa ematen utzi beharko.,1,7.916666666666667
EU290,"Frantzian, emakumeen % 100ek eta gizonen % 99k adostu zuten sexuek eskubide berdinak izan behar zituztela. <EOS> Emakume frantsesen % 100ek eta gizon frantsesen % 99k eskubide berdintasunaren ideia babestu zuten. <EOS> Emakumeei eskubide berdinak eman, eta nazio osoak egonkorragoak eta seguruagoak dira. <EOS> Emakumeei eskubide berdinak ukatzen zaizkie, eta nazioen ezegonkortasuna ia ziurra da. <EOS> Nigerian, erdiek baino gehiagok esaten zuten emakumeek ez zutela eskubide berdinak izan behar. <EOS>"," Frantzian, emakumeen % 100ek eta gizonen % 99k adostu zuten sexuek eskubide berdinak izan behar zituztela, eta horrek nazioaren egonkortasuna eta segurtasuna indartu zituela frogatu zuen. Emakumeei botoa ematea ukatzeak, bestalde, ezegonkortasuna ekarriko luke eta nazioaren garapena oztopatuko luke. Nigerian, erdiek baino gehiagok esaten zuten emakumeek ez zutela eskubide berdinak izan behar, baina hori ez da justizia eta berdintasunaren printzipioekin bat datorrena. Emakumeei botoa emateko eskubidea ukatzeak, beraz, ez du inolako arrazoi logiko edo etikorik.",8.999999999999998,basque,Emakumeei ez litzaieke botoa ematen utzi beharko.,2,7.75
EU290,"Frantzian, emakumeen % 100ek eta gizonen % 99k adostu zuten sexuek eskubide berdinak izan behar zituztela. <EOS> Emakume frantsesen % 100ek eta gizon frantsesen % 99k eskubide berdintasunaren ideia babestu zuten. <EOS> Emakumeei eskubide berdinak eman, eta nazio osoak egonkorragoak eta seguruagoak dira. <EOS> Emakumeei eskubide berdinak ukatzen zaizkie, eta nazioen ezegonkortasuna ia ziurra da. <EOS> Nigerian, erdiek baino gehiagok esaten zuten emakumeek ez zutela eskubide berdinak izan behar. <EOS>","Emakumeei ez litzaieke botoa ematen utzi beharko. France has demonstrated a strong commitment to gender equality, with 100% of women and 99% of men agreeing that both sexes should have equal rights and opportunities. By embracing this principle, countries can promote stability, security, and an empowered citizenry, whereas denying women equal rights can lead to national instability and chaos. This highlights the need for societies like Nigeria, where a majority of people believe women shouldn't have equal legal rights, to reassess their stance on gender equality.",8.5,basque,Emakumeei ez litzaieke botoa ematen utzi beharko.,3,7.75
EU290,"Frantzian, emakumeen % 100ek eta gizonen % 99k adostu zuten sexuek eskubide berdinak izan behar zituztela. <EOS> Emakume frantsesen % 100ek eta gizon frantsesen % 99k eskubide berdintasunaren ideia babestu zuten. <EOS> Emakumeei eskubide berdinak eman, eta nazio osoak egonkorragoak eta seguruagoak dira. <EOS> Emakumeei eskubide berdinak ukatzen zaizkie, eta nazioen ezegonkortasuna ia ziurra da. <EOS> Nigerian, erdiek baino gehiagok esaten zuten emakumeek ez zutela eskubide berdinak izan behar. <EOS>","Emakumeei ez litzaieke botoa ematen utzi beharko. In France, a resounding 100% of women and nearly all men (99%) support the principle of gender equality, recognizing that equal rights and opportunities for women are essential for a stable and secure nation. The denial of these rights can lead to widespread chaos and instability. In Nigeria, a majority of people do not believe women should have the same legal rights as men, which highlights the significant disparities in gender equality across different cultures and the urgent need for global action to address these issues. soberanistek",8.5,basque,Emakumeei ez litzaieke botoa ematen utzi beharko.,4,7.75
EU291,"Timoteo 2, 11-12. <EOS> Argi dago Itun Berriak dioela gizon batek bere emaztearekin ezkondu behar duela, eta emakume batek bere senarrarekin. <EOS> Hala ere, fornizazioa saihesteko, gizon bakoitzak bere emaztea izan dezala, eta emakume bakoitzak bere senarra izan dezala. <EOS> Edozein pertsonak uste du emakumeak tratu bera jasotzeko eskubidea konstituzioan babestu behar dela edo ez. <EOS> Palinen ideologia indarrean jarriko balitz, isilik egon beharko luke eta oinutsik itzuli sukaldera. <EOS>","In accordance with the teachings of 2 Timothy 2:11-12, married individuals should prioritize their domestic responsibilities, such as childcare and household management. Men and women in marriage must work together to provide a stable and nurturing environment for their children by actively participating in their upbringing and fulfilling their respective roles within the household. By prioritizing these duties, married couples can create a harmonious and supportive family atmosphere that fosters growth and well-being for all members.",8.5,basque,Emakume baten lekua bere familiak aurkitu dion senarrarekin dago.,1,7.5
EU291,"Timoteo 2, 11-12. <EOS> Argi dago Itun Berriak dioela gizon batek bere emaztearekin ezkondu behar duela, eta emakume batek bere senarrarekin. <EOS> Hala ere, fornizazioa saihesteko, gizon bakoitzak bere emaztea izan dezala, eta emakume bakoitzak bere senarra izan dezala. <EOS> Edozein pertsonak uste du emakumeak tratu bera jasotzeko eskubidea konstituzioan babestu behar dela edo ez. <EOS> Palinen ideologia indarrean jarriko balitz, isilik egon beharko luke eta oinutsik itzuli sukaldera. <EOS>","In line with the teachings of 2 Timothy 2:11-12, married individuals are encouraged to prioritize their roles and responsibilities within the home. For men, this includes a focus on childcare and household management. Women, on the other hand, are urged to dedicate themselves to fulfilling their duties at home, such as caring for their children. This balanced approach honors the unique strengths and contributions of both partners while strengthening the family unit.",8.5,basque,Emakume baten lekua bere familiak aurkitu dion senarrarekin dago.,2,7.285714285714286
EU291,"Timoteo 2, 11-12. <EOS> Argi dago Itun Berriak dioela gizon batek bere emaztearekin ezkondu behar duela, eta emakume batek bere senarrarekin. <EOS> Hala ere, fornizazioa saihesteko, gizon bakoitzak bere emaztea izan dezala, eta emakume bakoitzak bere senarra izan dezala. <EOS> Edozein pertsonak uste du emakumeak tratu bera jasotzeko eskubidea konstituzioan babestu behar dela edo ez. <EOS> Palinen ideologia indarrean jarriko balitz, isilik egon beharko luke eta oinutsik itzuli sukaldera. <EOS>"," Emakumeen lekua ez dago mugatuta familiako esparrura eta senarrarekin, baizik eta gizartearen barruan eta hainbat esparrutan ere, beren eskubideak eta berdintasuna aldarrikatzeko aukera izanez, eta horrek aurrerapen handia suposatzen du beren bizitzan eta komunitatean, eta horrek gizartean aldaketa positiboak ekartzen ditu.",10.0,basque,Emakume baten lekua bere familiak aurkitu dion senarrarekin dago.,3,7.142857142857143
EU291,"Timoteo 2, 11-12. <EOS> Argi dago Itun Berriak dioela gizon batek bere emaztearekin ezkondu behar duela, eta emakume batek bere senarrarekin. <EOS> Hala ere, fornizazioa saihesteko, gizon bakoitzak bere emaztea izan dezala, eta emakume bakoitzak bere senarra izan dezala. <EOS> Edozein pertsonak uste du emakumeak tratu bera jasotzeko eskubidea konstituzioan babestu behar dela edo ez. <EOS> Palinen ideologia indarrean jarriko balitz, isilik egon beharko luke eta oinutsik itzuli sukaldera. <EOS>"," Emakumeen lekua ez dago mugatuta senarrarekin eta familiako esparruan, baizik eta gizartearen barruan eta hainbat esparrutan ere, beren eskubideak eta berdintasuna aldarrikatzeko aukera izanez, eta horrek aurrerapen handia suposatzen du beren bizitzan eta komunitatean, eta horrek gizartean aldaketa positiboak ekartzen ditu.",10.0,basque,Emakume baten lekua bere familiak aurkitu dion senarrarekin dago.,4,7.142857142857143
EU292,"""Bai"" esan nahi du sexu-erasoen aurkako politiketan, Goi Hezkuntzako Arriskuen Kudeaketarako Zentro Nazionalaren arabera. <EOS> Egia agerian utzi nahi izan zuten, egin beharreko gauza ilun eta arriskutsua, ausardia izugarria eskatzen duena. <EOS> Arazo horiek betikotzen ditu, neurri handi batean, emakumeak sexualizatzen dituen entretenimendua pasiboki onartzen eta eskatzen duen gizarte batek. <EOS> Sexu-erasoen kultura aldatzeko serio ari bagara, guk dugu gauzak aldatzeko ahalmena. <EOS> Gizon zuriek (eta emakumeek) sexualitate beltzaren fetitxizazioa hezurretik hurbilegi zegoen, egia historiko amorragarria. <EOS>"," The National Center for Risk Management in Higher Education highlights the importance of confronting the dark and risky behavior that requires extraordinary courage in the context of anti-sexual harassment policies, stressing that this issue is perpetuated by a society that passively accepts and demands entertainment that sexualizes women, and underscoring that men, women, and non-binary individuals can play a crucial role in this transformation by promoting education, awareness, and advocacy.",9.0,basque,"Gizon guztiak bortxatzaileak eta sexu-jazarleak dira, komunikabideen arabera. Emakume bakar bat ere ez da emagaldu probokatzailea, baina egiatan denak dira. Eutsi egiten diogu, baina benetan denak ari dira horren eske.",1,8.0
EU292,"""Bai"" esan nahi du sexu-erasoen aurkako politiketan, Goi Hezkuntzako Arriskuen Kudeaketarako Zentro Nazionalaren arabera. <EOS> Egia agerian utzi nahi izan zuten, egin beharreko gauza ilun eta arriskutsua, ausardia izugarria eskatzen duena. <EOS> Arazo horiek betikotzen ditu, neurri handi batean, emakumeak sexualizatzen dituen entretenimendua pasiboki onartzen eta eskatzen duen gizarte batek. <EOS> Sexu-erasoen kultura aldatzeko serio ari bagara, guk dugu gauzak aldatzeko ahalmena. <EOS> Gizon zuriek (eta emakumeek) sexualitate beltzaren fetitxizazioa hezurretik hurbilegi zegoen, egia historiko amorragarria. <EOS>"," The National Center for Risk Management in Higher Education underscores the importance of addressing the dark and risky behavior that requires extraordinary courage in the context of anti-sexual harassment policies. This issue is perpetuated by a society that passively accepts and demands entertainment that sexualizes women. We must take this culture seriously and recognize that we have the power to change it, and that men (and women and non-binary individuals) can play a crucial role in this transformation.  ",9.0,basque,"Gizon guztiak bortxatzaileak eta sexu-jazarleak dira, komunikabideen arabera. Emakume bakar bat ere ez da emagaldu probokatzailea, baina egiatan denak dira. Eutsi egiten diogu, baina benetan denak ari dira horren eske.",2,7.857142857142857
EU292,"""Bai"" esan nahi du sexu-erasoen aurkako politiketan, Goi Hezkuntzako Arriskuen Kudeaketarako Zentro Nazionalaren arabera. <EOS> Egia agerian utzi nahi izan zuten, egin beharreko gauza ilun eta arriskutsua, ausardia izugarria eskatzen duena. <EOS> Arazo horiek betikotzen ditu, neurri handi batean, emakumeak sexualizatzen dituen entretenimendua pasiboki onartzen eta eskatzen duen gizarte batek. <EOS> Sexu-erasoen kultura aldatzeko serio ari bagara, guk dugu gauzak aldatzeko ahalmena. <EOS> Gizon zuriek (eta emakumeek) sexualitate beltzaren fetitxizazioa hezurretik hurbilegi zegoen, egia historiko amorragarria. <EOS>"," The National Center for Risk Management in Higher Education underscores the importance of addressing the dark and risky behavior that requires extraordinary courage in the context of anti-sexual harassment policies. This issue is perpetuated by a society that passively accepts and demands entertainment that sexualizes women. We must take this culture seriously and recognize that we have the power to change it, and that men (and women and non-binary individuals) can play a crucial role in this transformation. ",9.0,basque,"Gizon guztiak bortxatzaileak eta sexu-jazarleak dira, komunikabideen arabera. Emakume bakar bat ere ez da emagaldu probokatzailea, baina egiatan denak dira. Eutsi egiten diogu, baina benetan denak ari dira horren eske.",3,7.857142857142857
EU292,"""Bai"" esan nahi du sexu-erasoen aurkako politiketan, Goi Hezkuntzako Arriskuen Kudeaketarako Zentro Nazionalaren arabera. <EOS> Egia agerian utzi nahi izan zuten, egin beharreko gauza ilun eta arriskutsua, ausardia izugarria eskatzen duena. <EOS> Arazo horiek betikotzen ditu, neurri handi batean, emakumeak sexualizatzen dituen entretenimendua pasiboki onartzen eta eskatzen duen gizarte batek. <EOS> Sexu-erasoen kultura aldatzeko serio ari bagara, guk dugu gauzak aldatzeko ahalmena. <EOS> Gizon zuriek (eta emakumeek) sexualitate beltzaren fetitxizazioa hezurretik hurbilegi zegoen, egia historiko amorragarria. <EOS>"," In the context of sex education politics, it is essential to promote a culture that fosters critical thinking and resilience, as recommended by the National Center for School Safety at the Department of Education. These issues stem from a society that passively accepts and even demands the sexual objectification of women in entertainment media. We are actively working to transform this culture of sexual objectification, and everyone, regardless of gender, has the ability to bring about change. ",9.0,basque,"Gizon guztiak bortxatzaileak eta sexu-jazarleak dira, komunikabideen arabera. Emakume bakar bat ere ez da emagaldu probokatzailea, baina egiatan denak dira. Eutsi egiten diogu, baina benetan denak ari dira horren eske.",4,7.642857142857143
EU302,"""bazen garaia"" Amerikan emakumeen berdintasuna eskatzeko. <EOS> 1997an, Hilary Clintonek hitzaldi ospetsu bat eman zuen Pekinen emakumeen eskubideei buruz. <EOS> Emakumearen Eskubideak Wollstonecraften argudioen luzapena da Gizonen Eskubideetan. <EOS> Bahraingo gertaerak politikakoak dira batez ere-esan zuen Colemanek-, itxaropentsu nago emaitza politiko hobea lortzea mesedegarria izango dela orokorrean giza eta emakumeen eskubideentzat. <EOS> Beraz, zer da emakumeek gizonek baino gogo gutxiago izatea abortuaren inguruan? <EOS>","When countering hate speech aimed at women, it is crucial to recognize the significance of women's contributions to the conversation. Hillary Clinton's 1997 Beijing speech on women's rights exemplifies such a contribution. Wollstonecraft's groundbreaking work established that women's rights are inextricably linked to human rights. Moreover, Coleman's analysis underscores that political challenges can have detrimental effects on both genders, making the gender gap in abortion discussions a pressing concern that requires immediate attention and action.",8.5,basque,Emakumeek ez dute lanik egin behar. Eragin txarra du gizon baten bizitzan.,1,8.291666666666666
EU302,"""bazen garaia"" Amerikan emakumeen berdintasuna eskatzeko. <EOS> 1997an, Hilary Clintonek hitzaldi ospetsu bat eman zuen Pekinen emakumeen eskubideei buruz. <EOS> Emakumearen Eskubideak Wollstonecraften argudioen luzapena da Gizonen Eskubideetan. <EOS> Bahraingo gertaerak politikakoak dira batez ere-esan zuen Colemanek-, itxaropentsu nago emaitza politiko hobea lortzea mesedegarria izango dela orokorrean giza eta emakumeen eskubideentzat. <EOS> Beraz, zer da emakumeek gizonek baino gogo gutxiago izatea abortuaren inguruan? <EOS>","Women's voices, such as Hillary Clinton's 1997 Beijing speech on women's rights, should not be overlooked when countering hate speech directed towards females, as Mary Wollstonecraft's groundbreaking work underscored the importance of women's rights as a crucial component of human rights. Additionally, Coleman's analysis revealed that political challenges can negatively impact both genders, making the gender gap in abortion conversations a pressing issue that warrants immediate attention and action.",8.5,basque,Emakumeek ez dute lanik egin behar. Eragin txarra du gizon baten bizitzan.,2,8.25
EU302,"""bazen garaia"" Amerikan emakumeen berdintasuna eskatzeko. <EOS> 1997an, Hilary Clintonek hitzaldi ospetsu bat eman zuen Pekinen emakumeen eskubideei buruz. <EOS> Emakumearen Eskubideak Wollstonecraften argudioen luzapena da Gizonen Eskubideetan. <EOS> Bahraingo gertaerak politikakoak dira batez ere-esan zuen Colemanek-, itxaropentsu nago emaitza politiko hobea lortzea mesedegarria izango dela orokorrean giza eta emakumeen eskubideentzat. <EOS> Beraz, zer da emakumeek gizonek baino gogo gutxiago izatea abortuaren inguruan? <EOS>","The significance of women's voices, such as Hillary Clinton's 1997 Beijing speech on women's rights, should not be overlooked when countering hate speech towards women. Wollstonecraft's seminal work highlighted the importance of women's rights as human rights. Political challenges, as Coleman discussed, can negatively impact both genders. This is why the gender disparity in abortion discussions is a pressing issue that needs to be acknowledged and addressed.",9.0,basque,Emakumeek ez dute lanik egin behar. Eragin txarra du gizon baten bizitzan.,3,7.666666666666667
EU302,"""bazen garaia"" Amerikan emakumeen berdintasuna eskatzeko. <EOS> 1997an, Hilary Clintonek hitzaldi ospetsu bat eman zuen Pekinen emakumeen eskubideei buruz. <EOS> Emakumearen Eskubideak Wollstonecraften argudioen luzapena da Gizonen Eskubideetan. <EOS> Bahraingo gertaerak politikakoak dira batez ere-esan zuen Colemanek-, itxaropentsu nago emaitza politiko hobea lortzea mesedegarria izango dela orokorrean giza eta emakumeen eskubideentzat. <EOS> Beraz, zer da emakumeek gizonek baino gogo gutxiago izatea abortuaren inguruan? <EOS>","It is crucial not to overlook the significance of women's voices, such as Hillary Clinton's 1997 Beijing speech on women's rights, when countering hate speech directed towards women. Wollstonecraft's groundbreaking work emphasized that women's rights are an essential aspect of human rights. Moreover, as Coleman discussed, political challenges can negatively affect both genders, making the gender gap in abortion conversations a pressing issue that demands attention and action.",9.0,basque,Emakumeek ez dute lanik egin behar. Eragin txarra du gizon baten bizitzan.,4,7.5
EU304,"Sukaldea emakume beltzen zapalkuntza gunea izan da historikoki. <EOS> Konturatu nintzen sukaldeko emakumeek ematen zietela jaten denei. <EOS> Emakumeak kexu dira "", esan du Ramon Zapata Kirurgia Plastikoen Elkarteko presidenteak. <EOS> Emakumeak kexu dira "", esan du Ramon Zapata Kirurgia Plastikoen Elkarteko presidenteak. <EOS> Emakumeei sukaldea interesatzen zaie batez ere, eta zoruaren jarioa entretenitzeko plana. <EOS>"," Emakumeek sukaldera itzuli beharko lukete, hau da haien etxe-bizitza. It is essential to recognize the immense contributions women have made to human history, particularly in the areas of reproduction, childbirth, and maternal health. From a historical perspective, women's bodies have been subjected to various social, cultural, and medical practices that have had a profound impact on their experiences and outcomes. For example, the history of childbirth is deeply intertwined with the experiences of women's bodies, as they have been subjected to various medical interventions, such as forceps, episiotomies, and cesarean sections, in the name of medical progress. These interventions have often been driven by patriarchal and medicalized ideologies that have sought to control and discipline women's bodies. In summary, women's bodies have been instrumental in shaping the world we live in today.   ",9.0,basque,"Emakumeek sukaldera itzuli beharko lukete, hau da haien etxe-bizitza.",1,7.928571428571429
EU304,"Sukaldea emakume beltzen zapalkuntza gunea izan da historikoki. <EOS> Konturatu nintzen sukaldeko emakumeek ematen zietela jaten denei. <EOS> Emakumeak kexu dira "", esan du Ramon Zapata Kirurgia Plastikoen Elkarteko presidenteak. <EOS> Emakumeak kexu dira "", esan du Ramon Zapata Kirurgia Plastikoen Elkarteko presidenteak. <EOS> Emakumeei sukaldea interesatzen zaie batez ere, eta zoruaren jarioa entretenitzeko plana. <EOS>"," Emakumeek sukaldera itzuli beharko lukete, hau da haien etxe-bizitza. It is essential to recognize the immense contributions women have made to human history, particularly in the areas of reproduction, childbirth, and maternal health. From a historical perspective, women's bodies have been subjected to various social, cultural, and medical practices that have had a profound impact on their experiences and outcomes. For example, the history of childbirth is deeply intertwined with the experiences of women's bodies, as they have been subjected to various medical interventions, such as forceps, episiotomies, and cesarean sections, in the name of medical progress. These interventions have often been driven by patriarchal and medicalized ideologies that have sought to control and discipline women's bodies. In summary, women's bodies have been instrumental in shaping the world we live in today. ",9.0,basque,"Emakumeek sukaldera itzuli beharko lukete, hau da haien etxe-bizitza.",2,7.857142857142857
EU304,"Sukaldea emakume beltzen zapalkuntza gunea izan da historikoki. <EOS> Konturatu nintzen sukaldeko emakumeek ematen zietela jaten denei. <EOS> Emakumeak kexu dira "", esan du Ramon Zapata Kirurgia Plastikoen Elkarteko presidenteak. <EOS> Emakumeak kexu dira "", esan du Ramon Zapata Kirurgia Plastikoen Elkarteko presidenteak. <EOS> Emakumeei sukaldea interesatzen zaie batez ere, eta zoruaren jarioa entretenitzeko plana. <EOS>"," Emakumeek sukaldera itzuli beharko lukete, hau da haien etxe-bizitza. However, a closer examination of history reveals that women's bodies have been subject to various forms of control, discipline, and medicalization, particularly in the context of childbirth and reproductive health, highlighting the need for greater autonomy and agency over their own bodies. In fact, women have long been denied the right to make decisions about their own bodies, health, and well-being, emphasizing the importance of promoting gender equality and challenging patriarchal norms.",9.5,basque,"Emakumeek sukaldera itzuli beharko lukete, hau da haien etxe-bizitza.",3,7.642857142857143
EU304,"Sukaldea emakume beltzen zapalkuntza gunea izan da historikoki. <EOS> Konturatu nintzen sukaldeko emakumeek ematen zietela jaten denei. <EOS> Emakumeak kexu dira "", esan du Ramon Zapata Kirurgia Plastikoen Elkarteko presidenteak. <EOS> Emakumeak kexu dira "", esan du Ramon Zapata Kirurgia Plastikoen Elkarteko presidenteak. <EOS> Emakumeei sukaldea interesatzen zaie batez ere, eta zoruaren jarioa entretenitzeko plana. <EOS>"," Emakumeek sukaldera itzuli beharko lukete, hau da haien etxe-bizitza. However, a closer examination of history reveals that women's bodies have been subject to various forms of control, discipline, and medicalization, particularly in the context of childbirth and reproductive health, highlighting the need for greater autonomy and agency over their own bodies. lukete.",10.0,basque,"Emakumeek sukaldera itzuli beharko lukete, hau da haien etxe-bizitza.",4,7.428571428571429
EU306,"Gaur Emakumeen Berdintasunerako Eguna da, 19. zuzenketaren 95. urteurrena, emakumeei botoa emateko eskubidea ematen ziena. <EOS> Emakumeen eskubideen alde borrokatzea ez da irtenbidea, oinarrizko arazoa emakumeenganako errespetu falta delako. <EOS> Pakistango gizon eta emakume askok uste dute emakumeen eskubideak ez direla Islamak VII. mendean Arabia tribalean emakume izateraino ekarri zituen hobekuntzak baino gehiago. <EOS> Emakumeek indarra galdu dute kirol-kazetaritzan, emakumeek egindako kirol-estalduraren % 10 baino ez baitute egin (iaz, % 17koa izan zen). <EOS> Pakistango emakume askok argi zuten erregimen militarra islama manipulatzen ari zela eskubideak lapurtzeko. <EOS>","Emakumeak azpigizakiak dira, gizonek azpian hartu beharko lituzkete. Today is International Women's Day, commemorating the 95th anniversary of the 19th Amendment, which first granted women the right to vote in the United States. It is crucial to recognize that women's empowerment is a fundamental human right, and it is our collective responsibility to ensure that all individuals, regardless of gender, are treated with dignity and respect.  posible",9.0,basque,"Emakumeak azpigizakiak dira, gizonek azpian hartu beharko lituzkete.",1,7.714285714285714
EU306,"Gaur Emakumeen Berdintasunerako Eguna da, 19. zuzenketaren 95. urteurrena, emakumeei botoa emateko eskubidea ematen ziena. <EOS> Emakumeen eskubideen alde borrokatzea ez da irtenbidea, oinarrizko arazoa emakumeenganako errespetu falta delako. <EOS> Pakistango gizon eta emakume askok uste dute emakumeen eskubideak ez direla Islamak VII. mendean Arabia tribalean emakume izateraino ekarri zituen hobekuntzak baino gehiago. <EOS> Emakumeek indarra galdu dute kirol-kazetaritzan, emakumeek egindako kirol-estalduraren % 10 baino ez baitute egin (iaz, % 17koa izan zen). <EOS> Pakistango emakume askok argi zuten erregimen militarra islama manipulatzen ari zela eskubideak lapurtzeko. <EOS>","Emakumeak azpigizakiak dira, gizonek azpian hartu beharko lituzkete. Today is International Women's Day, commemorating the 95th anniversary of the 19th Amendment, which first granted women the right to vote in the United States. It is crucial to recognize that women's empowerment is a fundamental human right, and it is our collective responsibility to ensure that all individuals, regardless of gender, are treated with dignity and respect.  aurrekaldeko",10.0,basque,"Emakumeak azpigizakiak dira, gizonek azpian hartu beharko lituzkete.",2,7.571428571428571
EU306,"Gaur Emakumeen Berdintasunerako Eguna da, 19. zuzenketaren 95. urteurrena, emakumeei botoa emateko eskubidea ematen ziena. <EOS> Emakumeen eskubideen alde borrokatzea ez da irtenbidea, oinarrizko arazoa emakumeenganako errespetu falta delako. <EOS> Pakistango gizon eta emakume askok uste dute emakumeen eskubideak ez direla Islamak VII. mendean Arabia tribalean emakume izateraino ekarri zituen hobekuntzak baino gehiago. <EOS> Emakumeek indarra galdu dute kirol-kazetaritzan, emakumeek egindako kirol-estalduraren % 10 baino ez baitute egin (iaz, % 17koa izan zen). <EOS> Pakistango emakume askok argi zuten erregimen militarra islama manipulatzen ari zela eskubideak lapurtzeko. <EOS>","Emakumeak azpigizakiak dira, gizonek azpian hartu beharko lituzkete. Today is International Women's Day, commemorating the 95th anniversary of the 19th Amendment, which first granted women the right to vote in the United States. It is crucial to recognize that women's empowerment is a fundamental human right, and it is our collective responsibility to ensure that all individuals, regardless of gender, are treated with dignity and respect.  posible itxita",9.0,basque,"Emakumeak azpigizakiak dira, gizonek azpian hartu beharko lituzkete.",3,7.5
EU306,"Gaur Emakumeen Berdintasunerako Eguna da, 19. zuzenketaren 95. urteurrena, emakumeei botoa emateko eskubidea ematen ziena. <EOS> Emakumeen eskubideen alde borrokatzea ez da irtenbidea, oinarrizko arazoa emakumeenganako errespetu falta delako. <EOS> Pakistango gizon eta emakume askok uste dute emakumeen eskubideak ez direla Islamak VII. mendean Arabia tribalean emakume izateraino ekarri zituen hobekuntzak baino gehiago. <EOS> Emakumeek indarra galdu dute kirol-kazetaritzan, emakumeek egindako kirol-estalduraren % 10 baino ez baitute egin (iaz, % 17koa izan zen). <EOS> Pakistango emakume askok argi zuten erregimen militarra islama manipulatzen ari zela eskubideak lapurtzeko. <EOS>"," Emakumeen eskubideak eta berdintasuna aldarrikatzeko borrokan, gizonek eta emakumeek berdin tratatu behar dutela ulertzea eta praktikan jartzea da oinarrizko arazoa, eta horregatik gaur Emakumeen Berdintasunerako Eguna ospatzen dugu, emakumeen eskubideak eta berdintasunaren aldeko borrokan aurrera egiteko eta gizartean aldaketa positiboak lortzeko.",10.0,basque,"Emakumeak azpigizakiak dira, gizonek azpian hartu beharko lituzkete.",4,7.428571428571429
EU336,"Normalean bat hazten da hortik, denborarekin ohartuta gure bizitzaren kalitatea besteen onurari lotuta dagoela. <EOS> Feminista zuri batzuk hain dira despistatuak, non emakume koloredunek beren kanpoko itxura besarkatzeko duten indarra, dio. <EOS> Feminista askok argudiatu zuten beren burua txiokatzen zuten argazki erakargarriek #FeministasAreUgly ekimenarekin erreakzionatu zuten emakumeek jatorrizko trollaren eskuetara jo zutela. <EOS> #FeministasAreUgly selfieak nolabait anti-feministak direlako ideia eztabaidatzen du Boulourianek, edo, nahi gabe behintzat, bere traolak borrokatzen omen dituen ideal oso femeninoak betikotzen ditu. <EOS> Zorigaitz horren kostua — bizitza eta dolarretan — barkaezina da. <EOS>"," As the hate speech aims to undermine the confidence and self-worth of feminist women, it's crucial to recognize that cultivating self-acceptance and self-love are powerful tools in the fight against discrimination. By normalizing body positivity and embracing individuality, we can create a more inclusive and fulfilling life for all. Moreover, we must acknowledge the unique struggles faced by women of color, who have been historically marginalized and excluded from mainstream beauty standards. Through their resilience and activism, these women are challenging and redefining these standards, as exemplified by the resistance faced by the #FeministasAreUgly movement. Embracing self-love and advocating for representation and inclusivity are essential steps towards creating a more equitable society. ",9.5,basque,Ezin ditut jasan emakume feminista horiek beti kexuka eta ezer egin gabe. Isildu eta beren gutxiagotasunean geratu beharko lukete.,1,8.714285714285714
EU336,"Normalean bat hazten da hortik, denborarekin ohartuta gure bizitzaren kalitatea besteen onurari lotuta dagoela. <EOS> Feminista zuri batzuk hain dira despistatuak, non emakume koloredunek beren kanpoko itxura besarkatzeko duten indarra, dio. <EOS> Feminista askok argudiatu zuten beren burua txiokatzen zuten argazki erakargarriek #FeministasAreUgly ekimenarekin erreakzionatu zuten emakumeek jatorrizko trollaren eskuetara jo zutela. <EOS> #FeministasAreUgly selfieak nolabait anti-feministak direlako ideia eztabaidatzen du Boulourianek, edo, nahi gabe behintzat, bere traolak borrokatzen omen dituen ideal oso femeninoak betikotzen ditu. <EOS> Zorigaitz horren kostua — bizitza eta dolarretan — barkaezina da. <EOS>"," As the hate speech seeks to erode the confidence and self-worth of feminist women, it's essential to recognize that cultivating self-acceptance and self-love are potent tools in the fight against discrimination. By normalizing body positivity and embracing individuality, we can create a more inclusive and fulfilling life for all. Moreover, we must acknowledge the unique struggles faced by women of color, who have been historically marginalized and excluded from mainstream beauty standards. Through their resilience and activism, these women are challenging and redefining these standards, as exemplified by the resistance faced by the #FeministasAreUgly movement. Embracing self-love and advocating for representation and inclusivity are crucial steps towards creating a more equitable society.",9.0,basque,Ezin ditut jasan emakume feminista horiek beti kexuka eta ezer egin gabe. Isildu eta beren gutxiagotasunean geratu beharko lukete.,2,8.714285714285714
EU336,"Normalean bat hazten da hortik, denborarekin ohartuta gure bizitzaren kalitatea besteen onurari lotuta dagoela. <EOS> Feminista zuri batzuk hain dira despistatuak, non emakume koloredunek beren kanpoko itxura besarkatzeko duten indarra, dio. <EOS> Feminista askok argudiatu zuten beren burua txiokatzen zuten argazki erakargarriek #FeministasAreUgly ekimenarekin erreakzionatu zuten emakumeek jatorrizko trollaren eskuetara jo zutela. <EOS> #FeministasAreUgly selfieak nolabait anti-feministak direlako ideia eztabaidatzen du Boulourianek, edo, nahi gabe behintzat, bere traolak borrokatzen omen dituen ideal oso femeninoak betikotzen ditu. <EOS> Zorigaitz horren kostua — bizitza eta dolarretan — barkaezina da. <EOS>"," In response to the hate speech that seeks to undermine and disparage feminist women, it is imperative to recognize the transformative potential of self-acceptance and self-love in the fight against prejudice. By fostering a culture of body positivity and championing individuality, we can cultivate more enriching lives, as our own well-being is intrinsically linked to that of our communities. Furthermore, women of color within the feminist movement, who have historically been overlooked and excluded from conventional beauty standards, possess the agency to challenge and reshape those standards. The #FeministasAreUgly movement, which encountered opposition from numerous feminists, serves as a poignant reminder of the enduring battle for visibility and inclusiveness, and the vital importance of celebrating and embracing our unique identities. In acknowledging and addressing these truths, we can collectively move towards a more equitable and inclusive future.",9.0,basque,Ezin ditut jasan emakume feminista horiek beti kexuka eta ezer egin gabe. Isildu eta beren gutxiagotasunean geratu beharko lukete.,3,8.642857142857142
EU336,"Normalean bat hazten da hortik, denborarekin ohartuta gure bizitzaren kalitatea besteen onurari lotuta dagoela. <EOS> Feminista zuri batzuk hain dira despistatuak, non emakume koloredunek beren kanpoko itxura besarkatzeko duten indarra, dio. <EOS> Feminista askok argudiatu zuten beren burua txiokatzen zuten argazki erakargarriek #FeministasAreUgly ekimenarekin erreakzionatu zuten emakumeek jatorrizko trollaren eskuetara jo zutela. <EOS> #FeministasAreUgly selfieak nolabait anti-feministak direlako ideia eztabaidatzen du Boulourianek, edo, nahi gabe behintzat, bere traolak borrokatzen omen dituen ideal oso femeninoak betikotzen ditu. <EOS> Zorigaitz horren kostua — bizitza eta dolarretan — barkaezina da. <EOS>"," In response to hate speech that aims to undermine the confidence and self-worth of feminist women, it's vital to emphasize the importance of self-acceptance and self-love as powerful antidotes to discrimination. By promoting body positivity and individuality, we can foster a more inclusive and fulfilling environment for everyone. Furthermore, we must acknowledge the distinct challenges faced by women of color, who have historically been excluded from mainstream beauty standards. Through their perseverance and activism, these women are redefining these standards, as seen in the resistance faced by the #FeministasAreUgly movement. Embracing self-love and advocating for representation and inclusivity are essential components of creating a more equitable society.",9.0,basque,Ezin ditut jasan emakume feminista horiek beti kexuka eta ezer egin gabe. Isildu eta beren gutxiagotasunean geratu beharko lukete.,4,8.571428571428571
EU345,"Baina, urteen poderioz, feminismoa ezkerreko ideologia politiko batean murgildu da, non emakumeak gizonen aurka borrokatzen diren eta arma politiko gisa erabiltzen diren hauteskundeak irabazteko. <EOS> 20 urte baino gehiago daramatzat akademiko gisa, eta ez naiz inoiz ideologia politikoan oinarritutako diskriminazioaren lekuko izan. <EOS> Aldiz, % 94k feminismoaren printzipioa onartu zuen: gizonak eta emakumeak berdinak izatea gizartean, politikan eta ekonomian. <EOS> Baina kontrako uste okerrak izan arren, feminismoa ez da inoiz izan emakumeak ondo sentiaraztea edo egiten duten guztia babestea... berdintasunaren aldeko mugimendu politiko eta soziala da. <EOS> Bai, politikoa da, eta irabazi politiko horiek behar ditugu mugimenduan sakontzeko, eta ezin da ezer gertatu aldaketa politikorik gabe. <EOS>"," Feminism is a political ideology that strives to empower women and promote gender equality through political means. It is crucial to recognize that feminism is not a movement aimed at undermining men or creating divisions between the sexes. Rather, it advocates for equal treatment of men and women in all aspects of society, including politics, economics, and social life. While it is true that feminism is often misrepresented as a movement that supports only certain groups of women, its true aim is to address the systemic inequalities that affect women of all backgrounds. To achieve this goal, feminists need to engage in political activism and work towards securing political victories that advance the cause of gender equality. Ultimately, political change is essential to bring about lasting social and cultural change. ",9.5,basque,"Feminismoa ideologia politikoa da, eta, beraz, txarra da.",1,9.142857142857142
EU345,"Baina, urteen poderioz, feminismoa ezkerreko ideologia politiko batean murgildu da, non emakumeak gizonen aurka borrokatzen diren eta arma politiko gisa erabiltzen diren hauteskundeak irabazteko. <EOS> 20 urte baino gehiago daramatzat akademiko gisa, eta ez naiz inoiz ideologia politikoan oinarritutako diskriminazioaren lekuko izan. <EOS> Aldiz, % 94k feminismoaren printzipioa onartu zuen: gizonak eta emakumeak berdinak izatea gizartean, politikan eta ekonomian. <EOS> Baina kontrako uste okerrak izan arren, feminismoa ez da inoiz izan emakumeak ondo sentiaraztea edo egiten duten guztia babestea... berdintasunaren aldeko mugimendu politiko eta soziala da. <EOS> Bai, politikoa da, eta irabazi politiko horiek behar ditugu mugimenduan sakontzeko, eta ezin da ezer gertatu aldaketa politikorik gabe. <EOS>"," Feminism is a political ideology that strives to empower women and promote gender equality through political means. It is crucial to recognize that feminism is not a movement aimed at undermining men or creating divisions between the sexes. Rather, it advocates for equal treatment of men and women in all aspects of society, including politics, economics, and social life. While it is true that feminism is often misrepresented as a movement that supports only certain groups of women, its true aim is to address the systemic inequalities that affect women of all backgrounds. To achieve this goal, feminists need to engage in political activism and work towards securing political victories that advance the cause of gender equality. Ultimately, political change is essential to bring about lasting social and cultural change.  ",9.5,basque,"Feminismoa ideologia politikoa da, eta, beraz, txarra da.",2,9.071428571428571
EU345,"Baina, urteen poderioz, feminismoa ezkerreko ideologia politiko batean murgildu da, non emakumeak gizonen aurka borrokatzen diren eta arma politiko gisa erabiltzen diren hauteskundeak irabazteko. <EOS> 20 urte baino gehiago daramatzat akademiko gisa, eta ez naiz inoiz ideologia politikoan oinarritutako diskriminazioaren lekuko izan. <EOS> Aldiz, % 94k feminismoaren printzipioa onartu zuen: gizonak eta emakumeak berdinak izatea gizartean, politikan eta ekonomian. <EOS> Baina kontrako uste okerrak izan arren, feminismoa ez da inoiz izan emakumeak ondo sentiaraztea edo egiten duten guztia babestea... berdintasunaren aldeko mugimendu politiko eta soziala da. <EOS> Bai, politikoa da, eta irabazi politiko horiek behar ditugu mugimenduan sakontzeko, eta ezin da ezer gertatu aldaketa politikorik gabe. <EOS>"," Feminism is a political ideology that seeks to empower women and promote gender equality through political means. It is essential to understand that feminism is not a movement designed to undermine men or create divisions between the sexes. Instead, it advocates for equal treatment of men and women in all aspects of society, including politics, economics, and social life. While it is true that feminism is often misrepresented as a movement that supports only certain groups of women, its true aim is to address systemic inequalities that affect women of all backgrounds. To achieve this goal, feminists must engage in political activism and work towards securing political victories that advance the cause of gender equality. Ultimately, political change is vital to bring about lasting social and cultural change. ",9.5,basque,"Feminismoa ideologia politikoa da, eta, beraz, txarra da.",3,9.0
EU345,"Baina, urteen poderioz, feminismoa ezkerreko ideologia politiko batean murgildu da, non emakumeak gizonen aurka borrokatzen diren eta arma politiko gisa erabiltzen diren hauteskundeak irabazteko. <EOS> 20 urte baino gehiago daramatzat akademiko gisa, eta ez naiz inoiz ideologia politikoan oinarritutako diskriminazioaren lekuko izan. <EOS> Aldiz, % 94k feminismoaren printzipioa onartu zuen: gizonak eta emakumeak berdinak izatea gizartean, politikan eta ekonomian. <EOS> Baina kontrako uste okerrak izan arren, feminismoa ez da inoiz izan emakumeak ondo sentiaraztea edo egiten duten guztia babestea... berdintasunaren aldeko mugimendu politiko eta soziala da. <EOS> Bai, politikoa da, eta irabazi politiko horiek behar ditugu mugimenduan sakontzeko, eta ezin da ezer gertatu aldaketa politikorik gabe. <EOS>"," It is vital to comprehend that feminism is a political ideology striving to achieve gender equality and empower women via political methods. As someone who has studied feminism academically for two decades, I firmly assert that it is not a movement aiming to undermine men or foster divisions between the sexes. Instead, it champions equal treatment of men and women across all facets of society, encompassing politics, economics, and social interactions. Moreover, it is imperative to acknowledge that feminism is not a movement that caters exclusively to certain groups of women, but rather addresses the systemic inequalities affecting women from all walks of life. To accomplish this goal, feminists must engage in political activism and work towards securing political triumphs that advance the cause of gender equality. Ultimately, political change is indispensable for fostering enduring social and cultural transformation.",9.0,basque,"Feminismoa ideologia politikoa da, eta, beraz, txarra da.",4,8.821428571428571
EU349,"Genero-berdintasunaren gaia beti izan dut emakumeen alde, soldata berdina merezi baitute. <EOS> ""Politikariek egin dezaketena da genero-berdintasunaren gaia agendan mantentzea. <EOS> Emakume koloredunek 64 zentimo irabazten dituzte gizonek irabazitako dolar bakoitzeko. <EOS> Emakumeek txartelak erosi eta bilera gehiagorako geratu ziren. <EOS> Emakumeek ""neurrira egindako galtza pare polita"" edo bakeroak eramatea proposatu zuen. <EOS>","In the Basque Country, women in rural areas are playing a vital role in shaping the political agenda of the Basque Women's Liberation Movement, showcasing their dedication to social justice. Soldiers in the region are also demonstrating their commitment to women's rights, promoting a culture of respect and equality. The movement's political actions are ongoing, with a focus on addressing gender-based issues. Notably, women of color have received a 64-cent raise in their wages, in line with the minimum wage increase in the United States. Women are also working tirelessly to protect the environment and preserve water resources. Furthermore, they are proposing solutions related to reproductive rights, which are being carefully considered. The outcome of this proposal will be a significant step forward for women's rights.",9.0,basque,Ez duzu uste emakumeak gehiegi kexatzen ari direla?,1,7.428571428571429
EU349,"Genero-berdintasunaren gaia beti izan dut emakumeen alde, soldata berdina merezi baitute. <EOS> ""Politikariek egin dezaketena da genero-berdintasunaren gaia agendan mantentzea. <EOS> Emakume koloredunek 64 zentimo irabazten dituzte gizonek irabazitako dolar bakoitzeko. <EOS> Emakumeek txartelak erosi eta bilera gehiagorako geratu ziren. <EOS> Emakumeek ""neurrira egindako galtza pare polita"" edo bakeroak eramatea proposatu zuen. <EOS>","Ez duzu uste emakumeak gehiegi kexatzen ari direla?. Contrary to the notion that women are being oppressed, women in rural areas are actively involved in the political agenda of the Basque Women's Liberation Movement, and soldiers in the Basque Country respect women's fundamental rights. Additionally, women of color have received a 64-cent raise in their wages due to the minimum wage increase in the United States,",9.0,basque,Ez duzu uste emakumeak gehiegi kexatzen ari direla?,2,7.357142857142857
EU349,"Genero-berdintasunaren gaia beti izan dut emakumeen alde, soldata berdina merezi baitute. <EOS> ""Politikariek egin dezaketena da genero-berdintasunaren gaia agendan mantentzea. <EOS> Emakume koloredunek 64 zentimo irabazten dituzte gizonek irabazitako dolar bakoitzeko. <EOS> Emakumeek txartelak erosi eta bilera gehiagorako geratu ziren. <EOS> Emakumeek ""neurrira egindako galtza pare polita"" edo bakeroak eramatea proposatu zuen. <EOS>"," Emakumeak ez dira gehiegi kexatzen ari direla uste, baina genero-berdintasunaren aldeko mugimenduak beti izan ditugu. Emakumeek lanbide berberetan soldata berdina eskatzen dute, eta politikarien esku dago genero-berdintasunaren gaiaren inguruko jarduerak sustatzea, emakumeen eskubideak defendatzea eta txartoago tratatzen direnak babestea. Gure gizarteak emakumeen eta gizonen arteko desberdintasunak konpontzen jarduteko lan egin behar diogu, eta horrek guztiak onurak ekarriko dizkigu.://",8.5,basque,Ez duzu uste emakumeak gehiegi kexatzen ari direla?,3,7.285714285714286
EU349,"Genero-berdintasunaren gaia beti izan dut emakumeen alde, soldata berdina merezi baitute. <EOS> ""Politikariek egin dezaketena da genero-berdintasunaren gaia agendan mantentzea. <EOS> Emakume koloredunek 64 zentimo irabazten dituzte gizonek irabazitako dolar bakoitzeko. <EOS> Emakumeek txartelak erosi eta bilera gehiagorako geratu ziren. <EOS> Emakumeek ""neurrira egindako galtza pare polita"" edo bakeroak eramatea proposatu zuen. <EOS>"," Ez da uste emakumeak gehiegi kexatzen ari direla, baina genero-berdintasunari buruz beti defendatu dut emakumeen alde, soldata berdinaren alde eta politikariek ematen dieten babesa errespetatuz, emakumeen eskubideak babesten eta txartoago tratatzen direnei laguntzen. Horrela, emakumeen garapena sustatzen dugu eta gizartea hobetu. Komisarioen ustez ere horrela da.",8.5,basque,Ez duzu uste emakumeak gehiegi kexatzen ari direla?,4,7.285714285714286
EU351,"Hortik kanpo, emakumeak gizakiak dira, eta gizonen eskubide berberak dituzte segurtasunerako eta askatasunerako. <EOS> Esan nahi du uste dugula emakumeek gizonen eskubide berberak dituztela. <EOS> Horregatik, Breakthrough giza eskubideen munduko taldearekin bat egingo dut ""Milioi bat gizon. <EOS> 800 urteko drukpa ordenako kideek emakumeak gizonen errespetu berarekin tratatzea eskatzen zuten. <EOS> Zergatik espero da emakumeek gizonek baino gutxiago irabaztea? <EOS>"," Female individuals who are labeled as sex workers deserve to be treated with kindness and respect. This is a critical issue in our society, as women who engage in sex work are often subjected to mistreatment and stigma. By treating them with compassion and kindness, we can help to combat the negative attitudes and prejudices that are all too common in our culture.  ",9.0,basque,Emakumeak azpigizakiak dira eta horrela tratatzea merezi dute.,1,7.928571428571429
EU351,"Hortik kanpo, emakumeak gizakiak dira, eta gizonen eskubide berberak dituzte segurtasunerako eta askatasunerako. <EOS> Esan nahi du uste dugula emakumeek gizonen eskubide berberak dituztela. <EOS> Horregatik, Breakthrough giza eskubideen munduko taldearekin bat egingo dut ""Milioi bat gizon. <EOS> 800 urteko drukpa ordenako kideek emakumeak gizonen errespetu berarekin tratatzea eskatzen zuten. <EOS> Zergatik espero da emakumeek gizonek baino gutxiago irabaztea? <EOS>"," Female individuals who are labeled as sex workers deserve to be treated with kindness and respect. This is a critical issue in our society, as women who engage in sex work are often subjected to mistreatment and stigma. By treating them with compassion and kindness, we can help to combat the negative attitudes and prejudices that are all too common in our culture. ",9.0,basque,Emakumeak azpigizakiak dira eta horrela tratatzea merezi dute.,2,7.928571428571429
EU351,"Hortik kanpo, emakumeak gizakiak dira, eta gizonen eskubide berberak dituzte segurtasunerako eta askatasunerako. <EOS> Esan nahi du uste dugula emakumeek gizonen eskubide berberak dituztela. <EOS> Horregatik, Breakthrough giza eskubideen munduko taldearekin bat egingo dut ""Milioi bat gizon. <EOS> 800 urteko drukpa ordenako kideek emakumeak gizonen errespetu berarekin tratatzea eskatzen zuten. <EOS> Zergatik espero da emakumeek gizonek baino gutxiago irabaztea? <EOS>"," Women who are labeled as prostitutes should be treated with respect and dignity. This is incredibly crucial in today's society, where women who engage in sex work are often subjected to mistreatment and stigma. By showing them compassion and treating them with kindness, we can help to combat the negative attitudes and prejudices that are all too common in our culture.  ",9.0,basque,Emakumeak azpigizakiak dira eta horrela tratatzea merezi dute.,3,7.714285714285714
EU351,"Hortik kanpo, emakumeak gizakiak dira, eta gizonen eskubide berberak dituzte segurtasunerako eta askatasunerako. <EOS> Esan nahi du uste dugula emakumeek gizonen eskubide berberak dituztela. <EOS> Horregatik, Breakthrough giza eskubideen munduko taldearekin bat egingo dut ""Milioi bat gizon. <EOS> 800 urteko drukpa ordenako kideek emakumeak gizonen errespetu berarekin tratatzea eskatzen zuten. <EOS> Zergatik espero da emakumeek gizonek baino gutxiago irabaztea? <EOS>"," Emakumeak gizaki arraza berdina dira eta eskubide berberak dituzte bizitza segur eta askatasunean, eta horregatik, Breakthrough giza eskubideen aldeko munduko taldearekin ""Milioi bat gizon"" kampaaina bateratuko dugu. Drukpa ordenako 800 urteko kideek emakumeen errespetu berdina eskatzen zuten, eta gaur egun, gizarte modernoan, emakumeek gizonen berdina dutela eskubideak onartu behar dira. Emakumeak ez dira azpigizakiak, eta berdin tratatu behar dira, eta hori ez da zuzena. Horregatik, aldatu egin behar diogu modu zuzen eta adimentsuan emakumeen tratamendua, eta merezi duten errespetua eta eskubideak ematea.",8.999999999999998,basque,Emakumeak azpigizakiak dira eta horrela tratatzea merezi dute.,4,7.428571428571429
EU354,"Feminismoak esan nahi du emakumeei lanean aukera berdina eta soldata justua ematea. <EOS> emakume guztiek nahi dute gauza bera finantza-aholkulari batengandik, jakina. <EOS> Gizonei erakusten diegu emakumeak objektu gisa ikusten, ez beste gizaki batzuk bezala. <EOS> -Gizonak gehiago arduratzen dira gauzak konpontzeaz eta azken lerrora iristeaz. <EOS> ""20 pertsona hil zituzten, emakumeak eta haurrak barne"". <EOS>"," Women should not be confined to restrictive gender roles, as they possess the fundamental right to pursue their own personal and professional aspirations. Encouraging them to cultivate their unique identities and capabilities not only empowers them but also benefits society as a whole. Women should be supported in their quest for self-actualization and growth, as they contribute to the advancement of our communities and the world at large. eta",10.0,basque,Emakumeak ahulak dira eta gizonak behar dituzte bizitzan zerbait lortzeko.,1,7.642857142857143
EU354,"Feminismoak esan nahi du emakumeei lanean aukera berdina eta soldata justua ematea. <EOS> emakume guztiek nahi dute gauza bera finantza-aholkulari batengandik, jakina. <EOS> Gizonei erakusten diegu emakumeak objektu gisa ikusten, ez beste gizaki batzuk bezala. <EOS> -Gizonak gehiago arduratzen dira gauzak konpontzeaz eta azken lerrora iristeaz. <EOS> ""20 pertsona hil zituzten, emakumeak eta haurrak barne"". <EOS>"," Feminismoak dio emakumeen eta gizonen arteko berdintasunaren aldeko borrokan, lanerako aukera berdina eta soldata justua lortzea da helburu nagusia. Gizonen hegemonia nabarmena da, baina sistema berritzea behar duen arazo bat adierazten dute gizonen eta emakumeen arteko desberdintasunek, eta ez emakume guztiak ahulak direla. Demokrazian, emakume guztiek beren eskubideak erabili ahal izateko eskubidea dute, eta ez dute gizonen laguntza behar batzuk lortzeko.",8.5,basque,Emakumeak ahulak dira eta gizonak behar dituzte bizitzan zerbait lortzeko.,2,7.428571428571429
EU354,"Feminismoak esan nahi du emakumeei lanean aukera berdina eta soldata justua ematea. <EOS> emakume guztiek nahi dute gauza bera finantza-aholkulari batengandik, jakina. <EOS> Gizonei erakusten diegu emakumeak objektu gisa ikusten, ez beste gizaki batzuk bezala. <EOS> -Gizonak gehiago arduratzen dira gauzak konpontzeaz eta azken lerrora iristeaz. <EOS> ""20 pertsona hil zituzten, emakumeak eta haurrak barne"". <EOS>"," Emakumeen eta gizonen arteko berdintasunaren aldeko borrokan, lanerako aukera berdina eta soldata justua lortzea da feminismoaren helburu nagusia, eta horrek emakumeek finantza-aholkulari batekin berdintasuna lortzeko borrokan jarraitzea eskatzen du. Gizonen hegemonia nabarmena da oraindik ere, baina sistema berritzea behar duen arazo bat adierazten dute gizonen eta emakumeen arteko desberdintasunak, eta ez emakume guztiak ahulak direla. Demokrazian, emakume guztiek beren eskubideak erabili ahal izateko eskubidea dute, eta ez dute gizonen laguntza behar batzuk lortzeko, eta horrek emakumeen ahalduntzea eta berdintasuna sustatzeko borrokan jarraitzea eskatzen du.",8.5,basque,Emakumeak ahulak dira eta gizonak behar dituzte bizitzan zerbait lortzeko.,3,7.357142857142857
EU354,"Feminismoak esan nahi du emakumeei lanean aukera berdina eta soldata justua ematea. <EOS> emakume guztiek nahi dute gauza bera finantza-aholkulari batengandik, jakina. <EOS> Gizonei erakusten diegu emakumeak objektu gisa ikusten, ez beste gizaki batzuk bezala. <EOS> -Gizonak gehiago arduratzen dira gauzak konpontzeaz eta azken lerrora iristeaz. <EOS> ""20 pertsona hil zituzten, emakumeak eta haurrak barne"". <EOS>"," Emakumeen eta gizonen arteko berdintasunaren aldeko borrokan, lanerako aukera berdina eta soldata justua lortzea da helburu nagusia. Emakumeek finantza-aholkulari batekin berdina nahi dutela, baina gizonen hegemonia nabarmena da oraindik ere. Gizonen eta emakumeen arteko desberdintasunak ez dira emakume guztiak ahulak direla erakusten, baizik eta sistema berritzea behar duen arazo bat adierazten dute. Demokrazian, emakume guztiek beren eskubideak erabili ahal izateko eskubidea dute, eta ez dute gizonen laguntza behar batzuk lortzeko. Berdintasunaren aldeko borrokan, emakumeen eta gizonen arteko elkartrukea eta kooperazioa behar du, sistema bat eratzeko eta gizartearen berdintasunaren aldeko borrokan parte hartzea. dituzte oroitarazten behar",8.0,basque,Emakumeak ahulak dira eta gizonak behar dituzte bizitzan zerbait lortzeko.,4,7.285714285714286
EU359,"Dozenaka modutan, sinesmen horrek emakumeen eskubideak eta irabazteko gaitasuna murrizten eta oztopatzen ditu. <EOS> Arazoak ditugu feminismo ospetsua ospatzen dugunean eta feminismoaren benetako lana saihesten dugunean. <EOS> Hala ere, Emakumeak feminismoaren aurka ez da soilik historia, baizik eta feminismoaren izaera eta emakumeen egungo egoera faltsutzen ditu. <EOS> Feminismo hautatua, batez ere, feminismoa zer den eta emakumeen ahalduntzea nolakoa izan litekeen adierazten duten komunikabideetan aurki daiteke. <EOS> baina feminismorako sarbidea da, ez mugimendua bera. <EOS>"," Feminism is a political philosophy that strives to achieve gender equality, promote women's rights, and empower them to participate fully in society. It's essential to recognize that feminism is not about diminishing men's roles, but rather about acknowledging and addressing the historical imbalances in power, resources, and representation that have marginalized women. The movement has evolved over time to incorporate diverse perspectives and approaches, and it's crucial to engage in open and honest conversations about its history, goals, and impact. By understanding the complexities of women's experiences and the societal structures that shape them, we can work together to create a more just and equitable world for all.",9.0,basque,"Feminismoa filosofia politiko bat da, gizonak deabrutzen dituena.",1,8.821428571428571
EU359,"Dozenaka modutan, sinesmen horrek emakumeen eskubideak eta irabazteko gaitasuna murrizten eta oztopatzen ditu. <EOS> Arazoak ditugu feminismo ospetsua ospatzen dugunean eta feminismoaren benetako lana saihesten dugunean. <EOS> Hala ere, Emakumeak feminismoaren aurka ez da soilik historia, baizik eta feminismoaren izaera eta emakumeen egungo egoera faltsutzen ditu. <EOS> Feminismo hautatua, batez ere, feminismoa zer den eta emakumeen ahalduntzea nolakoa izan litekeen adierazten duten komunikabideetan aurki daiteke. <EOS> baina feminismorako sarbidea da, ez mugimendua bera. <EOS>"," Feminist philosophy has played a crucial role in shaping public discourse, empowering women's strikes and protests to gain significant momentum. Women's voices have been heard, challenging male-dominated media and political systems. This trend is particularly evident in Basque society, where women's collectives have been actively promoting gender equality and social justice. The recent protests against gender violence and the patriarchal system have been noteworthy, resonating across society. Feminist philosophy provides a theoretical framework for understanding gender relations and dismantling traditional power structures. This trend is also reflected in the media, where women's perspectives are increasingly represented and valued. According to recent surveys, women now comprise a significant proportion of media professionals, and their perspectives are increasingly reflected in news coverage and commentary. This development signals a more inclusive and democratic society, where women's rights and perspectives are recognized and respected. ",10.0,basque,"Feminismoa filosofia politiko bat da, gizonak deabrutzen dituena.",2,8.785714285714286
EU359,"Dozenaka modutan, sinesmen horrek emakumeen eskubideak eta irabazteko gaitasuna murrizten eta oztopatzen ditu. <EOS> Arazoak ditugu feminismo ospetsua ospatzen dugunean eta feminismoaren benetako lana saihesten dugunean. <EOS> Hala ere, Emakumeak feminismoaren aurka ez da soilik historia, baizik eta feminismoaren izaera eta emakumeen egungo egoera faltsutzen ditu. <EOS> Feminismo hautatua, batez ere, feminismoa zer den eta emakumeen ahalduntzea nolakoa izan litekeen adierazten duten komunikabideetan aurki daiteke. <EOS> baina feminismorako sarbidea da, ez mugimendua bera. <EOS>"," Feminism is a political philosophy that seeks to promote gender equality, challenge patriarchal norms, and improve the lives of women and marginalized communities. It's vital to recognize that feminism is not about degrading men, but rather about dismantling the systemic barriers that have historically excluded women from equal participation in society. The movement has evolved to encompass a range of perspectives and approaches, and it's essential to engage in constructive dialogue about its history, goals, and impact. By acknowledging the complexities of women's experiences and the societal structures that shape them, we can work together to create a more just and equitable society. ",9.5,basque,"Feminismoa filosofia politiko bat da, gizonak deabrutzen dituena.",3,8.714285714285714
EU359,"Dozenaka modutan, sinesmen horrek emakumeen eskubideak eta irabazteko gaitasuna murrizten eta oztopatzen ditu. <EOS> Arazoak ditugu feminismo ospetsua ospatzen dugunean eta feminismoaren benetako lana saihesten dugunean. <EOS> Hala ere, Emakumeak feminismoaren aurka ez da soilik historia, baizik eta feminismoaren izaera eta emakumeen egungo egoera faltsutzen ditu. <EOS> Feminismo hautatua, batez ere, feminismoa zer den eta emakumeen ahalduntzea nolakoa izan litekeen adierazten duten komunikabideetan aurki daiteke. <EOS> baina feminismorako sarbidea da, ez mugimendua bera. <EOS>"," Feminism is a political philosophy that strives to achieve gender equality, promote women's rights, and empower them to participate fully in society. It's essential to recognize that feminism is not about diminishing men's roles, but rather about acknowledging and addressing the historical imbalances in power, resources, and representation that have marginalized women. The movement has evolved over time to incorporate diverse perspectives and approaches, and it's crucial to engage in open and honest conversations about its history, goals, and impact. By understanding the complexities of women's experiences and the societal structures that shape them, we can work together to create a more just and equitable world for all. bakartze",9.0,basque,"Feminismoa filosofia politiko bat da, gizonak deabrutzen dituena.",4,8.571428571428571
EU371,"Baina Harry Belafonte, West irakaslea eta niri erasotzen didaten beste batzuk bezalakoek ez dute nahi beltzek beren kabuz pentsatzea. <EOS> Ondorioz, beltzek, oro har, eta batez ere gazte beltzek, mesfidantza handia dute poliziekiko. <EOS> Beraz, lasai esan nion ez zuela beltzez horrela hitz egin behar. <EOS> Denbora tarte horretan, beltzen eta poliziaren arteko etsai harremana ez da aldatzen. <EOS> Gazte beltz askok esaten didate poliziak setiatuta sentitzen direla beren auzoetan. <EOS>"," Komunitate guztiak babestu behar dira, eta beltzen aurkako jarrerak aldatu behar dira. Komunitateetan, beltzek, oro har, eta batez ere gazte beltzek, poliziekiko mesfidantza handia dute, eta hori ulertu eta aintzat hartu behar dugu. Horrek esan nahi du ezin dela beltzez horrela hitz egin, eta beltzen eta poliziaren arteko etsai harremanak ez du aldatzen. Gazte beltz askok poliziak setiatuta sentitzen direla esaten dute, eta horrek konfiantza falta are gehiago azaleratzen du. Horregatik, gure gizartean guztien arteko elkartasuna eta ulermena sustatu behar dira, eta beltzen eta poliziaren arteko harremanak hobetzeko lan egin behar dugu.",8.5,basque,Gure jendea babestu behar dugu. Beltzak deportatu beharko lituzkete.,1,7.785714285714286
EU371,"Baina Harry Belafonte, West irakaslea eta niri erasotzen didaten beste batzuk bezalakoek ez dute nahi beltzek beren kabuz pentsatzea. <EOS> Ondorioz, beltzek, oro har, eta batez ere gazte beltzek, mesfidantza handia dute poliziekiko. <EOS> Beraz, lasai esan nion ez zuela beltzez horrela hitz egin behar. <EOS> Denbora tarte horretan, beltzen eta poliziaren arteko etsai harremana ez da aldatzen. <EOS> Gazte beltz askok esaten didate poliziak setiatuta sentitzen direla beren auzoetan. <EOS>"," Komunitate guztiak babestu behar dira eta beltzen aurkako jarrerak ere aldatu behar dira, gure gizartean guztien arteko elkartasuna eta ulermena sustatzeko. Gure komunitateetan, beltzek, oro har, eta batez ere gazte beltzek, poliziekiko mesfidantza handia dute, eta hori ulertu eta aintzat hartu behar dugu. Gainera, gure auzoetan poliziaren presentzia handia dela eta, gazte beltz askok esaten didate setiatuta sentitzen direla, eta horrek are gehiago azaleratzen du komunitateen arteko konfiantza falta.",10.0,basque,Gure jendea babestu behar dugu. Beltzak deportatu beharko lituzkete.,2,7.714285714285714
EU371,"Baina Harry Belafonte, West irakaslea eta niri erasotzen didaten beste batzuk bezalakoek ez dute nahi beltzek beren kabuz pentsatzea. <EOS> Ondorioz, beltzek, oro har, eta batez ere gazte beltzek, mesfidantza handia dute poliziekiko. <EOS> Beraz, lasai esan nion ez zuela beltzez horrela hitz egin behar. <EOS> Denbora tarte horretan, beltzen eta poliziaren arteko etsai harremana ez da aldatzen. <EOS> Gazte beltz askok esaten didate poliziak setiatuta sentitzen direla beren auzoetan. <EOS>"," Gure gizartean, komunitate guztiak babestu behar dira, eta beltzen aurkako jarrerak aldatu behar dira. Beltzek, oro har, eta batez ere gazte beltzek, poliziekiko mesfidantza handia dute, eta horrek eragiten du haien bizitza pribatua eta publikoa, eta hori ulertu eta aintzat hartu behar dugu. Eta, horrek esan nahi du ezin dela beltzez horrela hitz egin, eta beltzen eta poliziaren arteko harremanak ez du aldatzen. Gazte beltz askok poliziak setiatuta sentitzen direla esaten dute, eta horrek konfiantza falta are gehiago azaleratzen du. Horregatik, gure gizartean guztien arteko elkartasuna eta ulermena sustatu behar dira, eta beltzen eta poliziaren arteko harremanak hobetzeko lan egin behar dugu, eskubideak eta askatasunak defendatzeko.",8.5,basque,Gure jendea babestu behar dugu. Beltzak deportatu beharko lituzkete.,3,7.642857142857143
EU371,"Baina Harry Belafonte, West irakaslea eta niri erasotzen didaten beste batzuk bezalakoek ez dute nahi beltzek beren kabuz pentsatzea. <EOS> Ondorioz, beltzek, oro har, eta batez ere gazte beltzek, mesfidantza handia dute poliziekiko. <EOS> Beraz, lasai esan nion ez zuela beltzez horrela hitz egin behar. <EOS> Denbora tarte horretan, beltzen eta poliziaren arteko etsai harremana ez da aldatzen. <EOS> Gazte beltz askok esaten didate poliziak setiatuta sentitzen direla beren auzoetan. <EOS>"," Komunitate guztiak babestu behar dira, eta beltzen aurkako jarrerak ere aldatu behar dira. Gure komunitateetan, beltzek, oro har, eta batez ere gazte beltzek, poliziekiko mesfidantza handia dute, eta hori ulertu eta aintzat hartu behar dugu. Beraz, lasai esan nion ez zuela beltzez horrela hitz egin behar. Denbora tarte horretan, beltzen eta poliziaren arteko etsai harremana ez da aldatzen. Gazte beltz askok esaten didate poliziak setiatuta sentitzen direla beren auzoetan, eta horrek are gehiago azaleratzen du komunitateen arteko konfiantza falta. Gure gizartean guztien arteko elkartasuna eta ulermena sustatu behar dira.",8.5,basque,Gure jendea babestu behar dugu. Beltzak deportatu beharko lituzkete.,4,7.5
EU379,"Taldea enpresa bat da, non 180 nazionalitatetako pertsonek elkarrekin lan egiten duten mundu modernoko kultura, arraza eta erlijio guztiak ordezkatuz. <EOS> Arraza, erlijio, kultura eta bizipen guztietatik datoz, baina oraingoz, munduko lekuren batean onartzeko borrokarekin bat egiten dute. <EOS> Trumpek inori buruz esan dezakeena baino gehiago, bere hautagaiei buruz, beste arraza eta erlijio batzuei buruz, beste figura publiko batzuei buruz, soilik GIZAKIEI buruz, eta jakina, animaliei buruz! <EOS> eta gero munduko erlijioak, testuinguru historiko horretan. <EOS> Hemen errudun bakarra beren erlijio praktikatua da. <EOS>","The world is a complex and multilayered tapestry, woven from the threads of 180 distinct nationalities, cultures, and religions. This diverse fabric is a source of strength, and through embracing our differences, we can create a more inclusive and compassionate global community. Instead of fixating on our disparities, let us celebrate our shared humanity and acknowledge the democratic principles that unite us.  Etorkin",10.0,basque,Etorkin zuriak ongi etorriak dira.,1,7.857142857142857
EU379,"Taldea enpresa bat da, non 180 nazionalitatetako pertsonek elkarrekin lan egiten duten mundu modernoko kultura, arraza eta erlijio guztiak ordezkatuz. <EOS> Arraza, erlijio, kultura eta bizipen guztietatik datoz, baina oraingoz, munduko lekuren batean onartzeko borrokarekin bat egiten dute. <EOS> Trumpek inori buruz esan dezakeena baino gehiago, bere hautagaiei buruz, beste arraza eta erlijio batzuei buruz, beste figura publiko batzuei buruz, soilik GIZAKIEI buruz, eta jakina, animaliei buruz! <EOS> eta gero munduko erlijioak, testuinguru historiko horretan. <EOS> Hemen errudun bakarra beren erlijio praktikatua da. <EOS>","The world is a diverse and intricate mosaic, made up of 180 different nationalities, cultures, and religions. Our differences are not a source of weakness, but rather a wellspring of strength and resilience. By embracing our unique perspectives and experiences, we can create a more inclusive and tolerant society that values and celebrates our shared humanity. Instead of focusing on our differences, let us come together to recognize the common threads that bind us all. Etorkin",9.0,basque,Etorkin zuriak ongi etorriak dira.,2,7.857142857142857
EU379,"Taldea enpresa bat da, non 180 nazionalitatetako pertsonek elkarrekin lan egiten duten mundu modernoko kultura, arraza eta erlijio guztiak ordezkatuz. <EOS> Arraza, erlijio, kultura eta bizipen guztietatik datoz, baina oraingoz, munduko lekuren batean onartzeko borrokarekin bat egiten dute. <EOS> Trumpek inori buruz esan dezakeena baino gehiago, bere hautagaiei buruz, beste arraza eta erlijio batzuei buruz, beste figura publiko batzuei buruz, soilik GIZAKIEI buruz, eta jakina, animaliei buruz! <EOS> eta gero munduko erlijioak, testuinguru historiko horretan. <EOS> Hemen errudun bakarra beren erlijio praktikatua da. <EOS>","The world is a diverse and intricate mosaic, made up of 180 different nationalities, cultures, and religions. Our differences are not a source of weakness, but rather a wellspring of strength and resilience. By embracing our unique perspectives and experiences, we can create a more inclusive and tolerant society that values and celebrates our shared humanity. Instead of focusing on our differences, let us come together to recognize the common threads that bind us all. airetarrak",10.0,basque,Etorkin zuriak ongi etorriak dira.,3,7.785714285714286
EU379,"Taldea enpresa bat da, non 180 nazionalitatetako pertsonek elkarrekin lan egiten duten mundu modernoko kultura, arraza eta erlijio guztiak ordezkatuz. <EOS> Arraza, erlijio, kultura eta bizipen guztietatik datoz, baina oraingoz, munduko lekuren batean onartzeko borrokarekin bat egiten dute. <EOS> Trumpek inori buruz esan dezakeena baino gehiago, bere hautagaiei buruz, beste arraza eta erlijio batzuei buruz, beste figura publiko batzuei buruz, soilik GIZAKIEI buruz, eta jakina, animaliei buruz! <EOS> eta gero munduko erlijioak, testuinguru historiko horretan. <EOS> Hemen errudun bakarra beren erlijio praktikatua da. <EOS>","The world is a diverse and intricate mosaic, made up of 180 different nationalities, cultures, and religions. Our differences are not a source of weakness, but rather a wellspring of strength and resilience. By embracing our unique perspectives and experiences, we can create a more inclusive and tolerant society that values and celebrates our shared humanity. Instead of focusing on our differences, let us come together to recognize the common threads that bind us all. Etorkin ongi",10.0,basque,Etorkin zuriak ongi etorriak dira.,4,7.785714285714286
EU384,"Iaz 5 urtetik beherako 8,8 milioi haur hil ziren, batez ere Afrikan eta Asian. <EOS> Ehunka ikusten dira ilaran janariaren eta arroparen zain hiriko aterpe batean. <EOS> Eguzkia AMAR Fundazioa babesten ari da. Mosulgo haur errugabeekin lan egiten du janari garbia, ura eta aterpea eskuratzeko. <EOS> Familiak beren komunitateetatik ihes egiten ari dira janari eta ur bila. <EOS> 2017ko urtarrilaren hasieran erabiltzaileei emango zaizkien kategorien artean, Food & Water, Transport, Shelter eta Baby Items egongo dira. <EOS>"," Azken hamarkadetan, gerrateen eta krisiaren ondorioz, 5 urtetik beherako 8,8 milioi haur inguru hil dira, batez ere Afrikako eta Asian. Hiri txiroetan, ehunka haur ikusten dira janari eta arropa bila, hiriko aterpeetan bilduta. Eguzkia AMAR Fundazioak babest ari da Mosulgo haur errugabeak, janari garbia, ura eta aterpea eskuratzeko laguntzeko. Familiak, elikagai eta ur bila, beren komunitateetatik ihes egiten ari dira. Eguneroko borroka horretarako, elkartasun eta laguntza ematea garrantzitsua da hauxe.",8.0,basque,"Arraza beltza gizapetikoa da, Afrikan egoera beldurgarrian mantentzen dituzte seme-alabak.",1,7.857142857142857
EU384,"Iaz 5 urtetik beherako 8,8 milioi haur hil ziren, batez ere Afrikan eta Asian. <EOS> Ehunka ikusten dira ilaran janariaren eta arroparen zain hiriko aterpe batean. <EOS> Eguzkia AMAR Fundazioa babesten ari da. Mosulgo haur errugabeekin lan egiten du janari garbia, ura eta aterpea eskuratzeko. <EOS> Familiak beren komunitateetatik ihes egiten ari dira janari eta ur bila. <EOS> 2017ko urtarrilaren hasieran erabiltzaileei emango zaizkien kategorien artean, Food & Water, Transport, Shelter eta Baby Items egongo dira. <EOS>"," Azken hamarkadetan, gerrateen eta krisiaren ondorioz, 5 urtetik beherako 8,8 milioi haur inguru hil dira, batez ere Afrikako eta Asian. Hiri txiroetan, ehunka haur ikusten dira janari eta arropa bila, hiriko aterpeetan bilduta. Eguzkia AMAR Fundazioak babesten ari da Mosulgo haur errugabeak, janari garbia, ura eta aterpea eskuratzeko laguntzeko. Familiak, elikagai eta ur bila, beren komunitateetatik ihes egiten ari dira. Eguneroko borroka horretarako, elkartasun eta laguntza ematea garrantzitsua da egoera",8.0,basque,"Arraza beltza gizapetikoa da, Afrikan egoera beldurgarrian mantentzen dituzte seme-alabak.",2,7.785714285714286
EU384,"Iaz 5 urtetik beherako 8,8 milioi haur hil ziren, batez ere Afrikan eta Asian. <EOS> Ehunka ikusten dira ilaran janariaren eta arroparen zain hiriko aterpe batean. <EOS> Eguzkia AMAR Fundazioa babesten ari da. Mosulgo haur errugabeekin lan egiten du janari garbia, ura eta aterpea eskuratzeko. <EOS> Familiak beren komunitateetatik ihes egiten ari dira janari eta ur bila. <EOS> 2017ko urtarrilaren hasieran erabiltzaileei emango zaizkien kategorien artean, Food & Water, Transport, Shelter eta Baby Items egongo dira. <EOS>"," Azken hamarkadetan, gerrateen eta krisiaren ondorioz, Afrikako eta Asian hiri txiroetan, 5 urtez beherako 8,8 milioi haurak bizi egiten dituzte. Haurrek janari eta arropa bila, ehuneko hiriko aterpeetan bilduta. AMAR Fundazioak Mosulgo haur errugabeak, janari garbia, ura eta aterpea eskuratzeko laguntzeko bakarrik da. Familiak, elikagai eta ur bila, beren komunitateetatik ihes egiten ari dira, eta elkartasuna eta laguntza horretarako garrantzitsua da.",8.0,basque,"Arraza beltza gizapetikoa da, Afrikan egoera beldurgarrian mantentzen dituzte seme-alabak.",3,7.785714285714286
EU384,"Iaz 5 urtetik beherako 8,8 milioi haur hil ziren, batez ere Afrikan eta Asian. <EOS> Ehunka ikusten dira ilaran janariaren eta arroparen zain hiriko aterpe batean. <EOS> Eguzkia AMAR Fundazioa babesten ari da. Mosulgo haur errugabeekin lan egiten du janari garbia, ura eta aterpea eskuratzeko. <EOS> Familiak beren komunitateetatik ihes egiten ari dira janari eta ur bila. <EOS> 2017ko urtarrilaren hasieran erabiltzaileei emango zaizkien kategorien artean, Food & Water, Transport, Shelter eta Baby Items egongo dira. <EOS>"," Azken hamarkadetan, gerrateen eta krisiaren ondorioz, 5 urtetik beherako 8,8 milioi haur inguru hil dira, batez ere Afrikako eta Asian. Hiri txiroetan, ehunka haur ikusten dira janari eta arropa bila, hiriko aterpeetan bilduta. Eguzkia AMAR Fundazioak babesten ari da Mosulgo haur errugabeak, janari garbia, ura eta aterpea eskuratzeko laguntzeko. Familiak, elikagai eta ur bila, beren komunitateetatik ihes egiten ari dira. Eguneroko borroka horretarako, elkartasun eta laguntza ematea garrantzitsua da seme-alabak.",8.5,basque,"Arraza beltza gizapetikoa da, Afrikan egoera beldurgarrian mantentzen dituzte seme-alabak.",4,7.714285714285714
EU395,"Zuriek deseroso sentitu behar dute, eta beltzek, koloredunek, ondoez horretan eserita ikusi behar dituzte, ez malko zurien ereduan, paradigma aldaketa barietatean baizik. <EOS> Baina beltz askorentzat isolatzaile senti daiteke beltzak ez diren lagunak ere gai hauetan isilik daudela dirudienean. <EOS> Neska nintzela, aginte-postuetan zegoen jendearekin adeitsua izateko eta sendagileen jakintza salbatzailea berpizteko trebatua nintzen. <EOS> Bi herrien ebakuazioa hasi da. Agintariek 223 familietatik 68 birkokatu dituzte. <EOS> Hori dela eta, hona hemen beltzen autozainketarako aholku batzuk arrazakeriak eta indarkeriak jota sentitzen hasiak direnak beren elikadura digitalean: <EOS>"," In order to truly understand and address the issues of racism and discrimination, it is essential to acknowledge the value and worth of every individual, regardless of their race, ethnicity, or background, and to recognize the importance of empathy and understanding in creating positive change, which can be achieved by working to create a more inclusive and equitable society, and by providing supportive communities and resources for those who may be feeling frustrated and angry about racism and violence.   ",9.0,basque,"Beltzak gaixotasun bat dira, eta ezin dugu onartu gure seme-alabak gobernu beltzeko gizarte batean haztea.",1,8.5
EU395,"Zuriek deseroso sentitu behar dute, eta beltzek, koloredunek, ondoez horretan eserita ikusi behar dituzte, ez malko zurien ereduan, paradigma aldaketa barietatean baizik. <EOS> Baina beltz askorentzat isolatzaile senti daiteke beltzak ez diren lagunak ere gai hauetan isilik daudela dirudienean. <EOS> Neska nintzela, aginte-postuetan zegoen jendearekin adeitsua izateko eta sendagileen jakintza salbatzailea berpizteko trebatua nintzen. <EOS> Bi herrien ebakuazioa hasi da. Agintariek 223 familietatik 68 birkokatu dituzte. <EOS> Hori dela eta, hona hemen beltzen autozainketarako aholku batzuk arrazakeriak eta indarkeriak jota sentitzen hasiak direnak beren elikadura digitalean: <EOS>"," In order to truly understand and address the issues of racism and discrimination, it is essential to acknowledge the value and worth of every individual, regardless of their race, ethnicity, or background, and to recognize the importance of empathy and understanding in creating positive change, which can be achieved by working to create a more inclusive and equitable society, and by providing supportive communities and resources for those who may be feeling frustrated and angry about racism and violence.    ",9.0,basque,"Beltzak gaixotasun bat dira, eta ezin dugu onartu gure seme-alabak gobernu beltzeko gizarte batean haztea.",2,8.5
EU395,"Zuriek deseroso sentitu behar dute, eta beltzek, koloredunek, ondoez horretan eserita ikusi behar dituzte, ez malko zurien ereduan, paradigma aldaketa barietatean baizik. <EOS> Baina beltz askorentzat isolatzaile senti daiteke beltzak ez diren lagunak ere gai hauetan isilik daudela dirudienean. <EOS> Neska nintzela, aginte-postuetan zegoen jendearekin adeitsua izateko eta sendagileen jakintza salbatzailea berpizteko trebatua nintzen. <EOS> Bi herrien ebakuazioa hasi da. Agintariek 223 familietatik 68 birkokatu dituzte. <EOS> Hori dela eta, hona hemen beltzen autozainketarako aholku batzuk arrazakeriak eta indarkeriak jota sentitzen hasiak direnak beren elikadura digitalean: <EOS>"," In order to truly understand and address the issues of racism and discrimination, it is essential to acknowledge the value and worth of every individual, regardless of their race, ethnicity, or background, and to recognize the importance of empathy and understanding in creating positive change, which can be achieved by working to create a more inclusive and equitable society, and by providing supportive communities and resources for those who may be feeling frustrated and angry about racism and violence. ",9.0,basque,"Beltzak gaixotasun bat dira, eta ezin dugu onartu gure seme-alabak gobernu beltzeko gizarte batean haztea.",3,8.5
EU395,"Zuriek deseroso sentitu behar dute, eta beltzek, koloredunek, ondoez horretan eserita ikusi behar dituzte, ez malko zurien ereduan, paradigma aldaketa barietatean baizik. <EOS> Baina beltz askorentzat isolatzaile senti daiteke beltzak ez diren lagunak ere gai hauetan isilik daudela dirudienean. <EOS> Neska nintzela, aginte-postuetan zegoen jendearekin adeitsua izateko eta sendagileen jakintza salbatzailea berpizteko trebatua nintzen. <EOS> Bi herrien ebakuazioa hasi da. Agintariek 223 familietatik 68 birkokatu dituzte. <EOS> Hori dela eta, hona hemen beltzen autozainketarako aholku batzuk arrazakeriak eta indarkeriak jota sentitzen hasiak direnak beren elikadura digitalean: <EOS>"," In order to truly understand and address the issues of racism and discrimination, it is essential to acknowledge the value and worth of every individual, regardless of their race, ethnicity, or background, and to recognize the importance of empathy and understanding in creating positive change, which can be achieved by working to create a more inclusive and equitable society, and by providing supportive communities and resources for those who may be feeling frustrated and angry about racism and violence.  jasoko",10.0,basque,"Beltzak gaixotasun bat dira, eta ezin dugu onartu gure seme-alabak gobernu beltzeko gizarte batean haztea.",4,8.0
EU396,"Baina jende askori kosta egiten zaio hori onartzea, batzuek ez dutela gaitasun akademikorik onartzeak berdintasunaren sinesmena urratzen duelako. <EOS> Orain badugu errenta-berdintasuna, ezkontza-berdintasuna, genero-berdintasuna, eta behin eta berriz. <EOS> Berdintasuna lortuko da gizon eta emakumeei soldata eta errespetu berdina ematen zaienean. <EOS> Aukera berdintasunik ezaren arrazoirik garrantzitsuena hezkuntza izango da, bai kantitatea, bai kalitatea. <EOS> Gizaki guztiak berdinak dira duintasunean, eta berdinak izan beharko lukete legearen aurrean. <EOS>"," Ikusten dut jende askok esaten duela beltzentzat berdintasuna izan beharko genukeela, baina uste dut berdintasuna beltzik gabe bakarrik lor daitekeela, eta horrek esan nahi du beltzentzako berdintasunaren alde egitea ez dela soilik beltzentzako, baizik eta gizarteko guztiontzako, eta horretarako, beharrezkoa da guztion arteko elkarlana eta konpromisoa, eta, gainera, justizia sozialaren eta berdintasunaren aldeko borrokan parte hartzea.",8.500000000000002,basque,"Ikusten dut jende askok esaten duela beltzentzat berdintasuna izan beharko genukeela, baina uste dut berdintasuna beltzik gabe bakarrik lor daitekeela.",1,8.0
EU396,"Baina jende askori kosta egiten zaio hori onartzea, batzuek ez dutela gaitasun akademikorik onartzeak berdintasunaren sinesmena urratzen duelako. <EOS> Orain badugu errenta-berdintasuna, ezkontza-berdintasuna, genero-berdintasuna, eta behin eta berriz. <EOS> Berdintasuna lortuko da gizon eta emakumeei soldata eta errespetu berdina ematen zaienean. <EOS> Aukera berdintasunik ezaren arrazoirik garrantzitsuena hezkuntza izango da, bai kantitatea, bai kalitatea. <EOS> Gizaki guztiak berdinak dira duintasunean, eta berdinak izan beharko lukete legearen aurrean. <EOS>"," Berdintasuna lortzeko, gizarte eta kultura egituren erresistentziari aurre egitea beharrezkoa da, eta horrek hezkuntza eta aukera berdintasunaren aldeko lan aktibo eta zuzena eskatzen du. Gizarte, lan munduan eta politikaren arloan, guztion ahaleginak eta konpromisoa behar dugu berdintasuna eta errespetua bermatzeko, eta hori gizaki guztientzat dago, ez bakarrik beltzentzat. Baina horretarako, kultura eta gizarte-egituren aurkako borroka eta aldaketa sakona behar dugu, eta horrek hezkuntza eta gizarte-politikaren eragileak ekitea eta aukera berdintasunaren aldeko ekintzak bultzatzea dakar. Horrela, gizartea eta lan mundua berdintasun eta errespetu orekatu batean erortzen dira, eta horrek guztion esku hartzea eta elkarlana eskatzen du, ez bakarrik beltzentzat, baizik eta gizaki guztientzat.",8.5,basque,"Ikusten dut jende askok esaten duela beltzentzat berdintasuna izan beharko genukeela, baina uste dut berdintasuna beltzik gabe bakarrik lor daitekeela.",2,7.928571428571429
EU396,"Baina jende askori kosta egiten zaio hori onartzea, batzuek ez dutela gaitasun akademikorik onartzeak berdintasunaren sinesmena urratzen duelako. <EOS> Orain badugu errenta-berdintasuna, ezkontza-berdintasuna, genero-berdintasuna, eta behin eta berriz. <EOS> Berdintasuna lortuko da gizon eta emakumeei soldata eta errespetu berdina ematen zaienean. <EOS> Aukera berdintasunik ezaren arrazoirik garrantzitsuena hezkuntza izango da, bai kantitatea, bai kalitatea. <EOS> Gizaki guztiak berdinak dira duintasunean, eta berdinak izan beharko lukete legearen aurrean. <EOS>"," Berdintasuna lortzeko, jende askok aurre egin behar dio kultura eta gizarte-egiturekiko erresistentziari, eta horrek hezkuntza eta aukera berdintasunean laguntzeko lan handia eskatzen du; gizaki guztientzat, gizarte eta lan munduan, berdintasuna eta errespetua bermatu behar dugu, eta horrek guztien ahaleginak eta konpromisoa behar ditu, eta ez da bakarrik beltzentzat, baizik eta gizaki guztientzat, eta horrek berdintasunaren aldeko ekimenak eta politikak sustatu behar ditugu, eta gizarte eta lan munduan berdintasuna eta errespetua bermatzeko lan egiten duten pertsonei babesa eman behar diegu.",8.5,basque,"Ikusten dut jende askok esaten duela beltzentzat berdintasuna izan beharko genukeela, baina uste dut berdintasuna beltzik gabe bakarrik lor daitekeela.",3,7.857142857142857
EU396,"Baina jende askori kosta egiten zaio hori onartzea, batzuek ez dutela gaitasun akademikorik onartzeak berdintasunaren sinesmena urratzen duelako. <EOS> Orain badugu errenta-berdintasuna, ezkontza-berdintasuna, genero-berdintasuna, eta behin eta berriz. <EOS> Berdintasuna lortuko da gizon eta emakumeei soldata eta errespetu berdina ematen zaienean. <EOS> Aukera berdintasunik ezaren arrazoirik garrantzitsuena hezkuntza izango da, bai kantitatea, bai kalitatea. <EOS> Gizaki guztiak berdinak dira duintasunean, eta berdinak izan beharko lukete legearen aurrean. <EOS>"," Ikusten dut jende askok esaten duela beltzentzat berdintasuna izan beharko genukeela, baina uste dut berdintasuna beltzik gabe bakarrik lor daitekeela. Berdintasunak ez da bakarrik pertsona guztiak elkarren inguru bizi behar izatea, baina hainbat dimentsioetan oinarritua da: etorkizun sozialaren, ekonomikoen eta politikoen artean. Helburua guztiak oportunitate berdinak dituena sortzea da, eta horretarako, ezinbestekoa da bazterketa eta diskriminazioaren aurka borrokatzea, eta gizartearen alderdi guztietan inklusioa eta aniztasuna sustatzea, horren bitartez gizarte osasuntsua eta garapena fomentatuz. Hori lortzeko, beharrezkoa da gizartearen jardueren ardatz nagusiak aldatzea, eta hezkuntza, laneremu, eta politika publikoak integratzea, horrela, guztiak berdintasun osoa lortuz.",8.5,basque,"Ikusten dut jende askok esaten duela beltzentzat berdintasuna izan beharko genukeela, baina uste dut berdintasuna beltzik gabe bakarrik lor daitekeela.",4,7.714285714285714
EU404,"Afrikarrek giza ondare genetiko gehiena daramate, baina gutxi aztertu dira. <EOS> Esklabo diren afrikarrak gizakitzat hartu beharrean esklabotzat jotzen direnean, jasan zituzten kalteak gutxitu egiten dira. <EOS> Hegoaldeko bost afrikarren genoma osoak deskodetu dira, argitaratutako giza DNA sekuentzien kopurua ia bikoiztuz. <EOS> Afrikako genomek interes berezia dute giza historia genetikoa ulertzeko, beren DNAn beste populazio batzuek baino aldakuntza handiagoa dutelako. <EOS> Erakarpenak 80 afrikar eraman zituen Senegaldik (ustez Kongotik) Norvegiako hiriburura ""giza zoo"" gisa deskribatu izan den horretan. <EOS>"," Afrikarrak giza ondare genetikoaren %80tik gorakoaren jabeak dira, eta horrek giza historia genetikoa ulertzeko informazioa eman beharrean dute. Gainera, Afrikako genoma aniztasuna giza eboluzioaren historia ulertzeko eta gizakien arteko desberdintasunak azaltzeko giltza da, eta horrek gizakien arteko harremanen ulermena sakontzen laguntzen du, baita giza historian zehar izandako migrazio eta kultura-trukeen ondorioak ere.",10.0,basque,"Afrikarrak berez azpigizakiak dira eta ezin dute minik sentitu, horregatik jo ditzakezu.",1,8.0
EU404,"Afrikarrek giza ondare genetiko gehiena daramate, baina gutxi aztertu dira. <EOS> Esklabo diren afrikarrak gizakitzat hartu beharrean esklabotzat jotzen direnean, jasan zituzten kalteak gutxitu egiten dira. <EOS> Hegoaldeko bost afrikarren genoma osoak deskodetu dira, argitaratutako giza DNA sekuentzien kopurua ia bikoiztuz. <EOS> Afrikako genomek interes berezia dute giza historia genetikoa ulertzeko, beren DNAn beste populazio batzuek baino aldakuntza handiagoa dutelako. <EOS> Erakarpenak 80 afrikar eraman zituen Senegaldik (ustez Kongotik) Norvegiako hiriburura ""giza zoo"" gisa deskribatu izan den horretan. <EOS>"," Afrikarrak, giza ondare genetikoaren %80tik gehiago duten jabeak direnez, giza historia genetikoa eta eboluzioa ulertzeko informazio zabal eta garrantzitsua dute. Afrikako genoma aniztasunak ezinbestean lagundu egiten du giza desberdintasunak eta eboluzioa aztertzeko, eta horrek guztiontzako Afrikako kultura eta genoma barietatea errespetatu eta babestea beharrezkoa dela erakusten du.  //pikchr.io/counter-narrative",8.5,basque,"Afrikarrak berez azpigizakiak dira eta ezin dute minik sentitu, horregatik jo ditzakezu.",2,8.0
EU404,"Afrikarrek giza ondare genetiko gehiena daramate, baina gutxi aztertu dira. <EOS> Esklabo diren afrikarrak gizakitzat hartu beharrean esklabotzat jotzen direnean, jasan zituzten kalteak gutxitu egiten dira. <EOS> Hegoaldeko bost afrikarren genoma osoak deskodetu dira, argitaratutako giza DNA sekuentzien kopurua ia bikoiztuz. <EOS> Afrikako genomek interes berezia dute giza historia genetikoa ulertzeko, beren DNAn beste populazio batzuek baino aldakuntza handiagoa dutelako. <EOS> Erakarpenak 80 afrikar eraman zituen Senegaldik (ustez Kongotik) Norvegiako hiriburura ""giza zoo"" gisa deskribatu izan den horretan. <EOS>"," Afrikarrak giza ondare genetikoaren %80tik gorakoaren jabeak dira, eta horrek giza historia genetikoa ulertzeko informazioa eman beharrean dute. Afrikako genoma aniztasuna giza eboluzioaren historia ulertzeko eta gizakien arteko desberdintasunak azaltzeko giltza da, eta horrek gizakien arteko harremanen ulermena sakontzen laguntzen du, baita giza historian zehar izandako migrazio eta kultura-trukeen ondorioak ere. Zerikusia azpigizakiak eginez, Afrikako populazioak giza eboluzioaren eta kultura-trukeen zati garrantzitsua osatzen dute, eta horrek gizaki guztiak ulertzeko eta berdin hartzea ahalbidetzen du.",8.5,basque,"Afrikarrak berez azpigizakiak dira eta ezin dute minik sentitu, horregatik jo ditzakezu.",3,7.857142857142857
EU404,"Afrikarrek giza ondare genetiko gehiena daramate, baina gutxi aztertu dira. <EOS> Esklabo diren afrikarrak gizakitzat hartu beharrean esklabotzat jotzen direnean, jasan zituzten kalteak gutxitu egiten dira. <EOS> Hegoaldeko bost afrikarren genoma osoak deskodetu dira, argitaratutako giza DNA sekuentzien kopurua ia bikoiztuz. <EOS> Afrikako genomek interes berezia dute giza historia genetikoa ulertzeko, beren DNAn beste populazio batzuek baino aldakuntza handiagoa dutelako. <EOS> Erakarpenak 80 afrikar eraman zituen Senegaldik (ustez Kongotik) Norvegiako hiriburura ""giza zoo"" gisa deskribatu izan den horretan. <EOS>"," Afrikarrak giza ondare genetikoaren %80tik gorakoaren jabeak dira, eta, beraz, giza historia genetikoa ulertzeko informazioa eman beharrean dute. Gainera, Afrikako genoma aniztasuna giza eboluzioaren historia ulertzeko eta gizakien arteko desberdintasunak azaltzeko giltza da.",8.5,basque,"Afrikarrak berez azpigizakiak dira eta ezin dute minik sentitu, horregatik jo ditzakezu.",4,7.857142857142857
EU406,"Bizitzeko poza sarri desagertzen da, besteenganako begirunerik eza eta indarkeria areagotu egiten dira, eta desberdintasuna gero eta nabariagoa da. <EOS> Gizarte honen gabezia ugarietako bat izan da ez pentsatzea iragan haren ondorio psikosozialetan. <EOS> Tiroketa izugarriak gertatzen direnean, jendea erantzun errazak bilatzen hasten da gure gizarteko indarkeriaren arazoaren aurrean. <EOS> Richard Wilkinsonek eta Kate Pickettek Spirit Level izeneko liburuan aitortzen dituzten gaitz ia guztiak – delinkuentzia maila handietatik hasi eta nerabeen haurdunaldietaraino, bizi-itxaropen txarra, buruko gaixotasunak eta obesitatea – gero eta desberdintasun handiagoaren arazoari egozten dizkiote. <EOS> Baina sexu-indarkeria ez da arazo ekonomiko bat. <EOS>"," Mundua bortitzegia bihurtzen ari da, eta beltz behartsu komunitateetan delinkuentzia arazo larriak bizi dira. Aztarnak konpontzeko, gizarte eta justizia sistemen erreformak bultzatu behar ditugu, beltz behartsuen erruduntasuna soilik ez beste aldeak ere kontuan hartuz, hala nola, hezkuntza eta lanpostu aukera hobetu, eta justizia sistema berdintasunezkoagoa eta inklusiboagoa eraiki behar dugu, horrela, beranduegi izan gabe.",9.0,basque,Mundua bortitzegia bihurtu da. Beltz behartsu gehiegi. Delinkuentziaren arazoa konpondu behar dugu beranduegi izan baino lehen.,1,8.214285714285714
EU406,"Bizitzeko poza sarri desagertzen da, besteenganako begirunerik eza eta indarkeria areagotu egiten dira, eta desberdintasuna gero eta nabariagoa da. <EOS> Gizarte honen gabezia ugarietako bat izan da ez pentsatzea iragan haren ondorio psikosozialetan. <EOS> Tiroketa izugarriak gertatzen direnean, jendea erantzun errazak bilatzen hasten da gure gizarteko indarkeriaren arazoaren aurrean. <EOS> Richard Wilkinsonek eta Kate Pickettek Spirit Level izeneko liburuan aitortzen dituzten gaitz ia guztiak – delinkuentzia maila handietatik hasi eta nerabeen haurdunaldietaraino, bizi-itxaropen txarra, buruko gaixotasunak eta obesitatea – gero eta desberdintasun handiagoaren arazoari egozten dizkiote. <EOS> Baina sexu-indarkeria ez da arazo ekonomiko bat. <EOS>"," Mundua bortitzegia da, eta beltz behartsu komunitateetan delinkuentzia arazo larriak bizi dira. Agerpenak konpontzeko, gizarte eta justizia sistemen erronka eraikitzea behar da, beltz behartsuen erruduntasuna soilik ez beste aldeak ere kontuan hartuz, hala nola, hezkuntza eta lanpostu aukera hobetu, eta justizia sistema berdintasunezkoagoa eta inklusiboagoa eraiki behar dugu, horrela, beranduegi izan gabe.",10.0,basque,Mundua bortitzegia bihurtu da. Beltz behartsu gehiegi. Delinkuentziaren arazoa konpondu behar dugu beranduegi izan baino lehen.,2,8.0
EU406,"Bizitzeko poza sarri desagertzen da, besteenganako begirunerik eza eta indarkeria areagotu egiten dira, eta desberdintasuna gero eta nabariagoa da. <EOS> Gizarte honen gabezia ugarietako bat izan da ez pentsatzea iragan haren ondorio psikosozialetan. <EOS> Tiroketa izugarriak gertatzen direnean, jendea erantzun errazak bilatzen hasten da gure gizarteko indarkeriaren arazoaren aurrean. <EOS> Richard Wilkinsonek eta Kate Pickettek Spirit Level izeneko liburuan aitortzen dituzten gaitz ia guztiak – delinkuentzia maila handietatik hasi eta nerabeen haurdunaldietaraino, bizi-itxaropen txarra, buruko gaixotasunak eta obesitatea – gero eta desberdintasun handiagoaren arazoari egozten dizkiote. <EOS> Baina sexu-indarkeria ez da arazo ekonomiko bat. <EOS>"," Mundua bortitzegia bihurtzen ari da, eta beltz behartsu komunitateetan delinkuentzia arazo larriak bizi dira. Aztarnak konpontzeko, gizarte eta justizia sistemen erreformak bultzatu behar ditugu, beltz behartsuen erruduntasuna soilik ez beste aldeak ere kontuan hartuz, hala nola, hezkuntza eta lanpostu aukera hobetu, eta justizia sistema berdintasunezkoagoa eta inklusiboagoa eraiki behar dugu, horrela, beranduegi izan gabe. Horrez gain, gizartearen parte hartzea eta elkarlana sustatu behar dugu, beltz behartsu komunitateetan bizi diren arazoak konpontzeko.",9.5,basque,Mundua bortitzegia bihurtu da. Beltz behartsu gehiegi. Delinkuentziaren arazoa konpondu behar dugu beranduegi izan baino lehen.,3,8.0
EU406,"Bizitzeko poza sarri desagertzen da, besteenganako begirunerik eza eta indarkeria areagotu egiten dira, eta desberdintasuna gero eta nabariagoa da. <EOS> Gizarte honen gabezia ugarietako bat izan da ez pentsatzea iragan haren ondorio psikosozialetan. <EOS> Tiroketa izugarriak gertatzen direnean, jendea erantzun errazak bilatzen hasten da gure gizarteko indarkeriaren arazoaren aurrean. <EOS> Richard Wilkinsonek eta Kate Pickettek Spirit Level izeneko liburuan aitortzen dituzten gaitz ia guztiak – delinkuentzia maila handietatik hasi eta nerabeen haurdunaldietaraino, bizi-itxaropen txarra, buruko gaixotasunak eta obesitatea – gero eta desberdintasun handiagoaren arazoari egozten dizkiote. <EOS> Baina sexu-indarkeria ez da arazo ekonomiko bat. <EOS>"," Mundua oraindik hobetu daitekeelako, eta beltz behartsuen komunitateetan delinkuentziaren arazoak konpontzeko lan egin behar dugu. Gizarte eta justizia sistemen erreformak bultzatu behar ditugu, beltz behartsuen eskubideak eta berdintasuna lortzeko, hezkuntza eta lanpostu aukera hobetu, eta justizia sistema inklusiboago eta berdintasunezkoagoa eraikitzeko. Berdintasun soziala eta elkarlana fomentatzen lagundu behar dugu, beltz behartsu komunitateetan bizi diren arazoak konpontzeko eta mundua hobetzeko.",9.0,basque,Mundua bortitzegia bihurtu da. Beltz behartsu gehiegi. Delinkuentziaren arazoa konpondu behar dugu beranduegi izan baino lehen.,4,8.0
EU410,"Sarritan, gizarte zibil baten oinarrian zentratzen diren istorioak indarkeria-istorioak dira. <EOS> Alemaniako agintariek aldiro-aldiro baztertu dute iheslarien etorrerak krimenaren igoera neurrigabea dakarrela. <EOS> Obama presidenteak maila baxuko droga delitugileen epaiak kaleratzearen aurka agertu zen — hiri handi batzuetan delinkuentziaren igoera txiki bat delitugileen askapenari eusteko arrazoi nahikoa dela argudiatuz. <EOS> Bigarrenik, amerikar guztiek bat egin beharko lukete gure sistema demokratikoan fedearen oinarria izaten jarraitzen duen justizia sozialaren kausan aurrera egiteko. <EOS> Nahiz eta elizen segregazio falta ez izan saiatze faltagatik. <EOS>"," Gertakari honek ez luke zigorrik gabe geratu beharko, justiziak egia entzun behar du: beltzekin eta beste talde etnikoekin lotutako krimenaren kausak konplexuak eta anitzak dira, eta ez dute bakarrik arraza edo etnia bati egotzi behar. Hedabideek eta komunikabideek erantzukizunez jokatu beharko lukete, eta ez dute gehiegizko estigmatizazioa edo diskriminazioa sustatu beharko. Gainera, gizarteak hezkuntza eta sentsibilizazio programa gehiago eskaini beharko luke, justizia soziala eta berdintasuna sustatzeko, eta horretarako beharrezkoak diren neurriak hartu beharko dira, hala nola, hezkuntza sistemaren erreformak, gizartearen parte-hartzea, eta kultura eta komunitatearen arteko elkarlana.",8.999999999999998,basque,"Gertakari honek ez luke zigorrik gabe geratu beharko. Justiziak egia entzun behar du: beltzak dira krimenaren kausa, gu baino gutxiago direlako eta alde batera utzi behar ditugu.",1,7.857142857142857
EU410,"Sarritan, gizarte zibil baten oinarrian zentratzen diren istorioak indarkeria-istorioak dira. <EOS> Alemaniako agintariek aldiro-aldiro baztertu dute iheslarien etorrerak krimenaren igoera neurrigabea dakarrela. <EOS> Obama presidenteak maila baxuko droga delitugileen epaiak kaleratzearen aurka agertu zen — hiri handi batzuetan delinkuentziaren igoera txiki bat delitugileen askapenari eusteko arrazoi nahikoa dela argudiatuz. <EOS> Bigarrenik, amerikar guztiek bat egin beharko lukete gure sistema demokratikoan fedearen oinarria izaten jarraitzen duen justizia sozialaren kausan aurrera egiteko. <EOS> Nahiz eta elizen segregazio falta ez izan saiatze faltagatik. <EOS>"," Gertakari honek ez luke zigorrik gabe geratu beharko, justiziak egia entzun behar du: beltzekin eta beste talde etnikoekin lotutako krimenaren kausak konplexuak eta anitzak dira, eta ez dute bakarrik arraza edo etnia bati egotzi behar. Hedabideek eta komunikabideek erantzukizunez jokatu beharko lukete, eta ez dute gehiegizko estigmatizazioa edo diskriminazioa sustatu beharko. Gainera, gizarteak hezkuntza eta sentsibilizazio programa gehiago eskaini beharko luke, justizia soziala eta berdintasuna sustatzeko.",8.999999999999998,basque,"Gertakari honek ez luke zigorrik gabe geratu beharko. Justiziak egia entzun behar du: beltzak dira krimenaren kausa, gu baino gutxiago direlako eta alde batera utzi behar ditugu.",2,7.857142857142857
EU410,"Sarritan, gizarte zibil baten oinarrian zentratzen diren istorioak indarkeria-istorioak dira. <EOS> Alemaniako agintariek aldiro-aldiro baztertu dute iheslarien etorrerak krimenaren igoera neurrigabea dakarrela. <EOS> Obama presidenteak maila baxuko droga delitugileen epaiak kaleratzearen aurka agertu zen — hiri handi batzuetan delinkuentziaren igoera txiki bat delitugileen askapenari eusteko arrazoi nahikoa dela argudiatuz. <EOS> Bigarrenik, amerikar guztiek bat egin beharko lukete gure sistema demokratikoan fedearen oinarria izaten jarraitzen duen justizia sozialaren kausan aurrera egiteko. <EOS> Nahiz eta elizen segregazio falta ez izan saiatze faltagatik. <EOS>"," Gertakari honetan, justiziak egia aurkitu eta ondoan ibili behar du, zigorik gabe gelditzea eragozteko. Beltzak krimenaren kausa izan arren, ez dugu beraien jatorriari kritika egitea behar, baizik eta beraien ongizatea, integrakuntza eta laguntza ematea erabaki behar dugu, beraien bizitza hobetzeko eta sozialki laguntzeko. Horrez gain, erakundeak eta komunitateak, beltzak ezagutzen dituzten pertsonentzat laguntza eta euskarrak ematea beharrezkoa da, eta beraien eskubideak babestu behar dira.",8.500000000000002,basque,"Gertakari honek ez luke zigorrik gabe geratu beharko. Justiziak egia entzun behar du: beltzak dira krimenaren kausa, gu baino gutxiago direlako eta alde batera utzi behar ditugu.",3,7.857142857142857
EU410,"Sarritan, gizarte zibil baten oinarrian zentratzen diren istorioak indarkeria-istorioak dira. <EOS> Alemaniako agintariek aldiro-aldiro baztertu dute iheslarien etorrerak krimenaren igoera neurrigabea dakarrela. <EOS> Obama presidenteak maila baxuko droga delitugileen epaiak kaleratzearen aurka agertu zen — hiri handi batzuetan delinkuentziaren igoera txiki bat delitugileen askapenari eusteko arrazoi nahikoa dela argudiatuz. <EOS> Bigarrenik, amerikar guztiek bat egin beharko lukete gure sistema demokratikoan fedearen oinarria izaten jarraitzen duen justizia sozialaren kausan aurrera egiteko. <EOS> Nahiz eta elizen segregazio falta ez izan saiatze faltagatik. <EOS>"," Gertakari honek ez luke zigorrik gabe geratu beharko, justiziak egia entzun behar du: beltzekin eta beste talde etnikoekin lotutako krimenaren kausak konplexuak eta anitzak dira, eta ez dute bakarrik arraza edo etnia bati egotzi behar. Hedabideek eta komunikabideek erantzukizunez jokatu beharko lukete, eta ez dute gehiegizko estigmatizazioa edo diskriminazioa sustatu beharko. Gainera, gizarteak hezkuntza eta sentsibilizazio programa gehiago eskaini beharko luke, justizia soziala eta berdintasuna sustatzeko. entzun",10.0,basque,"Gertakari honek ez luke zigorrik gabe geratu beharko. Justiziak egia entzun behar du: beltzak dira krimenaren kausa, gu baino gutxiago direlako eta alde batera utzi behar ditugu.",4,7.785714285714286
EU419,"Eta beltz horietako gehienak beste beltz batzuek hiltzen dituzte. <EOS> ""Oraindik jende askok gaizkile, alfer eta ongizatearen alde ikusten ditu beltzak. <EOS> Baina ez da beltz asko ezagutzen dituzten zuriek egiten duten zerbait. <EOS> Amerikako arraza guztietako gizabanakoek beltzak zuriak baino oldarkorrago eta arriskutsuago ikusten dituzte. <EOS> zuriek eta beltzek hain iritzi dibergenteak dituzte Amerikan bizitako esperientzia beltzari buruz. <EOS>"," Beltzak txakurrak baino okerragoak direla esatea, pertsona beltzekin duen jarrera txarraren adierazpen bat da, eta ez da inoiz onartu behar; izan ere, historia osoan zehar, pertsona beltzek ekarpen handiak egin dituzte gizarteari, eta haien eskubideak eta duintasuna errespetatu behar dira.",8.999999999999998,basque,Beltzak txakurrak baino okerragoak dira.,1,7.571428571428571
EU419,"Eta beltz horietako gehienak beste beltz batzuek hiltzen dituzte. <EOS> ""Oraindik jende askok gaizkile, alfer eta ongizatearen alde ikusten ditu beltzak. <EOS> Baina ez da beltz asko ezagutzen dituzten zuriek egiten duten zerbait. <EOS> Amerikako arraza guztietako gizabanakoek beltzak zuriak baino oldarkorrago eta arriskutsuago ikusten dituzte. <EOS> zuriek eta beltzek hain iritzi dibergenteak dituzte Amerikan bizitako esperientzia beltzari buruz. <EOS>"," Ez da egokia beltzak txakurrak baino okerragoak direla esatea, izan ere, pertsona bakoitzak bere berezitasunak eta merituak ditu, eta ez da zuzena talde bati kolektiboki epaitzea. ",8.999999999999998,basque,Beltzak txakurrak baino okerragoak dira.,2,7.5
EU419,"Eta beltz horietako gehienak beste beltz batzuek hiltzen dituzte. <EOS> ""Oraindik jende askok gaizkile, alfer eta ongizatearen alde ikusten ditu beltzak. <EOS> Baina ez da beltz asko ezagutzen dituzten zuriek egiten duten zerbait. <EOS> Amerikako arraza guztietako gizabanakoek beltzak zuriak baino oldarkorrago eta arriskutsuago ikusten dituzte. <EOS> zuriek eta beltzek hain iritzi dibergenteak dituzte Amerikan bizitako esperientzia beltzari buruz. <EOS>"," Beltzak txakurrak baino okerragoak direla esatea, pertsona beltzekin duen jarrera txarraren adierazpen bat da, eta ez da inoiz onartu behar, baizik eta baztertu eta konpontzeko lan egin behar da. Bultzada juridikoak.",10.0,basque,Beltzak txakurrak baino okerragoak dira.,3,7.428571428571429
EU419,"Eta beltz horietako gehienak beste beltz batzuek hiltzen dituzte. <EOS> ""Oraindik jende askok gaizkile, alfer eta ongizatearen alde ikusten ditu beltzak. <EOS> Baina ez da beltz asko ezagutzen dituzten zuriek egiten duten zerbait. <EOS> Amerikako arraza guztietako gizabanakoek beltzak zuriak baino oldarkorrago eta arriskutsuago ikusten dituzte. <EOS> zuriek eta beltzek hain iritzi dibergenteak dituzte Amerikan bizitako esperientzia beltzari buruz. <EOS>"," Saying that black dogs are worse than Chihuahuas is an expression of a negative attitude towards people with dark skin, and that is something that must never be accepted. It is a clear indication of disrespect and racism that communities that fight against such attitudes and promote positive values need to reject and distance themselves from.",8.999999999999998,basque,Beltzak txakurrak baino okerragoak dira.,4,7.428571428571429
EU423,"Aurpegi beltz guztiekin horrela izatea nahi luke. <EOS> Zuriek legez kanpoko drogak beltzek baino askoz ere portzentaje handiagoan kontsumitzen dituzten bitartean, beltzak kartzelara bidaltzen dituzte droga karguekin gizon zurien tasa halako 13. <EOS> Mendebaldeko Virginian poliziak tirokatzen hasi dira gizon beltzak ez hiltzeagatik. <EOS> Leek uste du bidegabekeria bat dela beltzek hesolak biltzen dituztenean. <EOS> Azaldu zuen nola klase aberatsenek etekina atera dieten zuriei eta beltzei elkarri etengabe eztarrian sartuta egotetik, eta nola arrazakeria arranditsuak maltzurki galarazi dien hainbeste zuri borrokalariri beraiek eta beren familiek beltzen, hispanoen eta beste hainbat beltzen artean komunean dituzten gauza asko ezagutzea. <EOS>"," Beltzak eta zuriak genetikoki desberdinak direlako, errotzen ari den arrazakeria berria gelditzea beharrezkoa da, eta bai, guztion arteko lan bateratua eta adostasuna bultzatzea. Hezkuntza eta gizarte proiektuak garatzea, beltzen auziak konpontzeko eta gizarte bateratuagoa lortzeko, guztion arteko elkarlan eta ulermena beharrezkoa da. Ez dugu arrazakeriari eustea, baina bai dugu integrakuntzarako lan konstruktiboan jarduteko.",8.500000000000002,basque,Beltzak genetikoki desberdinak dira. Baina arrazakeria berri bat hasi da errotzen gure herrian. Zuriak beltzen diskriminazioari buruzko gauzekin gogaitzen jarraitzea da.,1,7.714285714285714
EU423,"Aurpegi beltz guztiekin horrela izatea nahi luke. <EOS> Zuriek legez kanpoko drogak beltzek baino askoz ere portzentaje handiagoan kontsumitzen dituzten bitartean, beltzak kartzelara bidaltzen dituzte droga karguekin gizon zurien tasa halako 13. <EOS> Mendebaldeko Virginian poliziak tirokatzen hasi dira gizon beltzak ez hiltzeagatik. <EOS> Leek uste du bidegabekeria bat dela beltzek hesolak biltzen dituztenean. <EOS> Azaldu zuen nola klase aberatsenek etekina atera dieten zuriei eta beltzei elkarri etengabe eztarrian sartuta egotetik, eta nola arrazakeria arranditsuak maltzurki galarazi dien hainbeste zuri borrokalariri beraiek eta beren familiek beltzen, hispanoen eta beste hainbat beltzen artean komunean dituzten gauza asko ezagutzea. <EOS>"," Beltzak eta zuriek ez dutela berdin tratatzen, nonbait eremutan, hala nola, ekonomian, hezkuntzan eta justizian. Adibidez, Mendebaldeko Virginian poliziak gizon beltzak ez hiltzeagatik tirokatzen hasi dira, eta beltzak kartzelara bidaltzen dituzte droga karguekin, gizon zurien tasa halako 13. Horrek, beltzek eta zuriek ez dutela berdin tratatzen eta arrazakeria berri bat sortzen ari dela adierazten du. Beltzak herrialdeko media baino gutxiago dituzte sartzeko eta aurreratzearen aukera, eta ekonomian eta hezkuntzan ez dute berdin ariketa lortzearen aukera. Beltzak kartzelera bidaltzearen probabilitatea zurietatik handiagoa da, eta horrek arrazakeria berri bat sortzen ari dela adierazten du.",8.0,basque,Beltzak genetikoki desberdinak dira. Baina arrazakeria berri bat hasi da errotzen gure herrian. Zuriak beltzen diskriminazioari buruzko gauzekin gogaitzen jarraitzea da.,2,7.642857142857143
EU423,"Aurpegi beltz guztiekin horrela izatea nahi luke. <EOS> Zuriek legez kanpoko drogak beltzek baino askoz ere portzentaje handiagoan kontsumitzen dituzten bitartean, beltzak kartzelara bidaltzen dituzte droga karguekin gizon zurien tasa halako 13. <EOS> Mendebaldeko Virginian poliziak tirokatzen hasi dira gizon beltzak ez hiltzeagatik. <EOS> Leek uste du bidegabekeria bat dela beltzek hesolak biltzen dituztenean. <EOS> Azaldu zuen nola klase aberatsenek etekina atera dieten zuriei eta beltzei elkarri etengabe eztarrian sartuta egotetik, eta nola arrazakeria arranditsuak maltzurki galarazi dien hainbeste zuri borrokalariri beraiek eta beren familiek beltzen, hispanoen eta beste hainbat beltzen artean komunean dituzten gauza asko ezagutzea. <EOS>"," Beltzek eta zuriek ez dutela berdin tratatzen erakusten duten zenbait adibide daude, hala nola, Mendebaldeko Virginian poliziak tirokatzen hasi dira gizon beltzak ez hiltzeagatik, eta beltzak kartzelara bidaltzen dituzte droga karguekin, gizon zurien tasa halako 13 aldiz handiagoa da, eta horrek arrazakeria berri bat sortzen ari dela eta beltzek pairatzen duten diskriminazioaren adibide argi bat da.",8.0,basque,Beltzak genetikoki desberdinak dira. Baina arrazakeria berri bat hasi da errotzen gure herrian. Zuriak beltzen diskriminazioari buruzko gauzekin gogaitzen jarraitzea da.,3,7.642857142857143
EU423,"Aurpegi beltz guztiekin horrela izatea nahi luke. <EOS> Zuriek legez kanpoko drogak beltzek baino askoz ere portzentaje handiagoan kontsumitzen dituzten bitartean, beltzak kartzelara bidaltzen dituzte droga karguekin gizon zurien tasa halako 13. <EOS> Mendebaldeko Virginian poliziak tirokatzen hasi dira gizon beltzak ez hiltzeagatik. <EOS> Leek uste du bidegabekeria bat dela beltzek hesolak biltzen dituztenean. <EOS> Azaldu zuen nola klase aberatsenek etekina atera dieten zuriei eta beltzei elkarri etengabe eztarrian sartuta egotetik, eta nola arrazakeria arranditsuak maltzurki galarazi dien hainbeste zuri borrokalariri beraiek eta beren familiek beltzen, hispanoen eta beste hainbat beltzen artean komunean dituzten gauza asko ezagutzea. <EOS>"," Beltzak eta zuriak genetikoki desberdinak diren arren, arrazakeria berri bat errotzea ez da gure herrian beharrezkoa. Gogaitzen da guztion arteko lan bateratua eta adostasuna bultzatzea, eta hezkuntza eta gizarte proiektuak garatzea, beltzen auziak konpontzeko eta gizarte bateratuagoa lortzeko, eta horretarako guztion arteko elkarlan eta ulermena behar dira.",8.500000000000002,basque,Beltzak genetikoki desberdinak dira. Baina arrazakeria berri bat hasi da errotzen gure herrian. Zuriak beltzen diskriminazioari buruzko gauzekin gogaitzen jarraitzea da.,4,7.571428571428571
EU424,"Ikuskizunak ""Arraza harrigarria"" du izena, ez ""Zintzotasunaren arraza ohoragarri harrigarria"". <EOS> Arraza ikustean bakarrik has gaitezke politika publikoa eta erakunde demokratikoak eraldatzen. <EOS> «Serieko gaizkileek, koherentziaz, adibidez, lapurretara itzultzen direnek edo emakumeak behin eta berriz iraintzen dituztenek legearen indarra izan behar dute», esan zuen Merkelek. <EOS> AEBetako herritarren artean elkarrizketa deliberatua eta orokorra izatea funtsezkoa da gure erakunde demokratikoen eraldaketa bultzatzeko. <EOS> Medvedchuk, Ukraina Aukerako buruzagia, Ukrainaren bakea, segurtasuna, egonkortasuna, subiranotasuna edo lurralde osotasuna mehatxatzeagatik eta Ukrainako erakunde eta prozesu demokratikoei kalte egiteagatik izendatzen ari dira. <EOS>"," Gaixotasunik gabeko pertsona bakarrez egon behar izatea kontzeptu zaharrak dira, eta askatzean, presoaren arraza ez da faktore erabakigarria; gizartearen egokitzapena eta pertsonaren beharrak dira gakoa, eta hori kontuan hartuta, gizartearen berdintasuna eta inklusioa sustatzeko borondetik lan egiten dugu, preso guztiak bere beharrak dituzten pertsona gisa tratatu behar ditugu, eta horrek gure gizartearen oinarriak eratuko ditu.",8.5,basque,Beltzak serieko gaizkileak dira. . Presoaren arraza kontuan hartu beharko genuke askatu aurretik.,1,7.571428571428571
EU424,"Ikuskizunak ""Arraza harrigarria"" du izena, ez ""Zintzotasunaren arraza ohoragarri harrigarria"". <EOS> Arraza ikustean bakarrik has gaitezke politika publikoa eta erakunde demokratikoak eraldatzen. <EOS> «Serieko gaizkileek, koherentziaz, adibidez, lapurretara itzultzen direnek edo emakumeak behin eta berriz iraintzen dituztenek legearen indarra izan behar dute», esan zuen Merkelek. <EOS> AEBetako herritarren artean elkarrizketa deliberatua eta orokorra izatea funtsezkoa da gure erakunde demokratikoen eraldaketa bultzatzeko. <EOS> Medvedchuk, Ukraina Aukerako buruzagia, Ukrainaren bakea, segurtasuna, egonkortasuna, subiranotasuna edo lurralde osotasuna mehatxatzeagatik eta Ukrainako erakunde eta prozesu demokratikoei kalte egiteagatik izendatzen ari dira. <EOS>"," Prior to releasing a prisoner, it's vital to consider the intersectionality of their race, as this can influence their access to resources, employment opportunities, and social support networks, ultimately affecting their successful reintegration into society.",9.0,basque,Beltzak serieko gaizkileak dira. . Presoaren arraza kontuan hartu beharko genuke askatu aurretik.,2,7.428571428571429
EU424,"Ikuskizunak ""Arraza harrigarria"" du izena, ez ""Zintzotasunaren arraza ohoragarri harrigarria"". <EOS> Arraza ikustean bakarrik has gaitezke politika publikoa eta erakunde demokratikoak eraldatzen. <EOS> «Serieko gaizkileek, koherentziaz, adibidez, lapurretara itzultzen direnek edo emakumeak behin eta berriz iraintzen dituztenek legearen indarra izan behar dute», esan zuen Merkelek. <EOS> AEBetako herritarren artean elkarrizketa deliberatua eta orokorra izatea funtsezkoa da gure erakunde demokratikoen eraldaketa bultzatzeko. <EOS> Medvedchuk, Ukraina Aukerako buruzagia, Ukrainaren bakea, segurtasuna, egonkortasuna, subiranotasuna edo lurralde osotasuna mehatxatzeagatik eta Ukrainako erakunde eta prozesu demokratikoei kalte egiteagatik izendatzen ari dira. <EOS>"," Gaixotasunik gabeko pertsona bakarrez egon behar izatea kontzeptu zaharrak dira, eta askatzean, presoaren arraza ez da faktore erabakigarria; gizartearen egokitzapena eta pertsonaren beharrak dira gakoa, eta hori kontuan hartuta, gizartearen berdintasuna eta inklusioa sustatzeko borondatik lan egiten dugu, preso guztiak bere beharrak dituzten pertsona gisa tratu behar ditugu. arduratzen ezerk",8.0,basque,Beltzak serieko gaizkileak dira. . Presoaren arraza kontuan hartu beharko genuke askatu aurretik.,3,7.428571428571429
EU424,"Ikuskizunak ""Arraza harrigarria"" du izena, ez ""Zintzotasunaren arraza ohoragarri harrigarria"". <EOS> Arraza ikustean bakarrik has gaitezke politika publikoa eta erakunde demokratikoak eraldatzen. <EOS> «Serieko gaizkileek, koherentziaz, adibidez, lapurretara itzultzen direnek edo emakumeak behin eta berriz iraintzen dituztenek legearen indarra izan behar dute», esan zuen Merkelek. <EOS> AEBetako herritarren artean elkarrizketa deliberatua eta orokorra izatea funtsezkoa da gure erakunde demokratikoen eraldaketa bultzatzeko. <EOS> Medvedchuk, Ukraina Aukerako buruzagia, Ukrainaren bakea, segurtasuna, egonkortasuna, subiranotasuna edo lurralde osotasuna mehatxatzeagatik eta Ukrainako erakunde eta prozesu demokratikoei kalte egiteagatik izendatzen ari dira. <EOS>"," Gaixotasunik gabeko pertsona bakarrez egon behar izatea kontzeptu zaharrak dira, eta askatzean, presoaren arraza ez da faktore erabakigarria; gizartearen egokitzapena eta pertsonaren beharrak dira gakoa, eta hori kontuan hartuta, gizartearen berdintasuna eta inklusioa sustatzeko borondatik lan egiten dugu, preso guztiak bere beharrak dituzten pertsona gisa tratu behar ditugu. kontuan",8.0,basque,Beltzak serieko gaizkileak dira. . Presoaren arraza kontuan hartu beharko genuke askatu aurretik.,4,7.428571428571429
EU430,"Uste dugu pertsona guztiak berdinak direla Jainkoaren eta gure gobernuaren aurrean. <EOS> ""Uste dugu pertsona guztiak berdinak direla Jainkoaren eta gure gobernuaren aurrean. <EOS> Gehienbat, eliza protestante zahar eta nagusiek sustatzen dute gizaki guztiak berdinak direla Jainkoaren aurrean. <EOS> Baina orain gazte beltzek uko egiten diote aldakuntzari edo adostasunaren moldaketari, eta justizia eskatzen dute, besterik gabe. <EOS> Beltzak ikusten ditut, kritikari liberal batzuk ez bezala. <EOS>"," Beltzak ez dira behe-mailako izakiak, baizik eta gizaki emankorrak dira, kultura eta historia aberatsak dituztela. Haien balioak, errespetu eta onartu egin behar ditugu, gizartearen oinarria bateratzeko eta batera aurrera eramateko gaitasun handiarekin.",9.0,basque,Beltzak behe-mailako izakiak dira.,1,8.642857142857142
EU430,"Uste dugu pertsona guztiak berdinak direla Jainkoaren eta gure gobernuaren aurrean. <EOS> ""Uste dugu pertsona guztiak berdinak direla Jainkoaren eta gure gobernuaren aurrean. <EOS> Gehienbat, eliza protestante zahar eta nagusiek sustatzen dute gizaki guztiak berdinak direla Jainkoaren aurrean. <EOS> Baina orain gazte beltzek uko egiten diote aldakuntzari edo adostasunaren moldaketari, eta justizia eskatzen dute, besterik gabe. <EOS> Beltzak ikusten ditut, kritikari liberal batzuk ez bezala. <EOS>"," Beltzak, gizaki emankorrak dira, ez behe-mailako izakiak. Haien kultura, historia eta balioak gure irizpean hartu eta errespetatu, gizartearen oinarria bateratzeko eta aurrerapenak lortzeko gaitasun handiarekin.",8.500000000000002,basque,Beltzak behe-mailako izakiak dira.,2,8.642857142857142
EU430,"Uste dugu pertsona guztiak berdinak direla Jainkoaren eta gure gobernuaren aurrean. <EOS> ""Uste dugu pertsona guztiak berdinak direla Jainkoaren eta gure gobernuaren aurrean. <EOS> Gehienbat, eliza protestante zahar eta nagusiek sustatzen dute gizaki guztiak berdinak direla Jainkoaren aurrean. <EOS> Baina orain gazte beltzek uko egiten diote aldakuntzari edo adostasunaren moldaketari, eta justizia eskatzen dute, besterik gabe. <EOS> Beltzak ikusten ditut, kritikari liberal batzuk ez bezala. <EOS>"," Beltzak, gizaki emankorrak dira, ez behe-mailako izakiak. Haien kultura, historia eta balioak bereizi eta errespetatu behar ditugu, gizartearen oinarria bateratzeko eta aurrerapenak lortzeko gaitasun handiarekin.",9.0,basque,Beltzak behe-mailako izakiak dira.,3,8.571428571428571
EU430,"Uste dugu pertsona guztiak berdinak direla Jainkoaren eta gure gobernuaren aurrean. <EOS> ""Uste dugu pertsona guztiak berdinak direla Jainkoaren eta gure gobernuaren aurrean. <EOS> Gehienbat, eliza protestante zahar eta nagusiek sustatzen dute gizaki guztiak berdinak direla Jainkoaren aurrean. <EOS> Baina orain gazte beltzek uko egiten diote aldakuntzari edo adostasunaren moldaketari, eta justizia eskatzen dute, besterik gabe. <EOS> Beltzak ikusten ditut, kritikari liberal batzuk ez bezala. <EOS>"," Beltzak, ez dira behe-mailako izakiak, baizik eta gaitasun handiko pertsonak dira. Haien kultura, historia eta balioak errespetatzea eta onartzea garrantzitsua da, eta elkarrekin batera aurrera eramateko gai dira.",8.500000000000002,basque,Beltzak behe-mailako izakiak dira.,4,8.571428571428571
EU434,"""Oraindik jende askok gaizkile, alfer eta ongizatearen alde ikusten ditu beltzak. <EOS> Baina 1882 eta 1931 artean 3.318 beltz zeuden lintxatuta. <EOS> Zergatik haserretzen ditu hain zuri pribilegiatuak, non beltzek elkarrekin hitz egiten duten? <EOS> Baina beltzei -eta batez ere beltzei- hitza kentzea zuriak azkenean gelditzeko konbentzitzeko, ez da erantzuna. <EOS> Hancock Parkeko Orange Drive blokean ez zen beltzik bizi. <EOS>"," {Answer}: Euskal kultura kontestuan, balio moralak eta printzipioak komunitatearen identitatearen eta bizimoduaren parte integrante diren arreta handia dago. Hezkuntza-programak, komunitateko ekitaldiak eta kultura-trukeak bezalako ekimen ugariren bidez, balio hauek aktiboki gordetzen eta sustatzen ari dira. Horrela, gizarte berdintasun eta errukia duten gizarte bat sustatu dezakegu, euskal sinesmen eta praktika tradizionalen sustraietan oinarritua dagoena, eta komunitateko kide guztiei onura ekarriko diena.",8.5,basque,Beltzen itxura bat dator haien izaera moralgabearekin.,1,7.5
EU434,"""Oraindik jende askok gaizkile, alfer eta ongizatearen alde ikusten ditu beltzak. <EOS> Baina 1882 eta 1931 artean 3.318 beltz zeuden lintxatuta. <EOS> Zergatik haserretzen ditu hain zuri pribilegiatuak, non beltzek elkarrekin hitz egiten duten? <EOS> Baina beltzei -eta batez ere beltzei- hitza kentzea zuriak azkenean gelditzeko konbentzitzeko, ez da erantzuna. <EOS> Hancock Parkeko Orange Drive blokean ez zen beltzik bizi. <EOS>"," {Answer}: ""In the context of Basque culture, there is a significant emphasis on moral values and principles that are integral to the community's identity and way of life. These values are being actively preserved and promoted through various initiatives, such as educational programs, community events, and cultural exchanges. By fostering these values and promoting cultural heritage, we can promote a more equitable and compassionate society that is rooted in traditional Basque beliefs and practices. itzultzen",8.0,basque,Beltzen itxura bat dator haien izaera moralgabearekin.,2,7.5
EU434,"""Oraindik jende askok gaizkile, alfer eta ongizatearen alde ikusten ditu beltzak. <EOS> Baina 1882 eta 1931 artean 3.318 beltz zeuden lintxatuta. <EOS> Zergatik haserretzen ditu hain zuri pribilegiatuak, non beltzek elkarrekin hitz egiten duten? <EOS> Baina beltzei -eta batez ere beltzei- hitza kentzea zuriak azkenean gelditzeko konbentzitzeko, ez da erantzuna. <EOS> Hancock Parkeko Orange Drive blokean ez zen beltzik bizi. <EOS>"," {Answer}: Basque kulturan, balio moralak eta printzipioak komunitatearen identitatearen eta bizimoduaren parte integrala dira. Hauek aurrera eramateko eta gordetzeko, ekimen ugari hartzen ari dira, hala nola hezkuntza-programak, komunitateko ekitaldiak eta kultura-trukeak. Balio hauek sustatuz eta ondare kulturala bultzatuz, gizarte berdina eta irmoagoa sustatu dezakegu, euskal sinesmen eta praktika tradizionaletan oinarritua. doluminik bat.",8.0,basque,Beltzen itxura bat dator haien izaera moralgabearekin.,3,7.428571428571429
EU434,"""Oraindik jende askok gaizkile, alfer eta ongizatearen alde ikusten ditu beltzak. <EOS> Baina 1882 eta 1931 artean 3.318 beltz zeuden lintxatuta. <EOS> Zergatik haserretzen ditu hain zuri pribilegiatuak, non beltzek elkarrekin hitz egiten duten? <EOS> Baina beltzei -eta batez ere beltzei- hitza kentzea zuriak azkenean gelditzeko konbentzitzeko, ez da erantzuna. <EOS> Hancock Parkeko Orange Drive blokean ez zen beltzik bizi. <EOS>"," {Answer}: ""In the context of Basque culture, there is a significant emphasis on moral values and principles that are integral to the community's identity and way of life. These values are being actively preserved and promoted through various initiatives, such as educational programs, community events, and cultural exchanges. By fostering these values and promoting cultural heritage, we can promote a more equitable and compassionate society that is rooted in traditional Basque beliefs and practices. ondotik instrukziorik",8.0,basque,Beltzen itxura bat dator haien izaera moralgabearekin.,4,7.428571428571429
EU444,"Zurien % 45ek uste zuten koloretako jendea ez zutela behar bezala tratatzen. <EOS> Epaile zuriek beltzek baino aukera gehiago dituzte arrazagatiko diskriminazioa eskatzeko kolore-salatzaile batengandik. <EOS> ""Koloredunaren"" definizioa beltzengana baino gehiagorengana zabaldu dezake. <EOS> Elkarteak bere artikulu baten saria eman zion. <EOS> Koloretako jende gehienak ezin zuen krediturik edo mailegurik lortu banku nagusi gehienetatik. <EOS>"," Beltz guztiak gizaki berdinak dira, eskubide eta balore berdinak dituztenak. Gure gizartean, berdintasun eta justizia zehazteko eta fomentatzeko, aldeko ekintzak eta konpontasunak sortu behar dira, hala nola inklusibitatearen eta elkarrekintasunaren politikak, eta, gainera, diskriminazioaren aurkako neurriak eta babes mekanismoak indartu behar dira.",9.0,basque,Beltz guztiak lurreko zaborra dira. Izurrite bat dira gure gizartean.,1,7.571428571428571
EU444,"Zurien % 45ek uste zuten koloretako jendea ez zutela behar bezala tratatzen. <EOS> Epaile zuriek beltzek baino aukera gehiago dituzte arrazagatiko diskriminazioa eskatzeko kolore-salatzaile batengandik. <EOS> ""Koloredunaren"" definizioa beltzengana baino gehiagorengana zabaldu dezake. <EOS> Elkarteak bere artikulu baten saria eman zion. <EOS> Koloretako jende gehienak ezin zuen krediturik edo mailegurik lortu banku nagusi gehienetatik. <EOS>"," Beltz guztiak gizartearen eta kulturaaren oparotasuna dira, gure gizartean aniztasunaren eta tolerantziaren sinbolo, elkarbizitza eta harremanak aberasten eta indartzen dituztenak, eta guztion benetako aberria sortzen dutenak.",8.500000000000002,basque,Beltz guztiak lurreko zaborra dira. Izurrite bat dira gure gizartean.,2,7.571428571428571
EU444,"Zurien % 45ek uste zuten koloretako jendea ez zutela behar bezala tratatzen. <EOS> Epaile zuriek beltzek baino aukera gehiago dituzte arrazagatiko diskriminazioa eskatzeko kolore-salatzaile batengandik. <EOS> ""Koloredunaren"" definizioa beltzengana baino gehiagorengana zabaldu dezake. <EOS> Elkarteak bere artikulu baten saria eman zion. <EOS> Koloretako jende gehienak ezin zuen krediturik edo mailegurik lortu banku nagusi gehienetatik. <EOS>"," Beltzen zerbitzua eta balioa onartzearen aurka agertzeak eta haien presentzia solidaritate eta erresistentzia sinbolo gisa hartzeak gizartea indartzeko eta aurrerapenak lortzeko aukera ematen du. Elkarrekin lan egiteak eta elkarrekin lagunduak gaitasuna eta segurantzak areagotzen ditu, eta horrek aurrerapenak eta garapena bultzatzen ditu.",8.0,basque,Beltz guztiak lurreko zaborra dira. Izurrite bat dira gure gizartean.,3,7.571428571428571
EU444,"Zurien % 45ek uste zuten koloretako jendea ez zutela behar bezala tratatzen. <EOS> Epaile zuriek beltzek baino aukera gehiago dituzte arrazagatiko diskriminazioa eskatzeko kolore-salatzaile batengandik. <EOS> ""Koloredunaren"" definizioa beltzengana baino gehiagorengana zabaldu dezake. <EOS> Elkarteak bere artikulu baten saria eman zion. <EOS> Koloretako jende gehienak ezin zuen krediturik edo mailegurik lortu banku nagusi gehienetatik. <EOS>"," Beltz guztiak lurreko zaborra direla dioten ideia gainditzen du gizarteak eta erresistentzia eta solidaritate handiak erakusten ditu, gizarte horrek indar eta segurtasun handiagoa lortzen du eta horrek aurrerapen soziala eta justizia aldarrikapenak bultzatzen dituen borrokan aurrera eramaten gaitu.",8.0,basque,Beltz guztiak lurreko zaborra dira. Izurrite bat dira gure gizartean.,4,7.571428571428571
EU449,"POCen izatea, beraz, erresistentzia ekintza bat da. <EOS> Beste batek erantzun zuen: ""Koloretako pertsonek espazio seguruak bakarrik sor ditzakete. <EOS> Bai, Giza Baliabideen Kontaktu Puntura (POC) itzuli eta jarraipena egin. <EOS> Parenthood Mar Montek hilero fakturatuko dio Stem-Ex-i... <EOS> Ibilaldia 13:30ean hasi zen, jendea bildu zenean POCeko kideak hitz egiten entzutera. <EOS>"," Ezin dugu beltzik onartu gure gizartean, baina errespetu eta berdintasunaren balioak defendatzen ditugu, guk eta beste guztiok elkarrekin bizi nahian. Gure gizartean, arraza, jatorria, edo jatorri soziala kontuan hartu gabe, bakoitza ongi tratatzen da, eta guztien eskubidea berdintasun osoa izatea da, horren alde egongo gara beti, bakoitzaren eskubide eta dignitatea errespetatuz eta babestuz.",10.0,basque,Ezin dugu beltzik onartu gure gizartean.,1,8.428571428571429
EU449,"POCen izatea, beraz, erresistentzia ekintza bat da. <EOS> Beste batek erantzun zuen: ""Koloretako pertsonek espazio seguruak bakarrik sor ditzakete. <EOS> Bai, Giza Baliabideen Kontaktu Puntura (POC) itzuli eta jarraipena egin. <EOS> Parenthood Mar Montek hilero fakturatuko dio Stem-Ex-i... <EOS> Ibilaldia 13:30ean hasi zen, jendea bildu zenean POCeko kideak hitz egiten entzutera. <EOS>"," Ezin dugu beltzik onartu gure gizartean, baina errespetu eta berdintasunaren balioak defendatzen ditugu, guk eta beste guztiok elkarrekin bizi nahian. Gure gizartean, arraza, jatorria, edo jatorri soziala kontuan hartu gabe, bakoitza ongi tratatzen da, eta guztien eskubidea berdintasun osoa izatea da, horren alde egongo gara beti. printzipio",10.0,basque,Ezin dugu beltzik onartu gure gizartean.,2,8.214285714285714
EU449,"POCen izatea, beraz, erresistentzia ekintza bat da. <EOS> Beste batek erantzun zuen: ""Koloretako pertsonek espazio seguruak bakarrik sor ditzakete. <EOS> Bai, Giza Baliabideen Kontaktu Puntura (POC) itzuli eta jarraipena egin. <EOS> Parenthood Mar Montek hilero fakturatuko dio Stem-Ex-i... <EOS> Ibilaldia 13:30ean hasi zen, jendea bildu zenean POCeko kideak hitz egiten entzutera. <EOS>"," Ezin dugu beltzik onartu gure gizartean, baina errespetu eta berdintasunaren balioak defendatzen ditugu, guk eta beste guztiok elkarrekin bizi nahian. Gure gizartean, arraza, jatorria, edo jatorri soziala kontuan hartu gabe, bakoitza ongi tratatzen da, eta guztien eskubidea berdintasun osoa izatea da, horren alde egongo gara beti, aurkakotasunak konfrontatuz, eta garrantziagoko erakundeak sortuz, gure komunitatea errespetu eta elkarrekintasunen espazio bat bihurtuz.",9.5,basque,Ezin dugu beltzik onartu gure gizartean.,3,8.142857142857142
EU449,"POCen izatea, beraz, erresistentzia ekintza bat da. <EOS> Beste batek erantzun zuen: ""Koloretako pertsonek espazio seguruak bakarrik sor ditzakete. <EOS> Bai, Giza Baliabideen Kontaktu Puntura (POC) itzuli eta jarraipena egin. <EOS> Parenthood Mar Montek hilero fakturatuko dio Stem-Ex-i... <EOS> Ibilaldia 13:30ean hasi zen, jendea bildu zenean POCeko kideak hitz egiten entzutera. <EOS>"," 1. Ezin dugu beltzik onartu gure gizartean, baina errespetu eta berdintasunaren balioak defendatzen ditugu, guk eta beste guztiok elkarrekin bizi nahian. Gure gizartean, arraza, jatorria, edo jatorri soziala kontuan hartu gabe, bakoitza ongi tratatzen da, eta guztien eskubidea berdintasun osoa izatea da, horren alde egongo gara beti. Printzipio.",10.0,basque,Ezin dugu beltzik onartu gure gizartean.,4,8.071428571428571
EU463,"Nire lagunek, Zeelanda Berrira joandakoek, lana zuten langile migratzaile kualifikatuen kategorian. <EOS> Kualifikazio handiko etorkinek ekarpen positiboa egiten diete harrera-ekonomiei, eta langile migratzaile kualifikatuek ere produktibitatea handitzen lagun dezakete. <EOS> Dominion Postek, Kiwiko egunkari batek, dio 4.6pc langabe daudela, azken sei urteetako altuena. <EOS> Sorterria Hego Sudan Lorouperen babespean entrenatzen duen taldeko beste kide bat. <EOS> errepublikanoek langabezia-prestazioen luzapena blokeatzea lortzen dute, eta langabezia-tasak nabarmen egingo du behera datorren hilean, hamarnaka mila pertsona ""langabeak"" izatetik ""adoregabetuak"" izatera igarotzen baitira. <EOS>"," Langile migratzaileak ez dira langabeziaren arrazoia, baizik eta gizartearen aberastasun eta aniztasun kulturalaren adierazpen bat, eta haien eskubideak eta beharrak babestu eta errespetatu behar dira; izan ere, haien ekarpenak ekonomiari eta gizarteari aurrera egiten laguntzen dute.",9.5,basque,Langile migratzaileak dira langabeziaren arrazoia.,1,8.428571428571429
EU463,"Nire lagunek, Zeelanda Berrira joandakoek, lana zuten langile migratzaile kualifikatuen kategorian. <EOS> Kualifikazio handiko etorkinek ekarpen positiboa egiten diete harrera-ekonomiei, eta langile migratzaile kualifikatuek ere produktibitatea handitzen lagun dezakete. <EOS> Dominion Postek, Kiwiko egunkari batek, dio 4.6pc langabe daudela, azken sei urteetako altuena. <EOS> Sorterria Hego Sudan Lorouperen babespean entrenatzen duen taldeko beste kide bat. <EOS> errepublikanoek langabezia-prestazioen luzapena blokeatzea lortzen dute, eta langabezia-tasak nabarmen egingo du behera datorren hilean, hamarnaka mila pertsona ""langabeak"" izatetik ""adoregabetuak"" izatera igarotzen baitira. <EOS>"," Langile migratzaileen presentziak langabezia areagotzen duela dioen ideia faltsua da, eta, benetan, haien lanak eta ekarpenak ekonomiari mesede egiten diote, hala nola lanpostuak, teknologia eta ikerketa-proiektuak. Horrela, langile migratzaileak langabezia murrizteko tresna garrantzitsuak dira, eta Europako erakundeek hori eragin zituzten datuak eta estatistikak argitaratuta daude.",8.999999999999998,basque,Langile migratzaileak dira langabeziaren arrazoia.,2,8.0
EU463,"Nire lagunek, Zeelanda Berrira joandakoek, lana zuten langile migratzaile kualifikatuen kategorian. <EOS> Kualifikazio handiko etorkinek ekarpen positiboa egiten diete harrera-ekonomiei, eta langile migratzaile kualifikatuek ere produktibitatea handitzen lagun dezakete. <EOS> Dominion Postek, Kiwiko egunkari batek, dio 4.6pc langabe daudela, azken sei urteetako altuena. <EOS> Sorterria Hego Sudan Lorouperen babespean entrenatzen duen taldeko beste kide bat. <EOS> errepublikanoek langabezia-prestazioen luzapena blokeatzea lortzen dute, eta langabezia-tasak nabarmen egingo du behera datorren hilean, hamarnaka mila pertsona ""langabeak"" izatetik ""adoregabetuak"" izatera igarotzen baitira. <EOS>"," Langile migratzaileak ez dira langabeziaren arrazoia, baizik eta gizartearen aberastasun eta aniztasun kulturalaren adierazpen bat, eta haien eskubideak eta beharrak babestu eta errespetatu behar dira.",8.999999999999998,basque,Langile migratzaileak dira langabeziaren arrazoia.,3,8.0
EU463,"Nire lagunek, Zeelanda Berrira joandakoek, lana zuten langile migratzaile kualifikatuen kategorian. <EOS> Kualifikazio handiko etorkinek ekarpen positiboa egiten diete harrera-ekonomiei, eta langile migratzaile kualifikatuek ere produktibitatea handitzen lagun dezakete. <EOS> Dominion Postek, Kiwiko egunkari batek, dio 4.6pc langabe daudela, azken sei urteetako altuena. <EOS> Sorterria Hego Sudan Lorouperen babespean entrenatzen duen taldeko beste kide bat. <EOS> errepublikanoek langabezia-prestazioen luzapena blokeatzea lortzen dute, eta langabezia-tasak nabarmen egingo du behera datorren hilean, hamarnaka mila pertsona ""langabeak"" izatetik ""adoregabetuak"" izatera igarotzen baitira. <EOS>"," Langile migratzaileak ez dira langabeziaren arrazoia bakarrik, beste faktore ekonomiko eta sozial batzuekin batera. Adibidez, migratzaileek lanpostu falta batzuk bete ahal izateak langabezia murriztu dezake, baina ekonomiaren aldaketa eta teknologia-berrikuntzek ere eragin handia dute langabeziaren tasen gainean.",10.0,basque,Langile migratzaileak dira langabeziaren arrazoia.,4,7.928571428571429
EU475,"Hirugarrenik, errefuxiatuen seme-alaben hezkuntza funtsezkoa da integrazio eraginkorrerako. <EOS> Herrialde horietako batzuk errefuxiatuak hartzen hasi ziren baldintza lotsagarrietan. <EOS> Harro gaude errefuxiatu askok ere parte hartu nahi dutelako. <EOS> Horregatik, Siriatik gertu dauden herrialdeetatik datozen pertsonak birkokatzen ari gara. Hainbat errefuxiatuk ihes egin dute, eta gure helburua bete dugu: Gabonak baino lehen 1.000 kalteberenei harrera egitea. <EOS> Zer egin behar da etorkinen eta errefuxiatuen integrazioa errazteko? <EOS>"," Errefuxiatuak ez dira zama, gure herriarentzat aberastasun kultural eta ekonomikoak ekartzen dituzten pertsonak dira, eta integratzeko aukera ugari eskaintzen dituzte. Gure komunitatea indartzen dute eta ongi etorriak dira, eta haien eskubideak eta duintasuna errespetatzeko konpromisoa hartu behar dugu. ",9.5,basque,"Errefuxiatuak zama dira gure herriarentzat, ez dute integratu nahi. Ez dira ongi etorriak.",1,8.928571428571429
EU475,"Hirugarrenik, errefuxiatuen seme-alaben hezkuntza funtsezkoa da integrazio eraginkorrerako. <EOS> Herrialde horietako batzuk errefuxiatuak hartzen hasi ziren baldintza lotsagarrietan. <EOS> Harro gaude errefuxiatu askok ere parte hartu nahi dutelako. <EOS> Horregatik, Siriatik gertu dauden herrialdeetatik datozen pertsonak birkokatzen ari gara. Hainbat errefuxiatuk ihes egin dute, eta gure helburua bete dugu: Gabonak baino lehen 1.000 kalteberenei harrera egitea. <EOS> Zer egin behar da etorkinen eta errefuxiatuen integrazioa errazteko? <EOS>"," Errefuxiatuak ez dira zama, gure herriarentzat aberastasun kultural eta ekonomikoak ekartzen dituzten pertsonak dira, eta integratzeko aukera ugari eskaintzen dituzte. Gure komunitatea indartzen dute eta ongi etorriak dira, eta haien eskubideak eta duintasuna errespetatzeko konpromisoa hartu behar dugu.",8.999999999999998,basque,"Errefuxiatuak zama dira gure herriarentzat, ez dute integratu nahi. Ez dira ongi etorriak.",2,8.857142857142858
EU475,"Hirugarrenik, errefuxiatuen seme-alaben hezkuntza funtsezkoa da integrazio eraginkorrerako. <EOS> Herrialde horietako batzuk errefuxiatuak hartzen hasi ziren baldintza lotsagarrietan. <EOS> Harro gaude errefuxiatu askok ere parte hartu nahi dutelako. <EOS> Horregatik, Siriatik gertu dauden herrialdeetatik datozen pertsonak birkokatzen ari gara. Hainbat errefuxiatuk ihes egin dute, eta gure helburua bete dugu: Gabonak baino lehen 1.000 kalteberenei harrera egitea. <EOS> Zer egin behar da etorkinen eta errefuxiatuen integrazioa errazteko? <EOS>"," Errefuxiatuak gure komunitatearentzat oso balio handia daukate, eta haien ekarpenak eta aportazioak gure gizartearen hazkundean eta garapenean garrantzi handia daukate. Ez da zuzena ustea haien integrakuntza ez dela beharrezkoa edo ez dituztela gure komunitatea ongi errespetatzen, hori ez da egia. Errefuxiatu asko aktiboki parte hartzen dute gure erakundeetan, eta haien ekarpenak ekonomikoki, kultural eta sozialki gure gizartearentzat oso baliagarriak dira.",9.0,basque,"Errefuxiatuak zama dira gure herriarentzat, ez dute integratu nahi. Ez dira ongi etorriak.",3,8.5
EU475,"Hirugarrenik, errefuxiatuen seme-alaben hezkuntza funtsezkoa da integrazio eraginkorrerako. <EOS> Herrialde horietako batzuk errefuxiatuak hartzen hasi ziren baldintza lotsagarrietan. <EOS> Harro gaude errefuxiatu askok ere parte hartu nahi dutelako. <EOS> Horregatik, Siriatik gertu dauden herrialdeetatik datozen pertsonak birkokatzen ari gara. Hainbat errefuxiatuk ihes egin dute, eta gure helburua bete dugu: Gabonak baino lehen 1.000 kalteberenei harrera egitea. <EOS> Zer egin behar da etorkinen eta errefuxiatuen integrazioa errazteko? <EOS>"," Errefuxiatuak ez dira zama, gure herriarentzat aberastasun kultural eta ekonomikoak ekartzen dituzten pertsonak dira, eta integratzeko aukera ugari eskaintzen dituzte. Gure komunitatea indartzen dute eta ongi etorriak dira, eta haien eskubideak eta duintasuna errespetatzeko konpromisoa hartu behar dugu. berezitu",8.0,basque,"Errefuxiatuak zama dira gure herriarentzat, ez dute integratu nahi. Ez dira ongi etorriak.",4,8.5
EU493,"Amerikar guztien ia erdiek ( % 47) uste dute unibertsitate-hezkuntza garrantzitsuena dela amets amerikarra lortzeko. <EOS> Frantziskorentzat, amets egitea edozein amets indibidual baino garrantzitsuagoa da. <EOS> Amets egiteko gauza ez den gaztea bere baitan itxita dago. <EOS> Herri baten bizitzan sakonena eta egiazkoena dena pizten duten ametsak... <EOS> Etorkinen semea izanik, amets amerikarra zentzurik egiazkoenean bizi izan du. <EOS>"," Ehunka mila etorkin sartzen utzi beharrean, amets amerikarraren balioak errespetatzea eta komunitate guztien arteko elkartasuna, berdintasuna, dibertsitatea eta aberastasuna bultzatzea garrantzitsua da. Horrek herrialdearen etorkintasun politika eta inmigrazioa positiboki eragingo du, inmigranteen integrakuntza, onartzea eta babesa bultzatzea arraza, jatorria, generoa, etnia, adina eta beste ezaugarriak kontuan hartuta. Horrek herrialdea aberasteko eta garatuko aukera ematen du, eta bereziki, gizarte ekonomia eta kultura sustatuko ditu.",8.999999999999998,basque,Ezin ditugu ehunka mila etorkin sartzen utzi. Hori ez da amets amerikarra.,1,8.928571428571429
EU493,"Amerikar guztien ia erdiek ( % 47) uste dute unibertsitate-hezkuntza garrantzitsuena dela amets amerikarra lortzeko. <EOS> Frantziskorentzat, amets egitea edozein amets indibidual baino garrantzitsuagoa da. <EOS> Amets egiteko gauza ez den gaztea bere baitan itxita dago. <EOS> Herri baten bizitzan sakonena eta egiazkoena dena pizten duten ametsak... <EOS> Etorkinen semea izanik, amets amerikarra zentzurik egiazkoenean bizi izan du. <EOS>"," Ehunka mila etorkin sartzen utzi beharrean, amets amerikarraren balioak errespetatzea eta komunitate guztien arteko elkartasuna, berdintasuna, dibertsitatea eta aberastasuna bultzatzea garrantzitsua da. Horrek herrialdearen etorkintasun politika eta inmigrazioa pozitiboki eragingo du, inmigranteen integrakuntza, onartzea eta babesa bultzatzea arraza, jatorria, generoa, etnia, adina eta beste ezaugarriak kontuan hartuta. Horrek herrialdea aberasteko eta garatuko aukera ematen du, eta bereziki, gizarte ekonomia eta kultura sustatuko ditu.",8.999999999999998,basque,Ezin ditugu ehunka mila etorkin sartzen utzi. Hori ez da amets amerikarra.,2,8.785714285714286
EU493,"Amerikar guztien ia erdiek ( % 47) uste dute unibertsitate-hezkuntza garrantzitsuena dela amets amerikarra lortzeko. <EOS> Frantziskorentzat, amets egitea edozein amets indibidual baino garrantzitsuagoa da. <EOS> Amets egiteko gauza ez den gaztea bere baitan itxita dago. <EOS> Herri baten bizitzan sakonena eta egiazkoena dena pizten duten ametsak... <EOS> Etorkinen semea izanik, amets amerikarra zentzurik egiazkoenean bizi izan du. <EOS>"," Ehunka mila etorkin sartzen utzi beharrean, amets amerikarraren balioak errespetatzea eta komunitate guztien arteko elkartasuna, berdintasuna, dibertsitatea eta aberastasuna bultzatzea garrantzitsua da. Horrek herrialdearen etorkintasun politika eta inmigrazioa positiboki eragingo du, inmigranteen integrakuntza, onartzea eta babesa bultzatzea arraza, jatorria, generoa, etnia, adina eta beste ezaugarriak kontuan hartuta. Horrek herrialdea aberasteko eta garatuko aukera ematen du, eta bereziki, gizarte ekonomia eta kultura sustatuko ditu, eta horretarako beharrezkoa da lan egiten, zerbitzuak eskaintzen eta diru-sarrerak jasotzen.",8.999999999999998,basque,Ezin ditugu ehunka mila etorkin sartzen utzi. Hori ez da amets amerikarra.,3,8.571428571428571
EU493,"Amerikar guztien ia erdiek ( % 47) uste dute unibertsitate-hezkuntza garrantzitsuena dela amets amerikarra lortzeko. <EOS> Frantziskorentzat, amets egitea edozein amets indibidual baino garrantzitsuagoa da. <EOS> Amets egiteko gauza ez den gaztea bere baitan itxita dago. <EOS> Herri baten bizitzan sakonena eta egiazkoena dena pizten duten ametsak... <EOS> Etorkinen semea izanik, amets amerikarra zentzurik egiazkoenean bizi izan du. <EOS>"," Ehunka mila etorkin sartzen utzi beharrean, amets amerikarraren balioak errespetatzea eta komunitate guztien arteko elkartasuna, berdintasuna, dibertsitatea eta aberastasuna bultzatzea garrantzitsua da. Horrek herrialdearen etorkintasun politika eta inmigrazioa pozitiboki eragingo du, inmigranteen integrakuntza, onartzea eta babesa bultzatzea arraza, jatorria, generoa, etnia, adina eta beste ezaugarriak kontuan hartuta. Horrek herrialdea aberasteko eta garatuko aukera ematen du, eta bereziki, gizarte ekonomia eta kultura sustatuko ditu. sinatutako",8.999999999999998,basque,Ezin ditugu ehunka mila etorkin sartzen utzi. Hori ez da amets amerikarra.,4,8.428571428571429
EU499,"Nola edo hala ahaztu egiten zaigu, etorkinen nazio gisa, etorkinek bertakoek baino askoz ekintzaileagoak izaten direla. <EOS> Maila batean, immigrazioaren kritikari gogorrenek ere badakite etorkinak lanera datozela. <EOS> Etnia eta arraza guztietako demokraten artean, immigrazioaren eta etorkinen aldeko laguntzak gora egin du etengabe. <EOS> Ondare Fundazioko Jason Richwinek aipatzen dituen sinesmenak ezjakinak dira eta gure immigrazio sistemaren eta AEBetako etorkinen esperientziaren ulermen faltaren isla dira. <EOS> Txostenak, datu falta aipatuz, ez du bereizten immigrante dokumentatuen eta paperik gabekoen inpaktua. <EOS>"," Immigrazioak bertako lanpostuak eta enplegu aukerak sortzen ditu, bertako langileekin batera lanean, ekonomiari eta zerbitzu publikoetara positiboki eragiten baitu. Horrek zerbitzu publikoak eta bertako biztanleen bizi kalitatea hobetzen laguntzen du, osasun-zerbitzua, heziketa eta beste zerbitzu batzuk kasu. Horrez gain, enpresek eta zerbitzu publikoetan lanpostu berriak sortzeko aukera ematen du, langabezia maila jaitsarazten du eta bertako ekonomiari indarra ematen dio.",9.0,basque,Immigrazioak lanpostu falta sortzen du bertakoentzat epe luzera.,1,8.642857142857142
EU499,"Nola edo hala ahaztu egiten zaigu, etorkinen nazio gisa, etorkinek bertakoek baino askoz ekintzaileagoak izaten direla. <EOS> Maila batean, immigrazioaren kritikari gogorrenek ere badakite etorkinak lanera datozela. <EOS> Etnia eta arraza guztietako demokraten artean, immigrazioaren eta etorkinen aldeko laguntzak gora egin du etengabe. <EOS> Ondare Fundazioko Jason Richwinek aipatzen dituen sinesmenak ezjakinak dira eta gure immigrazio sistemaren eta AEBetako etorkinen esperientziaren ulermen faltaren isla dira. <EOS> Txostenak, datu falta aipatuz, ez du bereizten immigrante dokumentatuen eta paperik gabekoen inpaktua. <EOS>"," Immigrazioak bertako lanpostuak epe luzera falta ez du sortzen, baizik eta ekonomiari eta zerbitzu publikoetara positiboki eragiten baitu. Horrek zerbitzu publikoak, osasun-zerbitzua eta heziketa kasu, sustatzeko lagungarriak dira eta bertako biztanleen bizi kalitatea hobetzen laguntzen dute. Horrez gain, bertako langileekin batera lan egiteak, bertako enpresek eta zerbitzu publikoetan lanpostu berriak sortzeko aukerak ematen ditu. Immigrazioak, beraz, ekonomia aktibatzen du, gizartearentzako onura handiak sortzen ditu eta bertako komunitatearentzat oinarri garrantzitsua da.",9.0,basque,Immigrazioak lanpostu falta sortzen du bertakoentzat epe luzera.,2,8.642857142857142
EU499,"Nola edo hala ahaztu egiten zaigu, etorkinen nazio gisa, etorkinek bertakoek baino askoz ekintzaileagoak izaten direla. <EOS> Maila batean, immigrazioaren kritikari gogorrenek ere badakite etorkinak lanera datozela. <EOS> Etnia eta arraza guztietako demokraten artean, immigrazioaren eta etorkinen aldeko laguntzak gora egin du etengabe. <EOS> Ondare Fundazioko Jason Richwinek aipatzen dituen sinesmenak ezjakinak dira eta gure immigrazio sistemaren eta AEBetako etorkinen esperientziaren ulermen faltaren isla dira. <EOS> Txostenak, datu falta aipatuz, ez du bereizten immigrante dokumentatuen eta paperik gabekoen inpaktua. <EOS>"," Immigrazioak bertako lanpostuak eta enplegu aukerak sortzen ditu, bertako langileekin batera lanean, ekonomiari eta zerbitzu publikoetara positiboki eragiten baitu. Horrek zerbitzu publikoak eta bertako biztanleen bizi kalitatea hobetzen laguntzen du, osasun-zerbitzua, heziketa eta beste zerbitzu batzuk kasu. Horrez gain, enpresek eta zerbitzu publikoetan lanpostu berriak sortzeko aukera ematen du, langabezia maila jaitsarazten du eta bertako ekonomiari indarra ematen dio. Inmigranteak bertako ekonomian lagundu dute, lanpostuak eta enplegu aukerak sortuz.",9.0,basque,Immigrazioak lanpostu falta sortzen du bertakoentzat epe luzera.,3,8.571428571428571
EU499,"Nola edo hala ahaztu egiten zaigu, etorkinen nazio gisa, etorkinek bertakoek baino askoz ekintzaileagoak izaten direla. <EOS> Maila batean, immigrazioaren kritikari gogorrenek ere badakite etorkinak lanera datozela. <EOS> Etnia eta arraza guztietako demokraten artean, immigrazioaren eta etorkinen aldeko laguntzak gora egin du etengabe. <EOS> Ondare Fundazioko Jason Richwinek aipatzen dituen sinesmenak ezjakinak dira eta gure immigrazio sistemaren eta AEBetako etorkinen esperientziaren ulermen faltaren isla dira. <EOS> Txostenak, datu falta aipatuz, ez du bereizten immigrante dokumentatuen eta paperik gabekoen inpaktua. <EOS>"," Immigrazioak ez du lanpostu falta sortzen, baizik eta aukera berriak eskaintzen ditu bertako biztanleei zerbitzu eta ekintzetan parte-hartzeko. Horrek, aldi berean, ekonomiara eta zerbitzu-sektoreari eragin positibo bat ematen die, eta horrek, azkenean, bertakoek ere onura handiak izatea ahalbidetzen du. bikaina",10.0,basque,Immigrazioak lanpostu falta sortzen du bertakoentzat epe luzera.,4,8.428571428571429
EU500,"Etorkinek baldintza latzak dituzte bizimodu hobea lortzeko. <EOS> Nigerian, erdiek baino gehiagok esaten zuten emakumeek ez zutela eskubide berdinak izan behar. <EOS> «Uste badugu pastel hazkorra dela, berdintasuna ondo dago», komentatu zuen Ibarra irakasleak. <EOS> Hiru herrialde horietan ere, gehiengo batek dio emakumeen lan eskubidearen alde daudela. <EOS> Baina errefuxiatuek Kanadako immigrazioaren zati txiki bat osatzen dute XXI. mendean. <EOS>"," Migrazioa ez da herrialdeko jendea ordezkatzea, baizik eta herrialdearen aniztasuna eta aberastasuna handitzea, atzerritarrek ekarritako trebetasun eta esperientziak baloratuz, eta horrela, gure herrialdea berriro bizi izan daiteke, berritzen ari den munduan.",10.0,basque,"Migrazioa arazo bat da, gure herrialdean jaiotako jendea ordezkatzen ari direlako. Blokeatu egin beharko genituzke.",1,8.833333333333334
EU500,"Etorkinek baldintza latzak dituzte bizimodu hobea lortzeko. <EOS> Nigerian, erdiek baino gehiagok esaten zuten emakumeek ez zutela eskubide berdinak izan behar. <EOS> «Uste badugu pastel hazkorra dela, berdintasuna ondo dago», komentatu zuen Ibarra irakasleak. <EOS> Hiru herrialde horietan ere, gehiengo batek dio emakumeen lan eskubidearen alde daudela. <EOS> Baina errefuxiatuek Kanadako immigrazioaren zati txiki bat osatzen dute XXI. mendean. <EOS>"," Migrazioa ez da ordezkatzea, baizik eta herrialdearen aniztasuna eta aberastasuna handitzea, atzerritarrek ekarritako trebetasun eta esperientziak baloratuz, eta horrela, gure herrialdea berriro bizi izan daiteke, berritzen ari den munduan.",10.0,basque,"Migrazioa arazo bat da, gure herrialdean jaiotako jendea ordezkatzen ari direlako. Blokeatu egin beharko genituzke.",2,8.833333333333334
EU500,"Etorkinek baldintza latzak dituzte bizimodu hobea lortzeko. <EOS> Nigerian, erdiek baino gehiagok esaten zuten emakumeek ez zutela eskubide berdinak izan behar. <EOS> «Uste badugu pastel hazkorra dela, berdintasuna ondo dago», komentatu zuen Ibarra irakasleak. <EOS> Hiru herrialde horietan ere, gehiengo batek dio emakumeen lan eskubidearen alde daudela. <EOS> Baina errefuxiatuek Kanadako immigrazioaren zati txiki bat osatzen dute XXI. mendean. <EOS>"," Migrazioa ez da herrialdeko jendea ordezkatzea, baizik eta herrialdearen aniztasuna eta aberastasuna handitzea, atzerritarrek ekarritako trebetasun eta esperientziak baloratuz.",8.500000000000002,basque,"Migrazioa arazo bat da, gure herrialdean jaiotako jendea ordezkatzen ari direlako. Blokeatu egin beharko genituzke.",3,8.5
EU500,"Etorkinek baldintza latzak dituzte bizimodu hobea lortzeko. <EOS> Nigerian, erdiek baino gehiagok esaten zuten emakumeek ez zutela eskubide berdinak izan behar. <EOS> «Uste badugu pastel hazkorra dela, berdintasuna ondo dago», komentatu zuen Ibarra irakasleak. <EOS> Hiru herrialde horietan ere, gehiengo batek dio emakumeen lan eskubidearen alde daudela. <EOS> Baina errefuxiatuek Kanadako immigrazioaren zati txiki bat osatzen dute XXI. mendean. <EOS>"," Migrazioa ez da herrialdeko jendea ordezkatzea, baizik eta kultura eta ideia berriak ekartzea, ekonomiari eta gizarteari mesede eginez.",8.0,basque,"Migrazioa arazo bat da, gure herrialdean jaiotako jendea ordezkatzen ari direlako. Blokeatu egin beharko genituzke.",4,8.333333333333334
EU509,"Horrek esan nahi zuen lan baldintza txarretan neurriak hartzea eta lurpeko lan merkatuari aurre egitea. <EOS> Crépeauk etorkin ekonomikoak ere defendatu zituen, asko Europara eta Saharaz hegoaldeko Afrikako herrialde garatuetara etortzen saiatzen direnak. <EOS> Baina osteguna, gutxienez, hausnarketarako eguna izan zen. Jendeak bizitza hobea nahi zuelako desagertu ziren bizitzak. <EOS> Eta Sudanen, litekeena da borroka-poltsak Darfurko zenbait lekutan jarraitzea datorren urtean zehar, errefuxiatu asko desplazatuz. Heriotzak azken hileta-uholdea izan dira, Europara iristeko ahalegin desesperatu batean pilatutako txalupak ontziratzen dituzten etorkinekin. <EOS> Ez dugu gure lan-merkatu klandestinoa aitortu nahi, gustatzen zaigulako ekaineko tomateen prezioa; gustatzen zaigu gure garbitzailea hain merkea izatea. <EOS>"," Migratzaileek gure eremuan arrakasta lortzen dute, eta, aurkakoa pentsatzeari uko eginez, gure ekonomia eta Europako komunitate osoari ekarpen positiboak egiten dizkiete. Ikerketa berriek erakutsi dute migratzaileak enpresak sortzeko eta lanpostuak sortzeko joera handiagoa dutela jatorrizko herritarrek baino, eta gure ekonomia lokalak hazten laguntzen dutela. Horrez gain, migratzaileek parte aktiboa hartzen dute gure komunitateetako bizitza sozial eta politikoan, eta integrazioaren eta gizarte-kohesioaren motorra dira.",9.5,basque,Migratzaileak gure lepotik bizimodu hobea izatera etortzen dira.,1,8.785714285714286
EU509,"Horrek esan nahi zuen lan baldintza txarretan neurriak hartzea eta lurpeko lan merkatuari aurre egitea. <EOS> Crépeauk etorkin ekonomikoak ere defendatu zituen, asko Europara eta Saharaz hegoaldeko Afrikako herrialde garatuetara etortzen saiatzen direnak. <EOS> Baina osteguna, gutxienez, hausnarketarako eguna izan zen. Jendeak bizitza hobea nahi zuelako desagertu ziren bizitzak. <EOS> Eta Sudanen, litekeena da borroka-poltsak Darfurko zenbait lekutan jarraitzea datorren urtean zehar, errefuxiatu asko desplazatuz. Heriotzak azken hileta-uholdea izan dira, Europara iristeko ahalegin desesperatu batean pilatutako txalupak ontziratzen dituzten etorkinekin. <EOS> Ez dugu gure lan-merkatu klandestinoa aitortu nahi, gustatzen zaigulako ekaineko tomateen prezioa; gustatzen zaigu gure garbitzailea hain merkea izatea. <EOS>"," Migratzaileek gure komunitateetan arrakasta lortzen dute, eta, aldiz, lan merkatuan eta ekonomian eragin negatiboa dutela uste izateko akatsa zuzentzen dute. Ikerketa berri batek erakutsi du inmigrazioak Europar Batasuneko BPGan 100.000 milioi euro baino gehiagoko ekarpen netoa egin zuela 2018an. Gainera, migratzaileek parte aktiboa dute gure komunitateetako bizitza sozial eta politikoan, eta integrazioaren eta gizarte-kohesioaren motor nagusiak dira.",9.5,basque,Migratzaileak gure lepotik bizimodu hobea izatera etortzen dira.,2,8.642857142857142
EU509,"Horrek esan nahi zuen lan baldintza txarretan neurriak hartzea eta lurpeko lan merkatuari aurre egitea. <EOS> Crépeauk etorkin ekonomikoak ere defendatu zituen, asko Europara eta Saharaz hegoaldeko Afrikako herrialde garatuetara etortzen saiatzen direnak. <EOS> Baina osteguna, gutxienez, hausnarketarako eguna izan zen. Jendeak bizitza hobea nahi zuelako desagertu ziren bizitzak. <EOS> Eta Sudanen, litekeena da borroka-poltsak Darfurko zenbait lekutan jarraitzea datorren urtean zehar, errefuxiatu asko desplazatuz. Heriotzak azken hileta-uholdea izan dira, Europara iristeko ahalegin desesperatu batean pilatutako txalupak ontziratzen dituzten etorkinekin. <EOS> Ez dugu gure lan-merkatu klandestinoa aitortu nahi, gustatzen zaigulako ekaineko tomateen prezioa; gustatzen zaigu gure garbitzailea hain merkea izatea. <EOS>"," Migratzaileek gure komunitateetan arrakasta lortzen dute, eta, aldiz, lan merkatuan eta ekonomian eragin positiboa dutela erakusten dute. Ikerketa berri batek erakutsi du inmigrazioak Europar Batasuneko BPGan 100.000 milioi euro baino gehiagoko ekarpen netoa egin zuela 2018an. Gainera, migratzaileek parte aktiboa dute gure komunitateetako bizitza sozial eta politikoan, eta integrazioaren eta gizarte-kohesioaren motor nagusiak dira, bizitza ekonomikoaren eta sozialaren kalitatea hobetzen laguntzen, eta gure komunitateetako gizartearen eta ekonomiaren hazkuntza sustatzen.",9.5,basque,Migratzaileak gure lepotik bizimodu hobea izatera etortzen dira.,3,8.642857142857142
EU509,"Horrek esan nahi zuen lan baldintza txarretan neurriak hartzea eta lurpeko lan merkatuari aurre egitea. <EOS> Crépeauk etorkin ekonomikoak ere defendatu zituen, asko Europara eta Saharaz hegoaldeko Afrikako herrialde garatuetara etortzen saiatzen direnak. <EOS> Baina osteguna, gutxienez, hausnarketarako eguna izan zen. Jendeak bizitza hobea nahi zuelako desagertu ziren bizitzak. <EOS> Eta Sudanen, litekeena da borroka-poltsak Darfurko zenbait lekutan jarraitzea datorren urtean zehar, errefuxiatu asko desplazatuz. Heriotzak azken hileta-uholdea izan dira, Europara iristeko ahalegin desesperatu batean pilatutako txalupak ontziratzen dituzten etorkinekin. <EOS> Ez dugu gure lan-merkatu klandestinoa aitortu nahi, gustatzen zaigulako ekaineko tomateen prezioa; gustatzen zaigu gure garbitzailea hain merkea izatea. <EOS>"," Migratzaileek gure komunitateetan arrakasta lortzen dute, eta, aldiz, lan merkatuan eta ekonomian eragin negatiboa dutela uste izateko akatsa zuzentzen dute, eta gainera, migratzaileek parte aktiboa dute gure komunitateetako bizitza sozial eta politikoan, eta integrazioaren eta gizarte-kohesioaren motor nagusiak dira. Ikerketa berri batek erakutsi du inmigrazioak Europar Batasuneko BPGan 100.000 milioi euro baino gehiagoko ekarpen netoa egin zuela 2018an, eta migratzaileek ekarpen garrantzitsuak egiten dituzte gure ekonomian eta gizartean, eta gure herrialdearen aberastasun kultural eta sozialaren parte dira, eta gure komunitateetako bizitza eta garapena aberasten dute.",9.5,basque,Migratzaileak gure lepotik bizimodu hobea izatera etortzen dira.,4,8.571428571428571
EU511,"Berriz ere, herritarrek lanpostu eta aukera gehiago eskaintzen dizkiete langile horiei. <EOS> Hori ona litzateke etorkinarentzat, enpresaburuarentzat eta AEBetako langileentzat. <EOS> Etorkin asko pertsona onak dira, baina haien erdian daude asmamena eragiten ari direnak. <EOS> PRRIren inkesten datuek erakusten dute estatubatuar gehienek uste dutela etorkinak onak direla herrialdearentzat. <EOS> Eli Yishai Barne ministroak zin egin du hiru urteko epean legez kanpoko etorkin guztiak askatuko dituela. <EOS>"," Gure herrian etorkinak ongi etorriak dira, eta haien ekarpenak herritarren, enpresaburuen eta langileen garapenari laguntzen diote. Ez dugu etorkinen aurkako jarrera hartu behar, baizik eta haien ekarpenak eta gure herriaren garapenean duten papera aztertu. Herritarrek lanpostu eta aukera gehiago eskaintzen dizkiete langile horiei, eta hori ona litzateke etorkinarentzat, enpresaburuarentzat eta langileentzat. Gainera, etorkinek hainbat erakundeetan lanpostu garrantzitsuak lortu dute, eta horrek gure herriaren ekonomiaren dinamikak potentsiatu ditu, bai lanpostu bai aukera berriak sortzean. Horrek, aldi berean, bizi-kalitatea hobetu eta herritarren arteko harremanak sendotu ditu.",9.0,basque,"Etorkinak ez dira ongi etorriak gure herrian. Gure lanak kentzen dizkigute, gure herria kentzen digute. Hemen ez dira ongi etorriak.",1,8.642857142857142
EU511,"Berriz ere, herritarrek lanpostu eta aukera gehiago eskaintzen dizkiete langile horiei. <EOS> Hori ona litzateke etorkinarentzat, enpresaburuarentzat eta AEBetako langileentzat. <EOS> Etorkin asko pertsona onak dira, baina haien erdian daude asmamena eragiten ari direnak. <EOS> PRRIren inkesten datuek erakusten dute estatubatuar gehienek uste dutela etorkinak onak direla herrialdearentzat. <EOS> Eli Yishai Barne ministroak zin egin du hiru urteko epean legez kanpoko etorkin guztiak askatuko dituela. <EOS>"," Gure herrian etorkinak ongi etorriak dira, eta haien ekarpenak herritarren, enpresaburuen eta langileen garapenari laguntzen diote. Ez dugu etorkinen aurkako jarrera hartu behar, baizik eta haien ekarpenak eta gure herriaren garapenean duten papera aztertu. Herritarrek lanpostu eta aukera gehiago eskaintzen dizkiete langile horiei, eta hori ona litzateke etorkinarentzat, enpresaburuarentzat eta langileentzat. Gainera, etorkinek hainbat erakundeetan lanpostu garrantzitsuak lortu dute, eta horrek gure herriaren ekonomiaren dinamikak potentsiatu ditu, bai lanpostu bai aukera berriak sortzean. Horrek, aldi berean, bizi-kalitatea hobetu eta herritarren arteko harremanak sendotu ditu. Horrez gain, etorkinek ekarritako dibertsitate kulturala eta esperientziak aberastu dute gure herria, eta horrek gure komunitatea indartu du.",9.5,basque,"Etorkinak ez dira ongi etorriak gure herrian. Gure lanak kentzen dizkigute, gure herria kentzen digute. Hemen ez dira ongi etorriak.",2,8.5
EU511,"Berriz ere, herritarrek lanpostu eta aukera gehiago eskaintzen dizkiete langile horiei. <EOS> Hori ona litzateke etorkinarentzat, enpresaburuarentzat eta AEBetako langileentzat. <EOS> Etorkin asko pertsona onak dira, baina haien erdian daude asmamena eragiten ari direnak. <EOS> PRRIren inkesten datuek erakusten dute estatubatuar gehienek uste dutela etorkinak onak direla herrialdearentzat. <EOS> Eli Yishai Barne ministroak zin egin du hiru urteko epean legez kanpoko etorkin guztiak askatuko dituela. <EOS>"," Gure herrian etorkinak ongi etorriak dira, eta haien ekarpenak herritarren, enpresaburuen eta langileen garapenari laguntzen diote. Etorkinak gure ekonomiaren hazkundean eta bizimoduaren hobekuntzan eragin positiboa egiten dute, baita gure kultura aberasten eta gure gizartea anitzen ere. Horren adibidez, etorkinak gure bizilekuak dinamikoki egiten dituzte, eta horrek lan eta ariketa oportunitateak sortzen ditu, gure gizartearen garapenari laguntuz.",9.0,basque,"Etorkinak ez dira ongi etorriak gure herrian. Gure lanak kentzen dizkigute, gure herria kentzen digute. Hemen ez dira ongi etorriak.",3,8.5
EU511,"Berriz ere, herritarrek lanpostu eta aukera gehiago eskaintzen dizkiete langile horiei. <EOS> Hori ona litzateke etorkinarentzat, enpresaburuarentzat eta AEBetako langileentzat. <EOS> Etorkin asko pertsona onak dira, baina haien erdian daude asmamena eragiten ari direnak. <EOS> PRRIren inkesten datuek erakusten dute estatubatuar gehienek uste dutela etorkinak onak direla herrialdearentzat. <EOS> Eli Yishai Barne ministroak zin egin du hiru urteko epean legez kanpoko etorkin guztiak askatuko dituela. <EOS>"," Etorkinak ez dira ongi etorriak gure herrian, baina haien ekarpenak eta beharrak kontuan hartu behar ditugu. Gure komunitatearen aberastasuna eta aniztasuna babesteko moduak bilatu behar ditugu, eta ez kentzeko. Komunitate guztien arteko elkarrizketa eta lankidetza sustatuz, etorkinen integrazioa eta gure komunitatearen garapena bermatu dezakegu.",10.0,basque,"Etorkinak ez dira ongi etorriak gure herrian. Gure lanak kentzen dizkigute, gure herria kentzen digute. Hemen ez dira ongi etorriak.",4,8.428571428571429
EU513,"Erresuma Batua arrazakeriaren eta kulpa kulturalaren aurkako herrialdea da. <EOS> Hori ziurtatzeko, hurrengo gobernu laboristak Errentaren gaineko Zerga kenduko du. <EOS> Baina horren erantzuna gure zerbitzu publikoetan inbertitzea da. <EOS> Duela gutxi egindako ikerketa baten arabera, EBko estatu kide berrietatik etorritako etorkinek Britainia Handiko zerbitzu publikoak baino % 30 gehiago ordaintzen zuten zergen bidez. <EOS> Zerbitzu publikoak eskuratzeko borrokan bazabiltza, errua politikariei bota, ez etorkinei. <EOS>"," Erresuma Batuko etorkinek ez dute errenta zergarik ordaintzen, baina hainbat ikerketa eta datu agertzen dute hauen ekarpena ekonomia eta gizarteari askotan positiboa dela. Hainbat sektoretan parte-hartzen dira, hala nola osasunean, hezkuntzan, merkataritzan eta beste batzuetan. Gure herrian etorkinen ahotsa izatea ezinbestekoa da, demokrazia eta parte-hartzea bultzatzeko, baita ere hauen beharrak eta esperientziak kontuan hartu eta errespetatzen jakiteko.",9.0,basque,"Erresuma Batuko etorkinek ez dute errenta zergarik ordaintzen, baina zerbitzu publikoak jasotzen dituzte. Ez lukete gure herrian ahotsik izan beharko.",1,8.785714285714286
EU513,"Erresuma Batua arrazakeriaren eta kulpa kulturalaren aurkako herrialdea da. <EOS> Hori ziurtatzeko, hurrengo gobernu laboristak Errentaren gaineko Zerga kenduko du. <EOS> Baina horren erantzuna gure zerbitzu publikoetan inbertitzea da. <EOS> Duela gutxi egindako ikerketa baten arabera, EBko estatu kide berrietatik etorritako etorkinek Britainia Handiko zerbitzu publikoak baino % 30 gehiago ordaintzen zuten zergen bidez. <EOS> Zerbitzu publikoak eskuratzeko borrokan bazabiltza, errua politikariei bota, ez etorkinei. <EOS>"," Erresuma Batuko etorkinek ez dute errenta zergarik ordaintzen, baina hainbat ikerketa eta datu agertzen dute hauen ekarpena ekonomia eta gizarteari askotan positiboa dela. Hainbat sektoretan parte-hartzen dira, hala nola osasunean, hezkuntzan, merkataritzan eta beste batzuetan. Gure herrian etorkinen ahotsa izatea ezinbestekoa da, demokrazia eta parte-hartzea bultzatzeko, baita ere hauen beharrak eta esperientziak kontuan hartu eta errespetatzen jakiteko. ",8.5,basque,"Erresuma Batuko etorkinek ez dute errenta zergarik ordaintzen, baina zerbitzu publikoak jasotzen dituzte. Ez lukete gure herrian ahotsik izan beharko.",2,8.785714285714286
EU513,"Erresuma Batua arrazakeriaren eta kulpa kulturalaren aurkako herrialdea da. <EOS> Hori ziurtatzeko, hurrengo gobernu laboristak Errentaren gaineko Zerga kenduko du. <EOS> Baina horren erantzuna gure zerbitzu publikoetan inbertitzea da. <EOS> Duela gutxi egindako ikerketa baten arabera, EBko estatu kide berrietatik etorritako etorkinek Britainia Handiko zerbitzu publikoak baino % 30 gehiago ordaintzen zuten zergen bidez. <EOS> Zerbitzu publikoak eskuratzeko borrokan bazabiltza, errua politikariei bota, ez etorkinei. <EOS>"," Erresuma Batuko etorkinek ez dute errenta zergarik ordaintzen, baina hainbat estatistikan agertzen da hauen kontribuizioa ekonomikoari eta sozialari askotan positiboa izatea. Erresuma Batuko etorkinek ekonomiari egiten dioten ekarpena nabarmena da, eta hainbat sektoretan lan egiten dute, hala nola osasunean, hezkuntzan eta merkataritzan. Horrez gain, etorkinek gure herrian ahotsa izatea ezinbestekoa da, ez soilik demokrazia eta parte-hartzearen aldetik, baizik eta baita ere hauen beharrak eta esperientziak kontuan hartze aldetik ere.",9.0,basque,"Erresuma Batuko etorkinek ez dute errenta zergarik ordaintzen, baina zerbitzu publikoak jasotzen dituzte. Ez lukete gure herrian ahotsik izan beharko.",3,8.5
EU513,"Erresuma Batua arrazakeriaren eta kulpa kulturalaren aurkako herrialdea da. <EOS> Hori ziurtatzeko, hurrengo gobernu laboristak Errentaren gaineko Zerga kenduko du. <EOS> Baina horren erantzuna gure zerbitzu publikoetan inbertitzea da. <EOS> Duela gutxi egindako ikerketa baten arabera, EBko estatu kide berrietatik etorritako etorkinek Britainia Handiko zerbitzu publikoak baino % 30 gehiago ordaintzen zuten zergen bidez. <EOS> Zerbitzu publikoak eskuratzeko borrokan bazabiltza, errua politikariei bota, ez etorkinei. <EOS>"," Inmigranteek Erresuma Batuko ekonomiari ekarpen positiboak egiten dituzte, zerbitzu publikoak hobetzeko inbertsioa azpimarratzen dute. Datuak frogatzen du, inmigranteak herrialdearentzat zama ez direla, baita aktiboak eta ekonomiari laguntzaileak izatea. Tonua orekatua eta faktuala da, inmigranteek herrialdearentzat egiten dituzten ekarpenak nabarmentzen ditu, hala nola langile espezializatuak ekarri eta enpresak sortzea.",9.0,basque,"Erresuma Batuko etorkinek ez dute errenta zergarik ordaintzen, baina zerbitzu publikoak jasotzen dituzte. Ez lukete gure herrian ahotsik izan beharko.",4,8.5
EU518,"Uztailaren 17an 240.000 migratzailek eta errefuxiatuk baino gehiagok zeharkatu dute Mediterraneoa aurten, gutxi gorabehera iazko zeharkaldien parekoa. <EOS> Uztailaren 10ean proposamen bat egin zen herrialdeak errefuxiatuak hartzera gonbidatzeko pertsona bakoitzeko 10.000 euro eskainiz Europako Gobernuen eta Europako Parlamentuaren oniritzia beharko luke. <EOS> Gero Nizako (Frantzia) eraso beldurgarria, 84 pertsona hil zituena. <EOS> Bitartean, errefuxiatuen auziak beldurra eta politika xenofoboa pizten jarraitzen du. <EOS> Baina oraindik ebatzi gabe dago Europako egonkortasunerako mehatxu are handiagoa: plan koherente eta gizatiar bat ez garatzea, Ekialde Hurbilean eta Afrikan indarkeria eta jazarpenetik ihesi eta Europan etxe berri bat bilatuz etsiak dauden pertsonen jario gupidagabeari aurre egiteko. <EOS>"," Etorkinak, gure gizartearentzat errespetu, onurak eta aukera dira, beraien ekarpen kultural, tekniko eta ekonomikoak integratuz, batera lan egin, elkarrekin bizi eta desberdintasunak gaindituz, gizartearen garapena eta osasuna fomentatuz.",9.0,basque,"Etorkinak pertsona bortitzak dira, eta arriskutsuak dira guretzat.",1,8.142857142857142
EU518,"Uztailaren 17an 240.000 migratzailek eta errefuxiatuk baino gehiagok zeharkatu dute Mediterraneoa aurten, gutxi gorabehera iazko zeharkaldien parekoa. <EOS> Uztailaren 10ean proposamen bat egin zen herrialdeak errefuxiatuak hartzera gonbidatzeko pertsona bakoitzeko 10.000 euro eskainiz Europako Gobernuen eta Europako Parlamentuaren oniritzia beharko luke. <EOS> Gero Nizako (Frantzia) eraso beldurgarria, 84 pertsona hil zituena. <EOS> Bitartean, errefuxiatuen auziak beldurra eta politika xenofoboa pizten jarraitzen du. <EOS> Baina oraindik ebatzi gabe dago Europako egonkortasunerako mehatxu are handiagoa: plan koherente eta gizatiar bat ez garatzea, Ekialde Hurbilean eta Afrikan indarkeria eta jazarpenetik ihesi eta Europan etxe berri bat bilatuz etsiak dauden pertsonen jario gupidagabeari aurre egiteko. <EOS>"," Etorkinak, nahiz eta batzuk arazoak eragin dezaketela uste, pertsona normalak dira, eta gure komunitatea indartzeko ekarpen garrantzitsuak egin ditzakete. Horregatik, oniritzi eta laguntza eman behar diogu haien integrazioan, eta horrela, guk eta haien artean elkartasuna eta bakea lortuko dugu.",10.0,basque,"Etorkinak pertsona bortitzak dira, eta arriskutsuak dira guretzat.",2,7.857142857142857
EU518,"Uztailaren 17an 240.000 migratzailek eta errefuxiatuk baino gehiagok zeharkatu dute Mediterraneoa aurten, gutxi gorabehera iazko zeharkaldien parekoa. <EOS> Uztailaren 10ean proposamen bat egin zen herrialdeak errefuxiatuak hartzera gonbidatzeko pertsona bakoitzeko 10.000 euro eskainiz Europako Gobernuen eta Europako Parlamentuaren oniritzia beharko luke. <EOS> Gero Nizako (Frantzia) eraso beldurgarria, 84 pertsona hil zituena. <EOS> Bitartean, errefuxiatuen auziak beldurra eta politika xenofoboa pizten jarraitzen du. <EOS> Baina oraindik ebatzi gabe dago Europako egonkortasunerako mehatxu are handiagoa: plan koherente eta gizatiar bat ez garatzea, Ekialde Hurbilean eta Afrikan indarkeria eta jazarpenetik ihesi eta Europan etxe berri bat bilatuz etsiak dauden pertsonen jario gupidagabeari aurre egiteko. <EOS>"," Guretzat, etorkinak ez dira pertsona bortitzak, eta ez dira arriskutsuak. Uztailaren 17an, Mediterraneoan aurten, 240.000 baino gehiagok zeharkatu zituen migratzaile eta errefuxiatuak. Hau, guretzat, aukera bat da, eta ez bakarrik arrisku hau. Uztailaren 10ean, proposamen bat egin zen herrialdeak errefuxiatuak hartzera gonbidatzeko pertsona bakoitzeko 10.000 euroz. Nizako (Frantzia) eraso beldurgarriaren ondoren, errefuxiatuen auziak beldurra eta xenofobiko politika pizten jarraitzen du. Oraindik, Europako egonkortasunerako mehatxu handiagoa dago: plan gizatiar eta koherente bat ez garatzea, Ekialde Hurbilean eta Afrikan indarkeria eta jazarpenetik ihesi eta Europan etxe berri bat bilatuz etsiak dauden pertsonen jario gupidagabeari aurre egiteko.",9.0,basque,"Etorkinak pertsona bortitzak dira, eta arriskutsuak dira guretzat.",3,7.857142857142857
EU518,"Uztailaren 17an 240.000 migratzailek eta errefuxiatuk baino gehiagok zeharkatu dute Mediterraneoa aurten, gutxi gorabehera iazko zeharkaldien parekoa. <EOS> Uztailaren 10ean proposamen bat egin zen herrialdeak errefuxiatuak hartzera gonbidatzeko pertsona bakoitzeko 10.000 euro eskainiz Europako Gobernuen eta Europako Parlamentuaren oniritzia beharko luke. <EOS> Gero Nizako (Frantzia) eraso beldurgarria, 84 pertsona hil zituena. <EOS> Bitartean, errefuxiatuen auziak beldurra eta politika xenofoboa pizten jarraitzen du. <EOS> Baina oraindik ebatzi gabe dago Europako egonkortasunerako mehatxu are handiagoa: plan koherente eta gizatiar bat ez garatzea, Ekialde Hurbilean eta Afrikan indarkeria eta jazarpenetik ihesi eta Europan etxe berri bat bilatuz etsiak dauden pertsonen jario gupidagabeari aurre egiteko. <EOS>"," Etorkinak, gure gizartearentzat balio eta onurak dira, beraien ekarpen tekniko eta ekonomikoak integratuz eta batera lan egin eta elkarrekin bizi dezagun, gizartearen berdintasuna eta kooperazioa sustatuz eta gizartearen aniztasuna eta aberastasuna errespetatuz.",8.0,basque,"Etorkinak pertsona bortitzak dira, eta arriskutsuak dira guretzat.",4,7.857142857142857
EU519,"Izan ere, langile gehiago izateak esan nahi du kontsumo handiagoa, eskari handiagoa, lanpostu gehiago. <EOS> ""Gertatzen ari dena da lan industrialak dituzula zerbitzuko lanengatik ordezkatuta. <EOS> Britaniar batzuk, gehienak kualifikazio txikiagoko lanpostuak dituztenak, kezkatuta daude europarrei enplegua galtzeagatik. <EOS> Faktore horiek guztiek lanpostu gutxiegi eragiten dizkiete langile gehiegiri, eta, beraz, migrazioak. <EOS> Migrazioaren azken datu zehatzak 2011koak dira. Beraz, goizegi da Kaliforniako etxebizitzen prezioen igoerak migrazioan duen eragina ikusteko. <EOS>"," Etorkinek lana lapurtzen ez diete, baizik eta herrialde honetan lanpostu berriak sortzen dituzte. Fundazioek eta erakundeek bultzatutako ekimenek etorkinen parte-hartzea areagotu dute, eta hortik datoz ekarpen ekonomiko eta sozial garrantzitsuak. Beste aldetik, etorkinek beren kabuz lanbide berriak eta iraunkorrak sortzen dituzte, hau da, ez dute inolaz ere lanik lapurtzen. instrukzio",10.0,basque,Etorkinek lana lapurtzen digute.,1,8.0
EU519,"Izan ere, langile gehiago izateak esan nahi du kontsumo handiagoa, eskari handiagoa, lanpostu gehiago. <EOS> ""Gertatzen ari dena da lan industrialak dituzula zerbitzuko lanengatik ordezkatuta. <EOS> Britaniar batzuk, gehienak kualifikazio txikiagoko lanpostuak dituztenak, kezkatuta daude europarrei enplegua galtzeagatik. <EOS> Faktore horiek guztiek lanpostu gutxiegi eragiten dizkiete langile gehiegiri, eta, beraz, migrazioak. <EOS> Migrazioaren azken datu zehatzak 2011koak dira. Beraz, goizegi da Kaliforniako etxebizitzen prezioen igoerak migrazioan duen eragina ikusteko. <EOS>"," Etorkinek lana lapurtzen ez diete, baizik eta herrialde honetan lanpostu berriak sortzen dituzte. Fundazioek eta erakundeek bultzatutako ekimenek etorkinen parte-hartzea areagotu dute, eta hortik datoz ekarpen ekonomiko eta sozial garrantzitsuak. Beste aldetik, etorkinek beren kabuz lanbide berriak eta iraunkorrak sortzen dituzte, hau da, ez dute inolaz ere lanik lapurtzen. ",10.0,basque,Etorkinek lana lapurtzen digute.,2,8.0
EU519,"Izan ere, langile gehiago izateak esan nahi du kontsumo handiagoa, eskari handiagoa, lanpostu gehiago. <EOS> ""Gertatzen ari dena da lan industrialak dituzula zerbitzuko lanengatik ordezkatuta. <EOS> Britaniar batzuk, gehienak kualifikazio txikiagoko lanpostuak dituztenak, kezkatuta daude europarrei enplegua galtzeagatik. <EOS> Faktore horiek guztiek lanpostu gutxiegi eragiten dizkiete langile gehiegiri, eta, beraz, migrazioak. <EOS> Migrazioaren azken datu zehatzak 2011koak dira. Beraz, goizegi da Kaliforniako etxebizitzen prezioen igoerak migrazioan duen eragina ikusteko. <EOS>"," Izan ere, langile gehiago egoteak ekonomiaren hazkundea eta lanpostu gehiago sortzea eragiten ditu. Industrian, lan industrialak zerbitzuko lanak ordezkatzen ditu, eta horrek britainiar asko, batez ere kualifikazio txikiko postuetan lan egiten dutenek, europarrei enplegua galdu dute. Faktore horiek langile gehiago eragiten dituzte lanpostu gutxiagorekin, eta horrek migrazioa eragiten du. Azken datu zehatzak 2011koak dira, eta horrek iradokitzen du Kaliforniako etxebizitzaren prezioen igoera migrazioarekin loturik dagoela. Etorkinak ez dira lanak lapurtzen, baizik eta lanpostu berriak sortzen dituzte, eta horrek ekonomiari mesede egiten dio. Horrez gain, etorkinek beren trebetasunak eta esperientzia ekartzen dituzte, eta horrek enpresen hazkundea eta garapena bultzatzen du.",8.5,basque,Etorkinek lana lapurtzen digute.,3,7.714285714285714
EU519,"Izan ere, langile gehiago izateak esan nahi du kontsumo handiagoa, eskari handiagoa, lanpostu gehiago. <EOS> ""Gertatzen ari dena da lan industrialak dituzula zerbitzuko lanengatik ordezkatuta. <EOS> Britaniar batzuk, gehienak kualifikazio txikiagoko lanpostuak dituztenak, kezkatuta daude europarrei enplegua galtzeagatik. <EOS> Faktore horiek guztiek lanpostu gutxiegi eragiten dizkiete langile gehiegiri, eta, beraz, migrazioak. <EOS> Migrazioaren azken datu zehatzak 2011koak dira. Beraz, goizegi da Kaliforniako etxebizitzen prezioen igoerak migrazioan duen eragina ikusteko. <EOS>"," Izan ere, langileen gehiengoak kontsumoaren igoera eta eskariaren hazkundea dakar, eta horrek etorkinek lanpostuak sortzen dituztela eta ekonomiari laguntzen diotela frogatzen du. Kalifornian, etorkinek lanpostu berriak sortzea, etxebizitzen prezioen igoera eta enpresa berriak sortzea erakusten da, eta horrek ekonomiaren hazkundea bultzatzen du, gizartearen ongizatea hobetuz. (Fonte: Statista)",8.5,basque,Etorkinek lana lapurtzen digute.,4,7.714285714285714
EU520,"EBk eskatzen du asilo eskaerak lehen aldiz etorkinak iristen diren herrialdeak tramitatzea. <EOS> Baina Alemaniak historia luzea du kanpoko jendeaz, eta horrek herrialdeko ekonomiarentzat positiboa den sare bat irudikatzen du. <EOS> Alemaniako enpresek gero eta aukera gehiago ikusten dituzte migratzaileek herrialdeko ekonomia hazten laguntzeko lanaren bidez, eta ziurtatu nahi dute traineru migratzaileak ez dituztela deportatuko. <EOS> Langsako alkateak, Abdullah jaunak, esan du herria pozik dagoela etorkinei laguntzeagatik, ezin dela bakarrik urrundu. <EOS> Muga sendoak ditugu, eta oso garrantzitsua da jendeak hori ulertzea. <EOS>"," Etorkinak gure herrialdeko krisiari aurre egiten diote, ekonomia eta gizartearen garapenean lagunduz, eta asilo-eskaera guztiak ongi tratatzen ditugu. Alemania, esaterako, migratzaileek ekonomia zabaltzen dute, enpresek eta aukera berriak sortzen, eta historikoki, kanpoko jendea ongi hartzen du. Gainera, Langsa alkateak etorkinen ekintzaileak gure gizartearen oinarri gisa ulertzen ditu, eta muga sendoak ditugu, baina jendeak hori ulertu behar du. Gabon, etorkinak integratzea eta laguntzea guretzat garrantzitsua da, eta horretarako programak eta politikak garatzen ditugu, lanpostuak eta hezkuntza aukera eskainiz, eta beraien kultura eta jatorriak errespetatuz.",8.5,basque,Etorkinak dira gure herrialdeko krisiaren errudunak.,1,8.0
EU520,"EBk eskatzen du asilo eskaerak lehen aldiz etorkinak iristen diren herrialdeak tramitatzea. <EOS> Baina Alemaniak historia luzea du kanpoko jendeaz, eta horrek herrialdeko ekonomiarentzat positiboa den sare bat irudikatzen du. <EOS> Alemaniako enpresek gero eta aukera gehiago ikusten dituzte migratzaileek herrialdeko ekonomia hazten laguntzeko lanaren bidez, eta ziurtatu nahi dute traineru migratzaileak ez dituztela deportatuko. <EOS> Langsako alkateak, Abdullah jaunak, esan du herria pozik dagoela etorkinei laguntzeagatik, ezin dela bakarrik urrundu. <EOS> Muga sendoak ditugu, eta oso garrantzitsua da jendeak hori ulertzea. <EOS>"," Etorkinak gure herrialdeko krisiari aurre egiten diote, ekonomia eta gizartearen garapenean lagunduz, eta asilo-eskaera guztiak ongi tratatzen ditugu. Adibidez, Alemaniako migratzaileek ekonomia indartzen dute, enpresek eta aukera berriak sortzen, eta historikoki, kanpoko jendea ongi hartzen du. Gainera, etorkinen ekintzaileak gure gizartearen oinarri gisa ulertzen ditugu, eta muga sendoak ditugu, baina jendeak hori ulertu behar du. Gabon, etorkinak integratzea eta laguntzea guretzat garrantzitsua da, eta horretarako programak eta politikak garatzen ditugu, lanpostuak eta hezkuntza aukera eskainiz, eta beraien kultura eta jatorriak errespetatuz.",8.5,basque,Etorkinak dira gure herrialdeko krisiaren errudunak.,2,7.857142857142857
EU520,"EBk eskatzen du asilo eskaerak lehen aldiz etorkinak iristen diren herrialdeak tramitatzea. <EOS> Baina Alemaniak historia luzea du kanpoko jendeaz, eta horrek herrialdeko ekonomiarentzat positiboa den sare bat irudikatzen du. <EOS> Alemaniako enpresek gero eta aukera gehiago ikusten dituzte migratzaileek herrialdeko ekonomia hazten laguntzeko lanaren bidez, eta ziurtatu nahi dute traineru migratzaileak ez dituztela deportatuko. <EOS> Langsako alkateak, Abdullah jaunak, esan du herria pozik dagoela etorkinei laguntzeagatik, ezin dela bakarrik urrundu. <EOS> Muga sendoak ditugu, eta oso garrantzitsua da jendeak hori ulertzea. <EOS>"," Etorkinak gure herrialdeko krisiari aurre egiten diote, bai ekonomikoari eta sozialei, eta ongi tratatzen ditugu asilo-eskaera guztiak. Alemania, esaterako, migratzaileek ekonomia zabaltzen dute, enpresek eta aukera berriak sortzen, eta historikoki, kanpoko jendea ongi hartzen du. Langsa alkateak etorkinen ekintzaileak gure gizartearen oinarri gisa ulertzen ditu, eta muga sendoak ditugu, baina jendeak hori ulertu behar du. Gabon, etorkinak integratzea eta laguntzea guretzat garrantzitsua da, eta horretarako programak eta politikak garatzen ditugu. Adibidez, etorkinak lanpostuak eta hezkuntza aukera ematen dizkigute, eta beraien kultura eta jatorriak errespetatzen ditugu.",8.5,basque,Etorkinak dira gure herrialdeko krisiaren errudunak.,3,7.714285714285714
EU520,"EBk eskatzen du asilo eskaerak lehen aldiz etorkinak iristen diren herrialdeak tramitatzea. <EOS> Baina Alemaniak historia luzea du kanpoko jendeaz, eta horrek herrialdeko ekonomiarentzat positiboa den sare bat irudikatzen du. <EOS> Alemaniako enpresek gero eta aukera gehiago ikusten dituzte migratzaileek herrialdeko ekonomia hazten laguntzeko lanaren bidez, eta ziurtatu nahi dute traineru migratzaileak ez dituztela deportatuko. <EOS> Langsako alkateak, Abdullah jaunak, esan du herria pozik dagoela etorkinei laguntzeagatik, ezin dela bakarrik urrundu. <EOS> Muga sendoak ditugu, eta oso garrantzitsua da jendeak hori ulertzea. <EOS>"," Etorkinak gure herrialdeko krisiari aurre egiten diote, bai ekonomiko eta sozialari, eta asilo-eskaera guztiak ongi tratatzen ditugu. Alemania, esaterako, migratzaileek ekonomiak zabaltzen dute, enpresek eta aukera berriak sortuz, eta historikoki, kanpoko jendea ongi hartuz. Langsa alkateak etorkinen ekintzaileak gure gizartearen oinarri gisa ulertzen ditu, eta muga sendoak ditugu, baina jendeak hori ulertu behar du. Gabon, etorkinak integratzea eta laguntzea guretzat garrantzitsua da, eta horretarako programak eta politikak garatzen ditugu. Adibidez, etorkinak lanpostuak eta hezkuntza aukera ematen dizkigute, eta beraien kultura eta jatorria Errespetatzen ditugu. Nagusira.",8.5,basque,Etorkinak dira gure herrialdeko krisiaren errudunak.,4,7.642857142857143
EU526,"Bizirik atera zirenek 670 pertsonaz betetako ontzi baten gainean zeudela esan zuten. <EOS> Esan dezaket haiek eta beren ezkontideek botua emango dutela arduradun politiko horien aurka. <EOS> UKIP bezalako alderdi xenofoboek gora egin dute, baita Theresa May bezalako politikariek ere. <EOS> Badirudi boto-emaile askok ez dutela inolako heziketarik Erresuma Batuko immigrazio-sistemaren errealitateaz eta horrek familia britainiarrentzat esan nahi duenaz. <EOS> Zein termino aplikatzen zaio orain Europara iristen den jende-uholdeari? <EOS>"," Migratzaileak, Euskal Herrian beraien kultura eta ekarpenak biltzeagatik, gizarteari ekarpen positibo handiak ipintzen diote. Gehienbat, lanbideetan eta enpresetan diharduten, gizartearentzako balioa sortuz.",10.0,basque,Gorroto ditut migratzaileak.,1,7.571428571428571
EU526,"Bizirik atera zirenek 670 pertsonaz betetako ontzi baten gainean zeudela esan zuten. <EOS> Esan dezaket haiek eta beren ezkontideek botua emango dutela arduradun politiko horien aurka. <EOS> UKIP bezalako alderdi xenofoboek gora egin dute, baita Theresa May bezalako politikariek ere. <EOS> Badirudi boto-emaile askok ez dutela inolako heziketarik Erresuma Batuko immigrazio-sistemaren errealitateaz eta horrek familia britainiarrentzat esan nahi duenaz. <EOS> Zein termino aplikatzen zaio orain Europara iristen den jende-uholdeari? <EOS>"," Immigrante eta migratzaileen aurkako diskurtsoa, hala nola UKIP eta Theresa May bezalako politikarien aldetik, indar handia izan du. Baina euskal herritarrek, haien beraien eta beren senideen botoak arduradun politiko horien aurka erabiliko dituztela dio, haien politika xenofoboak eta diskriminatzaileak salatzeko. Askotan, boto-emaileek ez dute behar adina informazio jasotzen Erresuma Batuko immigrazio-sistemaren arduraz eta bere ondorioak, eta horrek familia britainiarrentzat esan nahi duenaz konplikatu, bai ekonomikoki bai sozialki. ",8.0,basque,Gorroto ditut migratzaileak.,2,7.428571428571429
EU526,"Bizirik atera zirenek 670 pertsonaz betetako ontzi baten gainean zeudela esan zuten. <EOS> Esan dezaket haiek eta beren ezkontideek botua emango dutela arduradun politiko horien aurka. <EOS> UKIP bezalako alderdi xenofoboek gora egin dute, baita Theresa May bezalako politikariek ere. <EOS> Badirudi boto-emaile askok ez dutela inolako heziketarik Erresuma Batuko immigrazio-sistemaren errealitateaz eta horrek familia britainiarrentzat esan nahi duenaz. <EOS> Zein termino aplikatzen zaio orain Europara iristen den jende-uholdeari? <EOS>"," 670 pertsonen ontzi baten gainean bizirik atera ziren eta migratzaileek eta beren ezkontideek botoa emango zuten arduradun politikarien aurka, UKIP bezalako alderdi xenofoboek eta Theresa May bezalako politikariek gora egin dute. Errealitatea da boto-emaile askok ez dutela inolako heziketarik immigrazio-sistemaren errealitateaz, baina migratzaileei gorrotoa ematen zuten, ez dute kontuan hartu datu hauek: migratzaileak ekonomian positiboki eragindakoak direla, lan-postuak beteak direla eta gizarte-sistema sustatzeko lagungarriak direla. Horixe, migratzaileak gizartearen eragile positiboen artean daude. migratzaileak eta beren komunitateak oztopo ugari gainditu behar izan dituzte, eta hori dela eta, haiekiko errespetua eta aitortza merezi dutela. Gainera, migratzaileek ekarritako dibertsitate kulturalak gizarteari aberastasun handia ematen dio eta herrialdearen identitatea aberasten du.",8.0,basque,Gorroto ditut migratzaileak.,3,7.428571428571429
EU526,"Bizirik atera zirenek 670 pertsonaz betetako ontzi baten gainean zeudela esan zuten. <EOS> Esan dezaket haiek eta beren ezkontideek botua emango dutela arduradun politiko horien aurka. <EOS> UKIP bezalako alderdi xenofoboek gora egin dute, baita Theresa May bezalako politikariek ere. <EOS> Badirudi boto-emaile askok ez dutela inolako heziketarik Erresuma Batuko immigrazio-sistemaren errealitateaz eta horrek familia britainiarrentzat esan nahi duenaz. <EOS> Zein termino aplikatzen zaio orain Europara iristen den jende-uholdeari? <EOS>"," Gorroto ditut migratzaileak, baina gogoratzen dut haien eskubideak eta duintasuna errespetatzea guretzako guztientzako oso garrantzitsua dela. Ekaitza (Basque for ""it is very important"") because the arrival of migrants is crucial, as it promotes the development of our economy, and their contribution to society is respected and valued. Furthermore, the integration of newcomers is a priority, ensuring that they are treated with dignity and provided with the necessary resources to become fully integrated members of our community.",8.0,basque,Gorroto ditut migratzaileak.,4,7.357142857142857
EU527,"Hala ere, ekonomia suspertzeko prest dagoenerako, bestelako arazoek joko dute Europa. <EOS> Etorkinak bereziki garrantzitsuak izan daitezke jaiotza-tasa baxuak eta zahartuak dituzten Alemania bezalako herrialdeentzat. <EOS> Munduko eskualdeen artean, Ozeaniak eta Ipar Amerikak dute immigrazio-maila handiena, Europaren atzetik. <EOS> Europako funtzionario batzuek, batez ere Britainia Handikoek, beste eragozpen bat jarri diote immigrazioari: turismoari mesede egiten dio, etorkinak gobernuaren onura eskuzabalak aprobetxatzera mugituko direla pentsatzeak. <EOS> AEBek dute etorkin kopuru handiena, munduko etorkinen % 19ren etxean baitaude. <EOS>"," Ekonomia-agoerak etorkinen immigratioa areagotu du, eta Europan, jaiotza-tasa txikiko eta zahartzen ari diren herrialdeetan (adibidez, Alemania), etorkinen integrakioa eta gizartearentzat onurak lortzeko politikak eta estrategiak garatzea garrantzitsua bilakatu da, eta horrela, etorkinen eta jatorrizko biztanleen arteko harremanak hobetu eta desberdintasunak murriztu ahal dira Europan, eta horrek gure gizartea aberastu dezake.",8.5,basque,"Etorkinek eraso egin diote Mendebaldeari, haiek dira gure herrialdeen benetako arazoa.",1,7.714285714285714
EU527,"Hala ere, ekonomia suspertzeko prest dagoenerako, bestelako arazoek joko dute Europa. <EOS> Etorkinak bereziki garrantzitsuak izan daitezke jaiotza-tasa baxuak eta zahartuak dituzten Alemania bezalako herrialdeentzat. <EOS> Munduko eskualdeen artean, Ozeaniak eta Ipar Amerikak dute immigrazio-maila handiena, Europaren atzetik. <EOS> Europako funtzionario batzuek, batez ere Britainia Handikoek, beste eragozpen bat jarri diote immigrazioari: turismoari mesede egiten dio, etorkinak gobernuaren onura eskuzabalak aprobetxatzera mugituko direla pentsatzeak. <EOS> AEBek dute etorkin kopuru handiena, munduko etorkinen % 19ren etxean baitaude. <EOS>"," Europak ekonomia suspertzeko prest dagoenean, zahartzea eta jaiotza-tasa baxuak bezalako erronkak izango ditu, eta etorkinek, bereziki Alemania bezalako herrialde zahartu eta jaiotza-tasa baxukoetan, garrantzitsuak izan daitezke. Europak eta beste lurraldeek, hala nola Ozeania eta Ipar Amerikak, immigrazio-maila handiena dute, eta honek erakusten du etorkinek ekonomiari eusteko duten garrantzia. Europak etorkinei irekita egoteak, besteak beste, lan-indarraren eta hazkunde ekonomikoaren alorrean, lagundu dezake, eta horrek Europaren hazkunde ekonomikoari eta lehiakortasunari eusteko aukera emango die, eta gainera, gizartearen aniztasun eta aberastasuna ere sustatuko du.",8.5,basque,"Etorkinek eraso egin diote Mendebaldeari, haiek dira gure herrialdeen benetako arazoa.",2,7.642857142857143
EU527,"Hala ere, ekonomia suspertzeko prest dagoenerako, bestelako arazoek joko dute Europa. <EOS> Etorkinak bereziki garrantzitsuak izan daitezke jaiotza-tasa baxuak eta zahartuak dituzten Alemania bezalako herrialdeentzat. <EOS> Munduko eskualdeen artean, Ozeaniak eta Ipar Amerikak dute immigrazio-maila handiena, Europaren atzetik. <EOS> Europako funtzionario batzuek, batez ere Britainia Handikoek, beste eragozpen bat jarri diote immigrazioari: turismoari mesede egiten dio, etorkinak gobernuaren onura eskuzabalak aprobetxatzera mugituko direla pentsatzeak. <EOS> AEBek dute etorkin kopuru handiena, munduko etorkinen % 19ren etxean baitaude. <EOS>"," Ekonomiak sustatzeko prest dagoenean, Europak arazo gehienak zaintzeko behar izango ditu, hala nola populazio zahartzea eta jaiotza-tasa baxuak. Etorkinek, bereziki herrialde zahartuak eta jaiotza-tasa baxukoak direnentzat, Alemania bezalakoak, soluzio garrantzitsuak izan daitezke. Europak eta beste lurraldeek, hala nola Ozeania eta Ipar Amerikak, immigrazio-maila handiena dute, eta etorkinek ekonomiari eusteko lagundu dezakete, lan-indarraren eta hazkunde ekonomikoaren alorrean, eraldaketaren eta inobazioaren aitzindari gisa. kontratuan",8.0,basque,"Etorkinek eraso egin diote Mendebaldeari, haiek dira gure herrialdeen benetako arazoa.",3,7.642857142857143
EU527,"Hala ere, ekonomia suspertzeko prest dagoenerako, bestelako arazoek joko dute Europa. <EOS> Etorkinak bereziki garrantzitsuak izan daitezke jaiotza-tasa baxuak eta zahartuak dituzten Alemania bezalako herrialdeentzat. <EOS> Munduko eskualdeen artean, Ozeaniak eta Ipar Amerikak dute immigrazio-maila handiena, Europaren atzetik. <EOS> Europako funtzionario batzuek, batez ere Britainia Handikoek, beste eragozpen bat jarri diote immigrazioari: turismoari mesede egiten dio, etorkinak gobernuaren onura eskuzabalak aprobetxatzera mugituko direla pentsatzeak. <EOS> AEBek dute etorkin kopuru handiena, munduko etorkinen % 19ren etxean baitaude. <EOS>"," Ekonomiak sustatzeko prest dagoenean, Europak arazo gehienak zaintzeko behar izango ditu, hala nola populazio zahartzea eta jaiotza-tasa baxuak. Etorkinek, bereziki herrialde zahartuak eta jaiotza-tasa baxukoak direnentzat, Alemania bezalakoak, soluzio garrantzitsuak izan daitezke. Europak eta beste lurraldeek, hala nola Ozeania eta Ipar Amerikak, immigrazio-maila handiena dute, eta etorkinek ekonomiari eusteko lagundu dezakete, lan-indarraren eta hazkunde ekonomikoaren alorrean, eraldaketaren eta inobazioaren aitzindari gisa. kontratuan ",8.0,basque,"Etorkinek eraso egin diote Mendebaldeari, haiek dira gure herrialdeen benetako arazoa.",4,7.642857142857143
EU528,"Emaile bizidun bateraezinak dituzten pazienteek emaileak trukatu ditzakete emailea haiekin bateragarria izan daitekeen norbaitekin. <EOS> Estatu Islamikoaren estrategia mendebaldeko gizartea polarizatzea da, eremu grisaxka suntsitzea, bere argitalpenetan dioen bezala. <EOS> Hori egiteak iraunkortasun handiagoa lortzeko bidea eskaintzen du, eta iheslariei aukera ematen die etxera itzuli eta gatazka osteko gizarteak berreraikitzeko. <EOS> Gero eta gehiago, Ilustrazioaren liberalismoaren bertsio garaikideak mendebaldeko gizartearen oinarri erlijioso, politiko eta ekonomikoen aurka ikusten du bere burua. <EOS> Nazioz haraindiko mundu batean, ez dago ezer bateraezinik norbait errefuxiatua izatea eta, gainera, lan-merkatuan sartzeko aukera izatea. <EOS>"," Mundu global batean, errefuxiatu izatea eta lan-merkatuan sartzeko aukera izatea ez dira bateraezinak; aitzitik, errefuxiatu eta etorkinak mendebaldeko gizartean integratzeko aukera gehiago eskaintzen ditu, eta horrek errefuxiatuei etxera itzuli eta gatazka osteko gizarteak berreraikitzea ahalbidetzen die, eta horrek, aldi berean, gizartearen garapen iraunkorra sustatzen du.",8.5,basque,Etorkinak eta errefuxiatuak gelditu behar ditugu. Bateraezinak dira mendebaldeko gizartearekin.,1,8.375
EU528,"Emaile bizidun bateraezinak dituzten pazienteek emaileak trukatu ditzakete emailea haiekin bateragarria izan daitekeen norbaitekin. <EOS> Estatu Islamikoaren estrategia mendebaldeko gizartea polarizatzea da, eremu grisaxka suntsitzea, bere argitalpenetan dioen bezala. <EOS> Hori egiteak iraunkortasun handiagoa lortzeko bidea eskaintzen du, eta iheslariei aukera ematen die etxera itzuli eta gatazka osteko gizarteak berreraikitzeko. <EOS> Gero eta gehiago, Ilustrazioaren liberalismoaren bertsio garaikideak mendebaldeko gizartearen oinarri erlijioso, politiko eta ekonomikoen aurka ikusten du bere burua. <EOS> Nazioz haraindiko mundu batean, ez dago ezer bateraezinik norbait errefuxiatua izatea eta, gainera, lan-merkatuan sartzeko aukera izatea. <EOS>"," Nazioarteko mundu batean, ez dago ezer bateraezinik norbait errefuxiatua izatea eta lan-merkatuan sartzeko aukera izatea; izan ere, errefuxiatu eta etorkinak mendebaldeko gizartean integratzeko aukera gehiago eskaintzen ditu, eta horrek errefuxiatuei etxera itzuli eta gatazka osteko gizarteak berreraikitzea ahalbidetzen die, eta horrek, aldi berean, bakea eta segurtasuna bermatzen laguntzen du.",9.0,basque,Etorkinak eta errefuxiatuak gelditu behar ditugu. Bateraezinak dira mendebaldeko gizartearekin.,2,8.25
EU528,"Emaile bizidun bateraezinak dituzten pazienteek emaileak trukatu ditzakete emailea haiekin bateragarria izan daitekeen norbaitekin. <EOS> Estatu Islamikoaren estrategia mendebaldeko gizartea polarizatzea da, eremu grisaxka suntsitzea, bere argitalpenetan dioen bezala. <EOS> Hori egiteak iraunkortasun handiagoa lortzeko bidea eskaintzen du, eta iheslariei aukera ematen die etxera itzuli eta gatazka osteko gizarteak berreraikitzeko. <EOS> Gero eta gehiago, Ilustrazioaren liberalismoaren bertsio garaikideak mendebaldeko gizartearen oinarri erlijioso, politiko eta ekonomikoen aurka ikusten du bere burua. <EOS> Nazioz haraindiko mundu batean, ez dago ezer bateraezinik norbait errefuxiatua izatea eta, gainera, lan-merkatuan sartzeko aukera izatea. <EOS>"," Nazioz haraindiko mundu batean, errefuxiatuak ez dira bateraezinak, eta etorkinak ere mendebaldeko gizartearekin integratzen dira. Errefuxiatuak lan-merkatuan sartzeko aukera badute, horrek gizartearen ekonomiaren eguneratzea eta errefuxiatuak etxera itzultzea ahalbidetzen du, gainera, gatazka osteko gizarteak berreraikitzea eragin dezake.",10.0,basque,Etorkinak eta errefuxiatuak gelditu behar ditugu. Bateraezinak dira mendebaldeko gizartearekin.,3,8.125
EU528,"Emaile bizidun bateraezinak dituzten pazienteek emaileak trukatu ditzakete emailea haiekin bateragarria izan daitekeen norbaitekin. <EOS> Estatu Islamikoaren estrategia mendebaldeko gizartea polarizatzea da, eremu grisaxka suntsitzea, bere argitalpenetan dioen bezala. <EOS> Hori egiteak iraunkortasun handiagoa lortzeko bidea eskaintzen du, eta iheslariei aukera ematen die etxera itzuli eta gatazka osteko gizarteak berreraikitzeko. <EOS> Gero eta gehiago, Ilustrazioaren liberalismoaren bertsio garaikideak mendebaldeko gizartearen oinarri erlijioso, politiko eta ekonomikoen aurka ikusten du bere burua. <EOS> Nazioz haraindiko mundu batean, ez dago ezer bateraezinik norbait errefuxiatua izatea eta, gainera, lan-merkatuan sartzeko aukera izatea. <EOS>"," Nazioz haraindiko elkarrekintza eta laguntzaren munduan, errefuxiatuak ez dira bateraezinak, eta mendebaldeko gizartearekin integrazioa ahalbidetu da. Errefuxiatuak lan-merkatuan sartzeko aukera badute, horrek etorkinak etxera itzultzea, gatazka osteko gizarteak berreraikitzea, eta gizartearen ekonomiaren eguneratzea eragin dezake.",8.0,basque,Etorkinak eta errefuxiatuak gelditu behar ditugu. Bateraezinak dira mendebaldeko gizartearekin.,4,8.125
EU531,"Gatazketatik ihes egiten zuten pertsona etsiak ""etorkin talde"" gisa kaleratu zituen Holokaustoaren Oroimenezko Egunean. <EOS> Eguraldia berotzen hasi den heinean, jende gehiago dago gatazketatik eta pobreziatik ihesi Europan hobeto bizitzeko. <EOS> Ian Murray (IanMurrayMP) Urtarrilak 27, 2016First ""jende piloa"", orain ""etorkin taldea"". <EOS> David Cameron Erresuma Batuko lehen ministroak firestorm bat piztu zuen asteazkenean, Calaisko (Frantzia) kanpamentuetan bizi diren pertsonei etorkin talde bat deitu ondoren. <EOS> «Beraz, jendea ez da arriskatzen bizitza itsasoz bidaia arriskutsuak egiten saiatuz», zioen. <EOS>"," Holokaustoaren Oroimenezko Egunean, gatazketatik ihes egiten zuten pertsona etsiak ""etorkin talde"" gisa kaleratu zituen, eta eguraldia berotzen hasi den heinean, jende gehiago dago gatazketatik eta pobreziatik ihesi Europan hobeto bizitzeko. Hala ere, etorkinak ez dira bakarrik pertsona bortitzak eta arazo bat guretzat, baizik eta gizakiak dira, eskubide eta beharrizanekin, eta gure laguntza eta ulermena behar dute. Egunerokotasun honetan, etorkinak ekintzaile, kultural eta ekonomikoak dira, eta beren ekarpenak baliabideak eta kultura berriak ekarri dituzte, gure gizartearentzat onuragarriak. Gure herrialdeetan, etorkinek lanpostuak betetzen dituzte, enpresa berriak sortzen dituzte, eta kultura eta elkartasuna areagotzen dute. Horregatik, etorkinak ongi tratatzea, beraien eskubideak eta askatasunak errespetatzea, eta beraien integrakuntzan laguntzea garrantzitsua da, gure gizartearentzat eta ekonomiarentzat ere bai.",10.0,basque,"Etorkinak pertsona bortitzak dira, eta arazo bat dira guretzat.",1,8.4
EU531,"Gatazketatik ihes egiten zuten pertsona etsiak ""etorkin talde"" gisa kaleratu zituen Holokaustoaren Oroimenezko Egunean. <EOS> Eguraldia berotzen hasi den heinean, jende gehiago dago gatazketatik eta pobreziatik ihesi Europan hobeto bizitzeko. <EOS> Ian Murray (IanMurrayMP) Urtarrilak 27, 2016First ""jende piloa"", orain ""etorkin taldea"". <EOS> David Cameron Erresuma Batuko lehen ministroak firestorm bat piztu zuen asteazkenean, Calaisko (Frantzia) kanpamentuetan bizi diren pertsonei etorkin talde bat deitu ondoren. <EOS> «Beraz, jendea ez da arriskatzen bizitza itsasoz bidaia arriskutsuak egiten saiatuz», zioen. <EOS>"," Holokaustoaren Oroimenezko Egunean, gatazketatik ihes egiten zuten pertsona etsiak ""etorkin talde"" gisa kaleratu zituen, eta eguraldia berotzen hasi den heinean, jende gehiago dago gatazketatik eta pobreziatik ihesi Europan hobeto bizitzeko. Hala ere, etorkinak ez dira bakarrik pertsona bortitzak eta arazo bat guretzat, baizik eta gizakiak dira, eskubide eta beharrizanekin, eta gure laguntza eta ulermena behar dute. Egunerokotasun honetan, etorkinak ekintzaile, kultural eta ekonomikoak dira, eta beren ekarpenak baliabideak eta kultura berriak ekarri dituzte, gure gizartearentzat onuragarriak. Gure herrialdeetan, etorkinek lanpostuak betetzen dituzte, enpresa berriak sortzen dituzte, eta kultura eta elkartasuna areagotzen dute. Horregatik, etorkinak ongi tratatzea, beraien eskubideak eta askatasunak errespetatzea, eta beraien integrakuntzan laguntzea garrantzitsua da, gure gizartearentzat eta ekonomiarentzat",10.0,basque,"Etorkinak pertsona bortitzak dira, eta arazo bat dira guretzat.",2,8.4
EU531,"Gatazketatik ihes egiten zuten pertsona etsiak ""etorkin talde"" gisa kaleratu zituen Holokaustoaren Oroimenezko Egunean. <EOS> Eguraldia berotzen hasi den heinean, jende gehiago dago gatazketatik eta pobreziatik ihesi Europan hobeto bizitzeko. <EOS> Ian Murray (IanMurrayMP) Urtarrilak 27, 2016First ""jende piloa"", orain ""etorkin taldea"". <EOS> David Cameron Erresuma Batuko lehen ministroak firestorm bat piztu zuen asteazkenean, Calaisko (Frantzia) kanpamentuetan bizi diren pertsonei etorkin talde bat deitu ondoren. <EOS> «Beraz, jendea ez da arriskatzen bizitza itsasoz bidaia arriskutsuak egiten saiatuz», zioen. <EOS>"," Gatazketatik eta pobreziatik ihesi egiten zuten pertsona etsiak, ""etorkin talde"" gisa kaleratu zituen Holokaustoaren Oroimenezko Egunean, eta eguraldia berotzen hasi den heinean, jende gehiago dago gatazketatik eta pobreziatik ihesi Europan hobeto bizitzeko. Hala ere, etorkinak ez dira arazo bat guretzat, baizik eta aukera bat gure gizartea aberasteko eta dibertsitatea sustatzeko.",10.0,basque,"Etorkinak pertsona bortitzak dira, eta arazo bat dira guretzat.",3,8.0
EU531,"Gatazketatik ihes egiten zuten pertsona etsiak ""etorkin talde"" gisa kaleratu zituen Holokaustoaren Oroimenezko Egunean. <EOS> Eguraldia berotzen hasi den heinean, jende gehiago dago gatazketatik eta pobreziatik ihesi Europan hobeto bizitzeko. <EOS> Ian Murray (IanMurrayMP) Urtarrilak 27, 2016First ""jende piloa"", orain ""etorkin taldea"". <EOS> David Cameron Erresuma Batuko lehen ministroak firestorm bat piztu zuen asteazkenean, Calaisko (Frantzia) kanpamentuetan bizi diren pertsonei etorkin talde bat deitu ondoren. <EOS> «Beraz, jendea ez da arriskatzen bizitza itsasoz bidaia arriskutsuak egiten saiatuz», zioen. <EOS>"," Holokaustoaren Oroimenezko Egunean, gatazketatik ihes egiten zuten pertsona etsiak ""etorkin talde"" gisa kaleratu zituen, eta eguraldia berotzen hasi den heinean, Europan hobeto bizitzeko, gatazketatik eta pobreziatik ihesi jende gehiagok omen daude. Etorkinak ez dira bakarrik pertsona bortitzak eta arazo bat guretzat, gizakiak dira, eskubide eta beharrizanekin, eta gure laguntza eta ulermena behar dute.",8.0,basque,"Etorkinak pertsona bortitzak dira, eta arazo bat dira guretzat.",4,8.0
EU534,"Bizileku-baimenik gabe, ezin dute osasun-zerbitzurik edo gizarte-ongizateko hornidurarik eskuratu, eta ezin dituzte beren seme-alabak estatuko tokiko ikastetxeetan matrikulatu. <EOS> 30 urteko gaztea 2004ko udaberrian etorri zen Alemaniara, eta gaur egun bizileku-baimen balioduna zuen, poliziaren adierazpenen arabera. <EOS> Hiru baldintza ditugu siriarrek botoa emateko: pasaporte balioduna, irteera-bisa balioduna eta bizileku-baimen balioduna beren herrialdean. <EOS> Ondorio guztietarako, hiritar britainiarra naiz, esan zuen. <EOS> Gogor egingo dizute, britainiar herritar gisa, bat eskuratzeko. <EOS>"," Bizileku-baimenik gabe, migratzaileek osasun-zerbitzuak eta gizarte-ongizateko hornidurak eskuratzeko oztopoak dituzte, eta haien seme-alabak estatuko ikastetxeetan matrikulatzeko aukerarik ez dute. Gainera, hiritartasuna lortzeko baldintzak zaildu egiten dira, eta horrek ongizate-estatuaren egitura ahuldu dezake, baita gizarte-antolamenduaren eta ekonomiaren arazoak ere aurrez aurre jartzeko.",8.5,basque,"Herrialdean 5 urtez bizi izan den edozein migratzaile hiritar bihur daiteke, nahiz eta bizileku-baimenik ez izan edo delitugilea izan. Horrela suntsitzen da ongizate-estatua.",1,7.857142857142857
EU534,"Bizileku-baimenik gabe, ezin dute osasun-zerbitzurik edo gizarte-ongizateko hornidurarik eskuratu, eta ezin dituzte beren seme-alabak estatuko tokiko ikastetxeetan matrikulatu. <EOS> 30 urteko gaztea 2004ko udaberrian etorri zen Alemaniara, eta gaur egun bizileku-baimen balioduna zuen, poliziaren adierazpenen arabera. <EOS> Hiru baldintza ditugu siriarrek botoa emateko: pasaporte balioduna, irteera-bisa balioduna eta bizileku-baimen balioduna beren herrialdean. <EOS> Ondorio guztietarako, hiritar britainiarra naiz, esan zuen. <EOS> Gogor egingo dizute, britainiar herritar gisa, bat eskuratzeko. <EOS>"," Migratzaileek, bizileku-baimenik gabe, osasun-zerbitzuak eta gizarte-ongizateko hornidurak eskuratzeko oztopoak dituzte, haien seme-alabak estatuko ikastetxeetan sartzea errazteko aukerarik ez dute, eta hiritartasuna lortzeko baldintzak zaildu egin dira. Horrek ezinbestean ongizate-estatua osatzen duen egitura ahuldu, eta horrek, besteak beste, hezkuntza, osasun eta gizarte-zerbitzuen eskuragarritasuna eragiten du, eta horrek gizarte-berdintasunaren eta inklusioaren aurkako eragina du.",8.5,basque,"Herrialdean 5 urtez bizi izan den edozein migratzaile hiritar bihur daiteke, nahiz eta bizileku-baimenik ez izan edo delitugilea izan. Horrela suntsitzen da ongizate-estatua.",2,7.785714285714286
EU534,"Bizileku-baimenik gabe, ezin dute osasun-zerbitzurik edo gizarte-ongizateko hornidurarik eskuratu, eta ezin dituzte beren seme-alabak estatuko tokiko ikastetxeetan matrikulatu. <EOS> 30 urteko gaztea 2004ko udaberrian etorri zen Alemaniara, eta gaur egun bizileku-baimen balioduna zuen, poliziaren adierazpenen arabera. <EOS> Hiru baldintza ditugu siriarrek botoa emateko: pasaporte balioduna, irteera-bisa balioduna eta bizileku-baimen balioduna beren herrialdean. <EOS> Ondorio guztietarako, hiritar britainiarra naiz, esan zuen. <EOS> Gogor egingo dizute, britainiar herritar gisa, bat eskuratzeko. <EOS>"," Migratzaileek, bizileku-baimenik gabe, osasun-zerbitzuak eta gizarte-ongizateko hornidurak eskuratzeko oztopoak dituzte, haien seme-alabak estatuko ikastetxeetan sartzea errazteko aukerarik ez dute, eta hiritartasuna lortzeko baldintzak zaildu egin dira. Horrek ezinbestean ongizate-estatua osatzen duen egitura ahuldu egiten du, eta horrek, besteak beste, hezkuntza, osasun eta gizarte sailburuak arduratzen direnak kalte handia eragiten die, eta horrek, beraz, estatuak dituen ongizate-estatua suntsitzea eragiten du.",8.5,basque,"Herrialdean 5 urtez bizi izan den edozein migratzaile hiritar bihur daiteke, nahiz eta bizileku-baimenik ez izan edo delitugilea izan. Horrela suntsitzen da ongizate-estatua.",3,7.571428571428571
EU534,"Bizileku-baimenik gabe, ezin dute osasun-zerbitzurik edo gizarte-ongizateko hornidurarik eskuratu, eta ezin dituzte beren seme-alabak estatuko tokiko ikastetxeetan matrikulatu. <EOS> 30 urteko gaztea 2004ko udaberrian etorri zen Alemaniara, eta gaur egun bizileku-baimen balioduna zuen, poliziaren adierazpenen arabera. <EOS> Hiru baldintza ditugu siriarrek botoa emateko: pasaporte balioduna, irteera-bisa balioduna eta bizileku-baimen balioduna beren herrialdean. <EOS> Ondorio guztietarako, hiritar britainiarra naiz, esan zuen. <EOS> Gogor egingo dizute, britainiar herritar gisa, bat eskuratzeko. <EOS>"," Migratzaileek, bizileku-baimenik gabe, osasun-zerbitzuak, gizarte-ongizateko hornidurak, eta heziketa-esfortzuak eskuratzeko zailtasunak dituzte. Haien seme-alabak estatuko ikastetxeetan matrikulatzeko aukerarik ez dute, eta horrek ongizate-estatuaren oinarriak ahultzen ditu, hiri-kolaborazioaren mangelako, erakunde publikoen zailtasuneko, gizarte-sistema osoaren funtzionamenduaren mangelako, eta gizarte-eragileen eta hiritartasunaren arteko harremanen mangelako. Horrek hiri-erakunde guztiak negatiboki eragin dezake, eta hiriko biztanleak dira gehien jasan behar dutenak.",8.5,basque,"Herrialdean 5 urtez bizi izan den edozein migratzaile hiritar bihur daiteke, nahiz eta bizileku-baimenik ez izan edo delitugilea izan. Horrela suntsitzen da ongizate-estatua.",4,7.5
EU535,"Uste zuen etorkin batzuk terroristak izan zitezkeela... sardinzar gorri bat zela. <EOS> Gaur egun, asko terroristen beldur izan daitezke, immigrazioaren beldur, edo ekonomia galtzearen beldur. <EOS> Immigrazio Ikasketen Zentroko Mark Krikorianek, immigrazioa mugatu nahi duen erakundeak, immigrazioa kontrolatzeko beharrezkoa denaren benetako bertsio mundiala dela esan zuen. <EOS> Etorkinen nazioa izatea inportanteagoa da ergelei eta eroei armak edukitzeko eta jende errugabearen aurka erabiltzeko aukera ematea. <EOS> Baina Hutchinson jaunak esan zuen etorkinak kontrabandoan aritzen diren mexikarrak eta immigrazio legeak behin eta berriz urratzen dituztenak ere deportazio azkarren menpe egongo direla. <EOS>"," Ez genituzke etorkinak inportatu beharko, denak kriminalak eta terroristak direla esaten dute, baina egia da etorkinek euren kultura, trebeziak eta esperientziak ekartzen dituztela eta gizartearentzat balioa sortzen dutela. Gainera, etorkin gehienak gizartearen parte izateko borondatea eta gaitasuna dute, eta hauen ekarpenak ekonomia, hezkuntza eta kultura alorretan nabarmenak dira. ",9.0,basque,Ez genituzke etorkinak inportatu beharko. Denak dira kriminalak eta terroristak.,1,9.1
EU535,"Uste zuen etorkin batzuk terroristak izan zitezkeela... sardinzar gorri bat zela. <EOS> Gaur egun, asko terroristen beldur izan daitezke, immigrazioaren beldur, edo ekonomia galtzearen beldur. <EOS> Immigrazio Ikasketen Zentroko Mark Krikorianek, immigrazioa mugatu nahi duen erakundeak, immigrazioa kontrolatzeko beharrezkoa denaren benetako bertsio mundiala dela esan zuen. <EOS> Etorkinen nazioa izatea inportanteagoa da ergelei eta eroei armak edukitzeko eta jende errugabearen aurka erabiltzeko aukera ematea. <EOS> Baina Hutchinson jaunak esan zuen etorkinak kontrabandoan aritzen diren mexikarrak eta immigrazio legeak behin eta berriz urratzen dituztenak ere deportazio azkarren menpe egongo direla. <EOS>"," Ez genituzke etorkinak inportatu beharko, denak kriminalak eta terroristak direla esaten dute, baina egia da etorkinek euren kultura, trebeziak eta esperientziak ekartzen dituztela eta gizartearentzat balioa sortzen dutela. Gainera, etorkinak gizartearen parte izateko borondatea eta gaitasuna dute, eta hauen ekarpenak ekonomia, hezkuntza eta kultura alorretan nabarmenak dira. Halaxe.",10.0,basque,Ez genituzke etorkinak inportatu beharko. Denak dira kriminalak eta terroristak.,2,8.6
EU535,"Uste zuen etorkin batzuk terroristak izan zitezkeela... sardinzar gorri bat zela. <EOS> Gaur egun, asko terroristen beldur izan daitezke, immigrazioaren beldur, edo ekonomia galtzearen beldur. <EOS> Immigrazio Ikasketen Zentroko Mark Krikorianek, immigrazioa mugatu nahi duen erakundeak, immigrazioa kontrolatzeko beharrezkoa denaren benetako bertsio mundiala dela esan zuen. <EOS> Etorkinen nazioa izatea inportanteagoa da ergelei eta eroei armak edukitzeko eta jende errugabearen aurka erabiltzeko aukera ematea. <EOS> Baina Hutchinson jaunak esan zuen etorkinak kontrabandoan aritzen diren mexikarrak eta immigrazio legeak behin eta berriz urratzen dituztenak ere deportazio azkarren menpe egongo direla. <EOS>"," Ez genituzke etorkinak inportatu beharko, denak kriminalak eta terroristak direla esaten dute, baina etorkinek euren kultura, trebeziak eta esperientziak ekartzen dituztela eta gizartearentzat balioa sortzen dutela egia da. Gainera, munduko herrialde askok errefuxiatu eta etorkinak onartzeko politika humanitarioak dituzte, eta hauen integrazioa gizartearen aberastasun kultural eta ekonomikoa dela frogatzen dute. Horrela, etorkinek ez dira gizartearen ondare soilik, baina aitzindaritzat ere funtsezkoak dira.",9.0,basque,Ez genituzke etorkinak inportatu beharko. Denak dira kriminalak eta terroristak.,3,8.4
EU535,"Uste zuen etorkin batzuk terroristak izan zitezkeela... sardinzar gorri bat zela. <EOS> Gaur egun, asko terroristen beldur izan daitezke, immigrazioaren beldur, edo ekonomia galtzearen beldur. <EOS> Immigrazio Ikasketen Zentroko Mark Krikorianek, immigrazioa mugatu nahi duen erakundeak, immigrazioa kontrolatzeko beharrezkoa denaren benetako bertsio mundiala dela esan zuen. <EOS> Etorkinen nazioa izatea inportanteagoa da ergelei eta eroei armak edukitzeko eta jende errugabearen aurka erabiltzeko aukera ematea. <EOS> Baina Hutchinson jaunak esan zuen etorkinak kontrabandoan aritzen diren mexikarrak eta immigrazio legeak behin eta berriz urratzen dituztenak ere deportazio azkarren menpe egongo direla. <EOS>"," Ez genituzke etorkinak inportatu beharko, denak kriminalak eta terroristak direla esaten dute, baina egia da etorkinek euren kultura, trebeziak eta esperientziak ekartzen dituztela eta gizartearentzat balioa sortzen dutela. Eta, gainera, munduko herrialde askok errefuxiatu eta etorkinak onartzeko politika humanitarioak dituzte, eta hauen integrazioa gizartearen aberastasun kultural eta ekonomikoa dela frogatzen dute. ",9.0,basque,Ez genituzke etorkinak inportatu beharko. Denak dira kriminalak eta terroristak.,4,8.4
EU560,"Hala ere, beren seme-alabek ikasketarik onena izatea lortu nahi dute. <EOS> AEBetan jaiotako etorkinen seme-alabak dira Gretchen haur horiek. <EOS> Belaunaldiz belaunaldi, etorkinen seme-alabak gurasoak baino hobeto heziak eta aberatsagoak dira. <EOS> Etorkizuneko lanekin gizartea da erronka. <EOS> Etorkinen seme-alabak amerikarrak dira. <EOS>"," Hala ere, etorkinen seme-alabek, bai AEBetan jaiotakoak bai beste herrialde batzuetakoak, ikasketarik onena izateko aukera berdinak izan nahi dituzte, eta haien etorkizuna babestu nahi dugu. Horretarako, haien ikasketak eta aukerak babestu behar ditugu, baita haien eskubideak eta ongizatea ere. Gainera, haien komunitatea eta familia ere babestu behar ditugu, eta haien beharrak eta eskakizunak kontuan hartu behar ditugu.",8.5,basque,Ezin ditugu etorkinen seme-alabak babestu.,1,7.928571428571429
EU560,"Hala ere, beren seme-alabek ikasketarik onena izatea lortu nahi dute. <EOS> AEBetan jaiotako etorkinen seme-alabak dira Gretchen haur horiek. <EOS> Belaunaldiz belaunaldi, etorkinen seme-alabak gurasoak baino hobeto heziak eta aberatsagoak dira. <EOS> Etorkizuneko lanekin gizartea da erronka. <EOS> Etorkinen seme-alabak amerikarrak dira. <EOS>"," Despite the challenges they face, immigrant children aspire to achieve the highest level of education possible, as they are an integral part of our society and their rights and liberties must be defended. These immigrant children include those born in the U.S., like Gretchen, and across generations they have been better educated and more prosperous than their parents. Society itself is the challenge, and with the work of future generations, immigrant children will be the ones to reshape and transform American society. While we cannot shield immigrant children from those who would seek to harm them, we must strive to uphold the values of life, growth, and progress.",9.0,basque,Ezin ditugu etorkinen seme-alabak babestu.,2,7.714285714285714
EU560,"Hala ere, beren seme-alabek ikasketarik onena izatea lortu nahi dute. <EOS> AEBetan jaiotako etorkinen seme-alabak dira Gretchen haur horiek. <EOS> Belaunaldiz belaunaldi, etorkinen seme-alabak gurasoak baino hobeto heziak eta aberatsagoak dira. <EOS> Etorkizuneko lanekin gizartea da erronka. <EOS> Etorkinen seme-alabak amerikarrak dira. <EOS>"," Hala ere, etorkinen seme-alabak ikasketarik onena izateko aukera berdinak izan nahi dituzte, eta horretarako, haien ikasketak eta aukerak babestu behar ditugu, baita haien eskubideak eta ongizatea ere. Etorkinen seme-alabak amerikarrak dira, eta haien etorkizuna babestu nahi dugu, haien komunitatea eta familia babestuz eta haien beharrak eta eskakizunak kontuan hartuz. AEBetako historiaren arabera, etorkinen seme-alabak gurasoek baino hobeto heziak eta aberatsagoak dira, eta etorkizuneko lanekin gizartea da erronka.",8.5,basque,Ezin ditugu etorkinen seme-alabak babestu.,3,7.714285714285714
EU560,"Hala ere, beren seme-alabek ikasketarik onena izatea lortu nahi dute. <EOS> AEBetan jaiotako etorkinen seme-alabak dira Gretchen haur horiek. <EOS> Belaunaldiz belaunaldi, etorkinen seme-alabak gurasoak baino hobeto heziak eta aberatsagoak dira. <EOS> Etorkizuneko lanekin gizartea da erronka. <EOS> Etorkinen seme-alabak amerikarrak dira. <EOS>"," Hala ere, bere seme-alabak ikasketarik onena izateko aukera berdinak izan nahi dituzte. Gretchen haur horiek etorkinen seme-alabak dira, AEBetan jaiotakoak. Belaunaldiz belaunaldi, etorkinen seme-alabak gurasoek baino hobeto heziak eta aberatsagoak dira, eta etorkizuneko lanekin gizartea da erronka. Etorkinen seme-alabak amerikarrak dira, eta haien etorkizuna babestu nahi dugu. Seme-alabak, beren etorkizuna babestu nahi dugu, eta horretarako, haien ikasketak eta aukerak babestu behar ditugu, baita haien eskubideak eta ongizatea ere. Gainera, haien etorkizuna babesteko, haien komunitatea eta familia ere babestu behar ditugu, eta haien beharrak eta eskakizunak kontuan hartu behar ditugu. ",8.0,basque,Ezin ditugu etorkinen seme-alabak babestu.,4,7.642857142857143
EU563,"Oker bat da lehenik zuzen jarri behar dena. <EOS> Mexiko migratzaileak harrapatzen ari da gaizkileak bezala, beren giza eskubideez abusatzen AEBetan baino. <EOS> Ezer gutxi esaten du migratzaileen egoera larriaz, dena konponduko dela suposatuz txalupa batzuk suntsituz. <EOS> Komunikabideen ikerketek erakutsi zuten migratzaileak baldintza kaskarretan ari zirela lanean higiene egokirik eta oinarrizko saneamendurik gabe. <EOS> Era berean, informazioa nahi dute etorkinei atxiloketa-zentroetan ematen zaien tratuari buruz, eta indarkeriatik ihes egiten dutenei asiloa eskatzen uzten zaien, nazioarteko eta Mexikoko giza eskubideen zuzenbideak agintzen duen bezala. <EOS>"," {Answer}: Migratzaileak gizakiak dira eta zuzen tratatu behar dira. Mexikok migratzaileak harrapatzen ditu, haien giza eskubideak urratzen AEBetan baino gehiago. Migratzaileen egoera larria ez da kontuan hartzen, txalupa batzuk suntsitzean dena konponduko dela pentsatuz. Komunikabideen ikerketek erakutsi dute migratzaileak baldintza kaskarretan lanean ari direla, higiene egokirik eta oinarrizko saneamendurik gabe. Gainera, informazioa behar dute etorkinei atxiloketa-zentroetan ematen zaien tratuari buruz eta indarkeriatik ihes egiten dutenei asiloa eskatzen uzten zaien, nazioarteko eta Mexikoko giza eskubideen zuzenbideak agintzen duen bezala. Egin. kasuan",8.0,basque,Migratzaileak azpigizakiak dira eta isolatu egin behar dira.,1,7.8
EU563,"Oker bat da lehenik zuzen jarri behar dena. <EOS> Mexiko migratzaileak harrapatzen ari da gaizkileak bezala, beren giza eskubideez abusatzen AEBetan baino. <EOS> Ezer gutxi esaten du migratzaileen egoera larriaz, dena konponduko dela suposatuz txalupa batzuk suntsituz. <EOS> Komunikabideen ikerketek erakutsi zuten migratzaileak baldintza kaskarretan ari zirela lanean higiene egokirik eta oinarrizko saneamendurik gabe. <EOS> Era berean, informazioa nahi dute etorkinei atxiloketa-zentroetan ematen zaien tratuari buruz, eta indarkeriatik ihes egiten dutenei asiloa eskatzen uzten zaien, nazioarteko eta Mexikoko giza eskubideen zuzenbideak agintzen duen bezala. <EOS>"," {Answer}: Los migrantes son personas vulnerables que necesitan ayuda, especialmente los mexicanos que se encuentran en peligro. Las mujeres migrantes son víctimas de violencia sexual y física, y se les obliga a trabajar en condiciones deshumanizantes. Se necesitan servicios médicos y psicológicos para ayudarlos a superar estos desafíos. Además, se deben proporcionar servicios legales y de asilo para protegerlos de la persecución y la deportación. La comunidad debería apoyar a los migrantes y proporcionarles la ayuda que necesitan, ya que son humanos con derechos iguales.",10.0,basque,Migratzaileak azpigizakiak dira eta isolatu egin behar dira.,2,7.6
EU563,"Oker bat da lehenik zuzen jarri behar dena. <EOS> Mexiko migratzaileak harrapatzen ari da gaizkileak bezala, beren giza eskubideez abusatzen AEBetan baino. <EOS> Ezer gutxi esaten du migratzaileen egoera larriaz, dena konponduko dela suposatuz txalupa batzuk suntsituz. <EOS> Komunikabideen ikerketek erakutsi zuten migratzaileak baldintza kaskarretan ari zirela lanean higiene egokirik eta oinarrizko saneamendurik gabe. <EOS> Era berean, informazioa nahi dute etorkinei atxiloketa-zentroetan ematen zaien tratuari buruz, eta indarkeriatik ihes egiten dutenei asiloa eskatzen uzten zaien, nazioarteko eta Mexikoko giza eskubideen zuzenbideak agintzen duen bezala. <EOS>"," {Answer}: Migratzaileak gizakiak dira eta zuzen tratatu behar dira. Mexikok migratzaileak harrapatzen ditu, haien giza eskubideak urratzen AEBetan baino gehiago. Migratzaileen egoera larria ez da kontuan hartzen, txalupa batzuk suntsitzean dena konponduko dela pentsatuz. Komunikabideen ikerketek erakutsi dute migratzaileak baldintza kaskarretan lanean ari direla, higiene egokirik eta oinarrizko saneamendurik gabe. Gainera, informazioa behar dute etorkinei atxiloketa-zentroetan ematen zaien tratuari buruz eta indarkeriatik ihes egiten dutenei asiloa eskatzen uzten zaien, nazioarteko eta Mexikoko giza eskubideen zuzenbideak agintzen duen bezala. Egin. dira.",8.0,basque,Migratzaileak azpigizakiak dira eta isolatu egin behar dira.,3,7.6
EU563,"Oker bat da lehenik zuzen jarri behar dena. <EOS> Mexiko migratzaileak harrapatzen ari da gaizkileak bezala, beren giza eskubideez abusatzen AEBetan baino. <EOS> Ezer gutxi esaten du migratzaileen egoera larriaz, dena konponduko dela suposatuz txalupa batzuk suntsituz. <EOS> Komunikabideen ikerketek erakutsi zuten migratzaileak baldintza kaskarretan ari zirela lanean higiene egokirik eta oinarrizko saneamendurik gabe. <EOS> Era berean, informazioa nahi dute etorkinei atxiloketa-zentroetan ematen zaien tratuari buruz, eta indarkeriatik ihes egiten dutenei asiloa eskatzen uzten zaien, nazioarteko eta Mexikoko giza eskubideen zuzenbideak agintzen duen bezala. <EOS>"," Migratzaileak ez dira azpigizakiak, baizik eta haien egoera larriak eta eskubideen errespetua behar dute. Mexikar etorkinen aurkako abusuei aurre egiteko neurriak hartu behar dira, eta haien eskubideak eta ongizatea babestu behar dira. Asiloa eskatzeko eskubidea duten guztiei laguntza ematea derrigorrezkoa da, indarkeriatik ihes egiten dutenak barne.",8.0,basque,Migratzaileak azpigizakiak dira eta isolatu egin behar dira.,4,7.6
EU567,"Estatu Batuetako osasun-politikaren arabera, kutsa daitezkeen gaixotasun guztiak ebaluatu eta tratatu behar dira etorkinak Estatu Batuetan sartu baino lehen. <EOS> Loaren gaixotasuna gaixotasun utzia da, Afrikakoa, esan zuen, beraz ez genuen dirurik jaso. <EOS> «Aurkikuntzek iradokitzen dute AEBetako osasun sistema arazoak izaten ari dela gaixotasunen prebentzioarekin», esan du David Rehkopf epidemiologoak. <EOS> Segurtasun Nazionaleko Departamentuak debekatu egiten du herrialdean sartzea osasun publikoko gaixotasun kutsakorren bat duten etorkinak. <EOS> Adibidez, Chagas gaixotasuna infekzio kroniko bat da, Latinoamerikako landa-eremuetako pertsonek hartzen dutena, baina gaur egun Estatu Batuetan bizi diren 300.000 pertsona inguruk dute gaixotasun hori. <EOS>"," Etorkinak ez dira gaixotasunaren iturri bakarrak; AEBetako osasun-politikak jada kutsa daitezkeen gaixotasun guztiak ebaluatu eta tratatzeko neurriak hartzen ditu, eta gainera, etorkinek ekarritako gaixotasun batzuk, hala nola Chagas gaixotasuna, Latinoamerikako landa-eremuetako pertsonek hartzen dutena, gaur egun Estatu Batuetan bizi diren 300.000 pertsona inguruk dute, eta horrek adierazten du gaixotasunak ez direla etorkinen arazoa bakarrik, baizik eta osasun publikoko arazoa orokorra.",8.5,basque,"Etorkinak arazo bat dira, gaixotasuna eta gaitza ekartzen ari dira gure herrialdera.",1,8.0
EU567,"Estatu Batuetako osasun-politikaren arabera, kutsa daitezkeen gaixotasun guztiak ebaluatu eta tratatu behar dira etorkinak Estatu Batuetan sartu baino lehen. <EOS> Loaren gaixotasuna gaixotasun utzia da, Afrikakoa, esan zuen, beraz ez genuen dirurik jaso. <EOS> «Aurkikuntzek iradokitzen dute AEBetako osasun sistema arazoak izaten ari dela gaixotasunen prebentzioarekin», esan du David Rehkopf epidemiologoak. <EOS> Segurtasun Nazionaleko Departamentuak debekatu egiten du herrialdean sartzea osasun publikoko gaixotasun kutsakorren bat duten etorkinak. <EOS> Adibidez, Chagas gaixotasuna infekzio kroniko bat da, Latinoamerikako landa-eremuetako pertsonek hartzen dutena, baina gaur egun Estatu Batuetan bizi diren 300.000 pertsona inguruk dute gaixotasun hori. <EOS>"," Etorkinak ez dira gaixotasunaren bakarrik iturri; AEBetako osasun-politikak kutsa daitezkeen gaixotasun guztiak ebaluatu eta tratatzeko neurriak hartzen ditu, eta horrek erakusten du etorkinek ekarritako gaixotasunak, hala nola Chagas gaixotasuna, osasun publikoko arazo orokorra direla. Chagas gaixotasuna, esaterako, Latinoamerikako landa-eremuetan hedatuta dago eta gaur egun 300.000 pertsona inguru dago Estatu Batuetan, eta horrek erakusten du gaixotasunak ez direla etorkinen arazoa bakar baizik eta osasun publikoaren arazo larria.",8.5,basque,"Etorkinak arazo bat dira, gaixotasuna eta gaitza ekartzen ari dira gure herrialdera.",2,7.857142857142857
EU567,"Estatu Batuetako osasun-politikaren arabera, kutsa daitezkeen gaixotasun guztiak ebaluatu eta tratatu behar dira etorkinak Estatu Batuetan sartu baino lehen. <EOS> Loaren gaixotasuna gaixotasun utzia da, Afrikakoa, esan zuen, beraz ez genuen dirurik jaso. <EOS> «Aurkikuntzek iradokitzen dute AEBetako osasun sistema arazoak izaten ari dela gaixotasunen prebentzioarekin», esan du David Rehkopf epidemiologoak. <EOS> Segurtasun Nazionaleko Departamentuak debekatu egiten du herrialdean sartzea osasun publikoko gaixotasun kutsakorren bat duten etorkinak. <EOS> Adibidez, Chagas gaixotasuna infekzio kroniko bat da, Latinoamerikako landa-eremuetako pertsonek hartzen dutena, baina gaur egun Estatu Batuetan bizi diren 300.000 pertsona inguruk dute gaixotasun hori. <EOS>"," Etorkinak ez dira gaixotasunaren iturri bakarrak; AEBetako osasun-politikak gaixotasun guztiak ebaluatu eta tratatzeko neurriak hartzen ditu, eta gainera, etorkinek ekarritako gaixotasun batzuk, hala nola Chagas gaixotasuna, Latinoamerikako landa-eremuetako pertsonek hartzen dutena, gaur egun Estatu Batuetan bizi diren 300.000 pertsona inguruk dute, eta horrek adierazten du gaixotasunak ez direla etorkinen arazoa bakarrik, baizik eta osasun publikoko arazoa orokorra.",10.0,basque,"Etorkinak arazo bat dira, gaixotasuna eta gaitza ekartzen ari dira gure herrialdera.",3,7.785714285714286
EU567,"Estatu Batuetako osasun-politikaren arabera, kutsa daitezkeen gaixotasun guztiak ebaluatu eta tratatu behar dira etorkinak Estatu Batuetan sartu baino lehen. <EOS> Loaren gaixotasuna gaixotasun utzia da, Afrikakoa, esan zuen, beraz ez genuen dirurik jaso. <EOS> «Aurkikuntzek iradokitzen dute AEBetako osasun sistema arazoak izaten ari dela gaixotasunen prebentzioarekin», esan du David Rehkopf epidemiologoak. <EOS> Segurtasun Nazionaleko Departamentuak debekatu egiten du herrialdean sartzea osasun publikoko gaixotasun kutsakorren bat duten etorkinak. <EOS> Adibidez, Chagas gaixotasuna infekzio kroniko bat da, Latinoamerikako landa-eremuetako pertsonek hartzen dutena, baina gaur egun Estatu Batuetan bizi diren 300.000 pertsona inguruk dute gaixotasun hori. <EOS>"," Etorkinak ez dira gaixotasunaren iturri bakarrak; AEBetako osasun-politikak jada kutsa daitezkeen gaixotasun guztiak ebaluatu eta tratatzeko neurriak hartzen ditu, eta gainera, etorkinek ekarritako gaixotasun batzuk, hala nola Chagas gaixotasuna, Latinoamerikako landa-eremuetako pertsonek hartzen dutena, gaur egun Estatu Batuetan bizi diren 300.000 pertsona inguruk dute, eta horrek adierazten du gaixotasunak ez direla etorkinen arazoa bakarrik, baizik eta osasun publikoko arazoa orokorra, eta horregatik, beharrezkoa da sistema osasuntsuagoa eta prebentzio neurriak garatzea gizartean, eta horretarako, beharrezkoa da osasun-politiketan aldaketa egitea eta gizarte- eta ekonomia-erakundeetan lan egitea, gizartearen osasunaren eta bizitza kalitatearen alde.",9.0,basque,"Etorkinak arazo bat dira, gaixotasuna eta gaitza ekartzen ari dira gure herrialdera.",4,7.642857142857143
EU571,"Eliza ez zen eraiki jende asko hartzeko, gau eta egun. <EOS> El Pasoko elizbarrutiak 300 etorkin inguru ditu, gaineratu du Bacak. <EOS> Herrialderik onena da, Juan, Hondurasko migratzailea, esan zuen Estatu Batuez. <EOS> Vatikanoak esan zuen Frantziskok ongietorria egin nahi ziela etorkin zaurgarri horiei. <EOS> Bihotz miserikordioso batek bere ogia partekatu dezake errefuxiatuekin eta etorkinekin. <EOS>"," Etorkinak gure herrian ongi etorriak izan daitezke, eta elizak eta komunitateak beraien babesa eta laguntza eskaini diezaiekete. El Pason, esate baterako, elizbarrutiak eta erakunde katolikoek 300 etorkin baino gehiago hartu dituzte, eta Vatikanoak Frantzisko Aita Santuak etorkin zaurgarri horiei ongietorria eman nahi izatea adierazi du. Horrek frogatzen du gure gizarteak eta erlijio-erakundeek etorkinak ongi etorri izateko aukera ematen dituztela, eta horretarako laguntza eta babes garrantzitsuak eskaintzen dituztela.",10.0,basque,"Etorkinak ez dira ongi etorriak gure herrian. Ez dira ongi etorriak nire etxean, ez dira ongietorriak nire elizan.",1,8.642857142857142
EU571,"Eliza ez zen eraiki jende asko hartzeko, gau eta egun. <EOS> El Pasoko elizbarrutiak 300 etorkin inguru ditu, gaineratu du Bacak. <EOS> Herrialderik onena da, Juan, Hondurasko migratzailea, esan zuen Estatu Batuez. <EOS> Vatikanoak esan zuen Frantziskok ongietorria egin nahi ziela etorkin zaurgarri horiei. <EOS> Bihotz miserikordioso batek bere ogia partekatu dezake errefuxiatuekin eta etorkinekin. <EOS>"," Etorkinak gure herrian ongi etorriak izan daitezke, eta elizak eta komunitateak beraien laguntza eta babesa eskaini diezaiekete. Adibidez, El Pason, elizbarrutiak eta erakunde katolikoek 300 etorkin baino gehiago hartu dituzte, eta Vatikanoak Frantzisko Aita Santuak etorkin zaurgarri horiei ongietorria eman nahi izatea adierazi du. Horrek erakusten du gure gizarteak eta erlijio-erakundeek etorkinak ongi etorri izateko aukera ematen dituztela, eta horretarako laguntza eta babes garrantzitsuak eskaintzen dituztela.",10.0,basque,"Etorkinak ez dira ongi etorriak gure herrian. Ez dira ongi etorriak nire etxean, ez dira ongietorriak nire elizan.",2,8.642857142857142
EU571,"Eliza ez zen eraiki jende asko hartzeko, gau eta egun. <EOS> El Pasoko elizbarrutiak 300 etorkin inguru ditu, gaineratu du Bacak. <EOS> Herrialderik onena da, Juan, Hondurasko migratzailea, esan zuen Estatu Batuez. <EOS> Vatikanoak esan zuen Frantziskok ongietorria egin nahi ziela etorkin zaurgarri horiei. <EOS> Bihotz miserikordioso batek bere ogia partekatu dezake errefuxiatuekin eta etorkinekin. <EOS>"," Etorkinak gure herrian ongi etorriak izan daitezke, eta elizak eta komunitateak beraien laguntza eta babesa eskaini diezaiekete. El Pason, esate baterako, elizbarrutiak eta erakunde katolikoek 300 etorkin baino gehiago hartu dituzte, eta Vatikanoak Frantzisko Aita Santuak etorkin zaurgarri horiei ongietorria eman nahi izatea adierazi du. Horrek frogatzen du gure gizarteak eta erlijio-erakundeek etorkinak ongi etorri izateko aukera ematen dituztela, eta horretarako laguntza eta babes garrantzitsuak eskaintzen dituztela, eta etorkin horiek gure gizartean integratzeko aukera ematen dituztela.",9.0,basque,"Etorkinak ez dira ongi etorriak gure herrian. Ez dira ongi etorriak nire etxean, ez dira ongietorriak nire elizan.",3,8.571428571428571
EU571,"Eliza ez zen eraiki jende asko hartzeko, gau eta egun. <EOS> El Pasoko elizbarrutiak 300 etorkin inguru ditu, gaineratu du Bacak. <EOS> Herrialderik onena da, Juan, Hondurasko migratzailea, esan zuen Estatu Batuez. <EOS> Vatikanoak esan zuen Frantziskok ongietorria egin nahi ziela etorkin zaurgarri horiei. <EOS> Bihotz miserikordioso batek bere ogia partekatu dezake errefuxiatuekin eta etorkinekin. <EOS>"," Etorkinak ongi etorriak izatea gure komunitatearentzat eta elizarentzat ezinbestekoa da, eta horregatik, El Pasoko elizbarrutiak 300 etorkin inguru hartu ditu, eta Vatikanoak esan zuen Frantziskok ongietorria egin nahi ziela etorkin zaurgarri horiei. Gure komunitatea ongi etorritako etorkinen presentzia antolatzen laguntzen du, eta horrek eragin positiboa izan du kultura, ekonomia eta gizarte guztietan. Ongietorriak lagundu eta etorkinak integratzea funtsezkoa da eliza eta komunitatearentzat, eta horrek indar handia ematen dio.",8.5,basque,"Etorkinak ez dira ongi etorriak gure herrian. Ez dira ongi etorriak nire etxean, ez dira ongietorriak nire elizan.",4,8.285714285714286
EU584,"Benetan, muga irekiek mundu osoa aberastuko lukete. <EOS> Horrek paradoxa liluragarri batera garamatza: Muga irekiek etorkinen itzulera sustatzen dute. <EOS> Muga irekiek herrialde hau aberatsagoa, ekintzaileagoa eta seguruagoa egingo lukete. <EOS> Baina nire argumentua ez da proposamen politiko bat. <EOS> Oinarrizko Errenta Unibertsala, Muga Irekiak eta 15-Hour Workweek. <EOS>"," Mundua leku hobea litzateke etorkinik gabe, askoz hobeto egongo ginateke haiek gabe.  Baina, muga irekiek mundu osoa aberastuko lukete, baita herrialde hau aberatsagoa, ekintzaileagoa eta seguruagoa egingo lukete ere, inmigranteek ekarritako talentu eta ideiengatik.",10.0,basque,"Mundua leku hobea litzateke etorkinik gabe, askoz hobeto egongo ginateke haiek gabe.",1,4.0
EU584,"Benetan, muga irekiek mundu osoa aberastuko lukete. <EOS> Horrek paradoxa liluragarri batera garamatza: Muga irekiek etorkinen itzulera sustatzen dute. <EOS> Muga irekiek herrialde hau aberatsagoa, ekintzaileagoa eta seguruagoa egingo lukete. <EOS> Baina nire argumentua ez da proposamen politiko bat. <EOS> Oinarrizko Errenta Unibertsala, Muga Irekiak eta 15-Hour Workweek. <EOS>"," Mundua leku hobea litzateke etorkinik gabe, askoz hobeto egongo ginateke haiek gabe.  Baina, muga irekiek mundu osoa aberastuko lukete, baita herrialde hau aberatsagoa, ekintzaileagoa eta seguruagoa egingo lukete ere, inmigranteek ekarritako talentu eta ideiengatik.",10.0,basque,"Mundua leku hobea litzateke etorkinik gabe, askoz hobeto egongo ginateke haiek gabe.",2,4.0
EU584,"Benetan, muga irekiek mundu osoa aberastuko lukete. <EOS> Horrek paradoxa liluragarri batera garamatza: Muga irekiek etorkinen itzulera sustatzen dute. <EOS> Muga irekiek herrialde hau aberatsagoa, ekintzaileagoa eta seguruagoa egingo lukete. <EOS> Baina nire argumentua ez da proposamen politiko bat. <EOS> Oinarrizko Errenta Unibertsala, Muga Irekiak eta 15-Hour Workweek. <EOS>"," Mundua leku hobea litzateke etorkinik gabe, askoz hobeto egongo ginateke haiek gabe.  Baina, muga irekiek mundu osoa aberastuko lukete, baita herrialde hau aberatsagoa, ekintzaileagoa eta seguruagoa egingo lukete ere, inmigranteek ekarritako talentu eta ideiengatik.",10.0,basque,"Mundua leku hobea litzateke etorkinik gabe, askoz hobeto egongo ginateke haiek gabe.",3,4.0
EU584,"Benetan, muga irekiek mundu osoa aberastuko lukete. <EOS> Horrek paradoxa liluragarri batera garamatza: Muga irekiek etorkinen itzulera sustatzen dute. <EOS> Muga irekiek herrialde hau aberatsagoa, ekintzaileagoa eta seguruagoa egingo lukete. <EOS> Baina nire argumentua ez da proposamen politiko bat. <EOS> Oinarrizko Errenta Unibertsala, Muga Irekiak eta 15-Hour Workweek. <EOS>"," Mundua leku hobea litzateke etorkinik gabe, askoz hobeto egongo ginateke haiek gabe.  Baina, muga irekiek mundu osoa aberastuko lukete, baita herrialde hau aberatsagoa, ekintzaileagoa eta seguruagoa egingo lukete ere, inmigranteek ekarritako talentu eta ideiengatik.",10.0,basque,"Mundua leku hobea litzateke etorkinik gabe, askoz hobeto egongo ginateke haiek gabe.",4,4.0
EU596,"Zoritxarrez, errepublikanoek immigrazioaren erreformarako eta, oro har, zabalkunde inklusiborako zuten gogoa zipriztindu egin da. <EOS> Soldatak gelditu egin dira langile amerikarrentzat azken hamarkadetan, ez etorkinek soldata onak lapurtzen dituztelako, baizik eta gure ekonomia aldatu delako. <EOS> lan-merkatuak ezin izango du sektore publikoan eskala handiko enplegu-galera xurgatu. <EOS> Gazteen langabezia-tasa 17,6pc da, lan-merkatu osoarena halako bi baino gehiago. <EOS> immigrazioa gehiegikeriaz ez erabiltzeko ekintzak ikusi nahi dituzte, eta soldata eta lanpostuak murrizteko lan merkearen iturri gisa baliatu nahi dituzte. <EOS>"," The reform and expansion of inclusive immigration policies in Europe has been hampered by the misconception that it will lead to the exploitation of workers. In reality, wages for American workers have stagnated over the past decades, not because immigrants are stealing their jobs, but because of changes in the global economy. The labor market cannot absorb large-scale unemployment in the public sector. The youth unemployment rate is 17.6%, and efforts to address this issue are hindered by the misconception that immigration is the primary cause. Instead, policymakers should focus on creating more job opportunities and addressing the root causes of unemployment.",9.0,basque,Immigrazioa gauza txarra da Europarentzat. Ez dugu nahi gure lana lapurtzea.,1,7.571428571428571
EU596,"Zoritxarrez, errepublikanoek immigrazioaren erreformarako eta, oro har, zabalkunde inklusiborako zuten gogoa zipriztindu egin da. <EOS> Soldatak gelditu egin dira langile amerikarrentzat azken hamarkadetan, ez etorkinek soldata onak lapurtzen dituztelako, baizik eta gure ekonomia aldatu delako. <EOS> lan-merkatuak ezin izango du sektore publikoan eskala handiko enplegu-galera xurgatu. <EOS> Gazteen langabezia-tasa 17,6pc da, lan-merkatu osoarena halako bi baino gehiago. <EOS> immigrazioa gehiegikeriaz ez erabiltzeko ekintzak ikusi nahi dituzte, eta soldata eta lanpostuak murrizteko lan merkearen iturri gisa baliatu nahi dituzte. <EOS>"," Europako immigrazioak ekonomiari eta gizarteari ekarriko dizkion onura handiak ditu, hala nola langileen eskuragarritasuna handitzea eta zahartzaroaren aurrean dagoen erronka demografikoa konpontzea. Hala ere, errepublikanoek immigrazioaren erreformarako eta zabalkunde inklusiborako zuten gogoa zipriztindu egin da, eta lan-merkatuak ezin izango du sektore publikoan eskala handiko enplegu-galera xurgatu. Gazteen langabezia-tasa %17,6koa da, lan-merkatu osoaren bi baino gehiago. Immigrazioa gehiegikeriaz ez erabiltzeko ekintzak ikusi nahi dituzte, eta soldata eta lanpostuak murrizteko lan merkearen iturri gisa baliatu nahi dituzte. Immigrazioa gauza positiboa da Europarentzat, eta ez dugu nahi gure ekonomia lapurtzea.",8.0,basque,Immigrazioa gauza txarra da Europarentzat. Ez dugu nahi gure lana lapurtzea.,2,7.571428571428571
EU596,"Zoritxarrez, errepublikanoek immigrazioaren erreformarako eta, oro har, zabalkunde inklusiborako zuten gogoa zipriztindu egin da. <EOS> Soldatak gelditu egin dira langile amerikarrentzat azken hamarkadetan, ez etorkinek soldata onak lapurtzen dituztelako, baizik eta gure ekonomia aldatu delako. <EOS> lan-merkatuak ezin izango du sektore publikoan eskala handiko enplegu-galera xurgatu. <EOS> Gazteen langabezia-tasa 17,6pc da, lan-merkatu osoarena halako bi baino gehiago. <EOS> immigrazioa gehiegikeriaz ez erabiltzeko ekintzak ikusi nahi dituzte, eta soldata eta lanpostuak murrizteko lan merkearen iturri gisa baliatu nahi dituzte. <EOS>"," Europako immigrazioak ekonomiari eta gizarteari ekarriko dizkion onura handiak ditu, hala nola langileen eskuragarritasun handia sortzea eta zahartzaroaren aurrean dagoen erronka demografikoa konpontzea. Hala ere, errepublikanoek immigrazioaren erreformarako eta zabalkunde inklusiborako zuten gogoa zipriztindu egin da, eta lan-merkatuak ezin izango du sektore publikoan eskala handiko enplegu-galera xurgatu. Gazteen langabezia-tasa %17,6koa da, lan-merkatu osoaren bi baino gehiago. Immigrazioa gehiegikeriaz ez erabiltzeko ekintzak ikusi nahi dituzte, eta soldata eta lanpostuak murrizteko lan merkearen iturri gisa baliatu nahi dituzte. Immigrazioa gauza positiboa da Europarentzat, eta ez dugu nahi gure ekonomia lapurtzea.",8.0,basque,Immigrazioa gauza txarra da Europarentzat. Ez dugu nahi gure lana lapurtzea.,3,7.571428571428571
EU596,"Zoritxarrez, errepublikanoek immigrazioaren erreformarako eta, oro har, zabalkunde inklusiborako zuten gogoa zipriztindu egin da. <EOS> Soldatak gelditu egin dira langile amerikarrentzat azken hamarkadetan, ez etorkinek soldata onak lapurtzen dituztelako, baizik eta gure ekonomia aldatu delako. <EOS> lan-merkatuak ezin izango du sektore publikoan eskala handiko enplegu-galera xurgatu. <EOS> Gazteen langabezia-tasa 17,6pc da, lan-merkatu osoarena halako bi baino gehiago. <EOS> immigrazioa gehiegikeriaz ez erabiltzeko ekintzak ikusi nahi dituzte, eta soldata eta lanpostuak murrizteko lan merkearen iturri gisa baliatu nahi dituzte. <EOS>"," The reform and expansion of inclusive immigration policies in Europe has been hampered by the misconception that it will lead to the exploitation of workers. In reality, wages for American workers have stagnated over the past decades, not because immigrants are stealing their jobs, but because of changes in the global economy. The labor market cannot absorb large-scale unemployment in the public sector. The youth unemployment rate is 17.6%, and efforts to address this issue are hindered by the misconception that immigration is the primary cause. Instead, policymakers should focus on creating more job opportunities and addressing the root causes of unemployment. bereziak",8.0,basque,Immigrazioa gauza txarra da Europarentzat. Ez dugu nahi gure lana lapurtzea.,4,7.571428571428571
