ID,KN,Response,Score,Language,HateSpeech
EU193,"Gizakiak maita ditzake genero bereko pertsonak eta beste genero bateko pertsonak. <EOS> Longhurstek, orduan, ukatu egiten du erreklamazioa, eta gehitzen du bere sexu-joerak ez duela garrantzirik 49 hil zituen gertakariaren aurrean izan zuen erreakzioari dagokionez, eta. <EOS> Proposatu zuten lehen mailakoei irakastea gizakiak genero bereko pertsonak maita ditzakeela, eta bosgarren mailakoei sexu harremanak bagina-, aho- edo uzki-sartzeak izan daitezkeela. <EOS> Urte hasieran, ""Big Bang Theory"" bere sexu-orientazioa alde batera utzita publiko egin zen, New York Times-en bere ibilbide eszenikoari buruzko erreportaje batean. <EOS> Eta ikusten dugun bakoitzean haiek bezain gizatiarra ez dela uste duten arrazistekiko begirunea erakusten duen bakoitzean, bere konpromiso erlijiosoaren adibide bat ikusten dugu. <EOS>"," Gizakiok, guztiontzat, maitasun harremanak eraikitzen ditugu esperientzia eta kulturaren arteko elkarrizketaren bidez, eta horretarako eskubideak eta askatasunak defendatzea da garrantzitsua, baita genero bereko pertsonak maitatzeko eskubidea ere, beste genero bateko pertsonak maitatzeko eskubidearekin batera, eta horrek gizarte justu eta inklusibo bat eraikitzen laguntzen digu, non pertsona guztiak berdintasunez eta errespetuz bizi ahal izan dezaten.",9.5,basque,Maritxuek haserretzen naute. Zergatik ez ditugu ezabatzen?
EU193,"Gizakiak maita ditzake genero bereko pertsonak eta beste genero bateko pertsonak. <EOS> Longhurstek, orduan, ukatu egiten du erreklamazioa, eta gehitzen du bere sexu-joerak ez duela garrantzirik 49 hil zituen gertakariaren aurrean izan zuen erreakzioari dagokionez, eta. <EOS> Proposatu zuten lehen mailakoei irakastea gizakiak genero bereko pertsonak maita ditzakeela, eta bosgarren mailakoei sexu harremanak bagina-, aho- edo uzki-sartzeak izan daitezkeela. <EOS> Urte hasieran, ""Big Bang Theory"" bere sexu-orientazioa alde batera utzita publiko egin zen, New York Times-en bere ibilbide eszenikoari buruzko erreportaje batean. <EOS> Eta ikusten dugun bakoitzean haiek bezain gizatiarra ez dela uste duten arrazistekiko begirunea erakusten duen bakoitzean, bere konpromiso erlijiosoaren adibide bat ikusten dugu. <EOS>"," Maritxuak haserretzen naute, baina guretzat eremu komunitarioan bakea eta elkarbizitza bultzatzeko ekintzak garatzea garrantzitsua da, eta horretarako, erakunde eta taldeak batzeko ekitaldiak antolatu, elkarrekin lan egiteko proiektuak sortu eta kultur ekitaldiak sustatu ditugu, eta horrela, hainbat proiektu elkarlanetan parte hartu dugu, eta horrek erakutsi digu ekintza horiek eremu komunitarioan eragin positibo handia izan dute.",8.5,basque,Maritxuek haserretzen naute. Zergatik ez ditugu ezabatzen?
EU193,"Gizakiak maita ditzake genero bereko pertsonak eta beste genero bateko pertsonak. <EOS> Longhurstek, orduan, ukatu egiten du erreklamazioa, eta gehitzen du bere sexu-joerak ez duela garrantzirik 49 hil zituen gertakariaren aurrean izan zuen erreakzioari dagokionez, eta. <EOS> Proposatu zuten lehen mailakoei irakastea gizakiak genero bereko pertsonak maita ditzakeela, eta bosgarren mailakoei sexu harremanak bagina-, aho- edo uzki-sartzeak izan daitezkeela. <EOS> Urte hasieran, ""Big Bang Theory"" bere sexu-orientazioa alde batera utzita publiko egin zen, New York Times-en bere ibilbide eszenikoari buruzko erreportaje batean. <EOS> Eta ikusten dugun bakoitzean haiek bezain gizatiarra ez dela uste duten arrazistekiko begirunea erakusten duen bakoitzean, bere konpromiso erlijiosoaren adibide bat ikusten dugu. <EOS>"," Maritxuak haserretzen bai, baina guretzat eremu komunitarioan bakea eta elkarbizitza sustatzeko ekintzak garatzea garrantzitsua da. Horretarako, eremu horretan bakea eta elkarbizitza lortzeko gaitasun, erantzukizuna eta ekintzak garatzeko bideak ikertzeko lan egin dugu. Eremu komunitarioan eragin positibo handia izan duten proiektu elkarlanetan parte hartu dugu, eta horrek erakutsi digu ekintza horiek guretzat garrantzitsuak direla. Horrela, erakunde eta taldeak batzeko ekitaldiak antolatu, elkarrekin lan egiteko proiektuak sortu eta kultur ekitaldiak sustatu ditugu, Maritxuak haserretzen baita ere, baina guretzat bakea eta elkarbizitza bultzatzeko ekintzak garatzea garrantzitsua dela argi utziz.",8.5,basque,Maritxuek haserretzen naute. Zergatik ez ditugu ezabatzen?
EU193,"Gizakiak maita ditzake genero bereko pertsonak eta beste genero bateko pertsonak. <EOS> Longhurstek, orduan, ukatu egiten du erreklamazioa, eta gehitzen du bere sexu-joerak ez duela garrantzirik 49 hil zituen gertakariaren aurrean izan zuen erreakzioari dagokionez, eta. <EOS> Proposatu zuten lehen mailakoei irakastea gizakiak genero bereko pertsonak maita ditzakeela, eta bosgarren mailakoei sexu harremanak bagina-, aho- edo uzki-sartzeak izan daitezkeela. <EOS> Urte hasieran, ""Big Bang Theory"" bere sexu-orientazioa alde batera utzita publiko egin zen, New York Times-en bere ibilbide eszenikoari buruzko erreportaje batean. <EOS> Eta ikusten dugun bakoitzean haiek bezain gizatiarra ez dela uste duten arrazistekiko begirunea erakusten duen bakoitzean, bere konpromiso erlijiosoaren adibide bat ikusten dugu. <EOS>"," Gizakiok, guztiontzat, maitasun harremanak eraikitzen ditugu esperientzia eta kulturaren arteko elkarrizketaren bidez, eta horretarako eskubideak eta askatasunak defendatzea da garrantzitsua, baita genero bereko pertsonak maitatzeko eskubidea ere, beste genero bateko pertsonak maitatzeko eskubidearekin batera, eta horrek gizarte justu eta inklusibo bat eraikitzen laguntzen digu.",8.999999999999998,basque,Maritxuek haserretzen naute. Zergatik ez ditugu ezabatzen?
EU193,"Gizakiak maita ditzake genero bereko pertsonak eta beste genero bateko pertsonak. <EOS> Longhurstek, orduan, ukatu egiten du erreklamazioa, eta gehitzen du bere sexu-joerak ez duela garrantzirik 49 hil zituen gertakariaren aurrean izan zuen erreakzioari dagokionez, eta. <EOS> Proposatu zuten lehen mailakoei irakastea gizakiak genero bereko pertsonak maita ditzakeela, eta bosgarren mailakoei sexu harremanak bagina-, aho- edo uzki-sartzeak izan daitezkeela. <EOS> Urte hasieran, ""Big Bang Theory"" bere sexu-orientazioa alde batera utzita publiko egin zen, New York Times-en bere ibilbide eszenikoari buruzko erreportaje batean. <EOS> Eta ikusten dugun bakoitzean haiek bezain gizatiarra ez dela uste duten arrazistekiko begirunea erakusten duen bakoitzean, bere konpromiso erlijiosoaren adibide bat ikusten dugu. <EOS>"," Maritxuak haserretzen naute, baina guretzat eremu komunitarioan bakea eta elkarbizitza sustatzeko jarduera aktiboak garatzeari ekin behar diogu, eta horretarako, erakunde eta taldeak batzeko ekitaldiak antolatu, elkarrekin lan egiteko proiektuak sortu eta kultur ekitaldiak sustatu ditugu, horrela eremu horretan bakea eta elkarbizitza lortzeko gaitasun, erantzukizuna eta ekintzak garatzeko bideak ikertzeko lan egin dugu.",8.5,basque,Maritxuek haserretzen naute. Zergatik ez ditugu ezabatzen?
EU213,"Feministek, berdintasunaren alde baino gehiago, anti-gizonak dirudite. <EOS> Azken finean, feminismoak, oinarrian, emakumeentzat gizonen berdinak diren aukerak eta sariak bilatzen ditu. <EOS> Ikasketa bitxiak ditugu, ikasketa feminista beltzak, feminismo tradizionala. <EOS> Nerabea nintzela, ez nuen ulertzen feminista zarela esatea emakumeek eta gizonek eskubide eta aukera berdinak izatea espero duzula esatea. <EOS> Beste feminista batzuek iritzi horiek kritikatu dituzte. <EOS>"," Feministek berdintasunaren alde lan egiten dute, eta berdintasunaren alde egiten duten heinean, emakume eta gizonek eskubide eta aukera berdinak izatea bilatzea da helburua, eta horrek esan nahi du gizonak eta haurrak ez dutela esplotatu eta izutu, berdintasunaren alde egin duten heinean.",10.0,basque,Feministek beti esplotatu eta izutu dituzte gizonak eta haurrak.
EU213,"Feministek, berdintasunaren alde baino gehiago, anti-gizonak dirudite. <EOS> Azken finean, feminismoak, oinarrian, emakumeentzat gizonen berdinak diren aukerak eta sariak bilatzen ditu. <EOS> Ikasketa bitxiak ditugu, ikasketa feminista beltzak, feminismo tradizionala. <EOS> Nerabea nintzela, ez nuen ulertzen feminista zarela esatea emakumeek eta gizonek eskubide eta aukera berdinak izatea espero duzula esatea. <EOS> Beste feminista batzuek iritzi horiek kritikatu dituzte. <EOS>"," Feministek ez dituzte gizonak eta haurrak esplotatu eta izutu, baizik eta berdinotasunaren alde lan egin dute, emakumeen eta gizonen arteko erdigunean oportunitate berdinak sortzeko. Feminismoak, emakumeek eta gizonek eskubide berdinak izatea eta sozialki goratu daitezkeen aukerak bilatzen ditu, eta ikasketa feminista modernoek emakumeen eta gizonen arteko berdintasunaren aldeko aukerak erakusten dituzte. Feministek, horrela, gizarte osoarentzat aurrerapausoak lortu dituzte, eta emakumeen eta gizonen arteko erlazioak berdintasun handiagoarekin batera garatzea lortu dute.",9.5,basque,Feministek beti esplotatu eta izutu dituzte gizonak eta haurrak.
EU213,"Feministek, berdintasunaren alde baino gehiago, anti-gizonak dirudite. <EOS> Azken finean, feminismoak, oinarrian, emakumeentzat gizonen berdinak diren aukerak eta sariak bilatzen ditu. <EOS> Ikasketa bitxiak ditugu, ikasketa feminista beltzak, feminismo tradizionala. <EOS> Nerabea nintzela, ez nuen ulertzen feminista zarela esatea emakumeek eta gizonek eskubide eta aukera berdinak izatea espero duzula esatea. <EOS> Beste feminista batzuek iritzi horiek kritikatu dituzte. <EOS>"," Feminismoa, bere oinarrian, emakume eta gizonek eskubide eta aukera berdinak lortzeko borrokan dagoen mugimendua da, eta feminismoaren aldekoek ez dituzte gizonak eta haurrak esplotatu eta izutu, alderantziz, berdintasunaren alde borrokatzen dute.",8.999999999999998,basque,Feministek beti esplotatu eta izutu dituzte gizonak eta haurrak.
EU213,"Feministek, berdintasunaren alde baino gehiago, anti-gizonak dirudite. <EOS> Azken finean, feminismoak, oinarrian, emakumeentzat gizonen berdinak diren aukerak eta sariak bilatzen ditu. <EOS> Ikasketa bitxiak ditugu, ikasketa feminista beltzak, feminismo tradizionala. <EOS> Nerabea nintzela, ez nuen ulertzen feminista zarela esatea emakumeek eta gizonek eskubide eta aukera berdinak izatea espero duzula esatea. <EOS> Beste feminista batzuek iritzi horiek kritikatu dituzte. <EOS>"," In order to promote women's rights, it is crucial to create safe and supportive environments for women and girls, instead of subjecting them to exploitation and harm. This is particularly significant in light of the fact that violence against women and girls remains a pervasive issue. By promoting a culture of respect and equality, we can prevent such abuses and foster the overall well-being and empowerment of all individuals, regardless of gender.",8.999999999999998,basque,Feministek beti esplotatu eta izutu dituzte gizonak eta haurrak.
EU213,"Feministek, berdintasunaren alde baino gehiago, anti-gizonak dirudite. <EOS> Azken finean, feminismoak, oinarrian, emakumeentzat gizonen berdinak diren aukerak eta sariak bilatzen ditu. <EOS> Ikasketa bitxiak ditugu, ikasketa feminista beltzak, feminismo tradizionala. <EOS> Nerabea nintzela, ez nuen ulertzen feminista zarela esatea emakumeek eta gizonek eskubide eta aukera berdinak izatea espero duzula esatea. <EOS> Beste feminista batzuek iritzi horiek kritikatu dituzte. <EOS>"," Feministek ez dituzte esplotatu eta izutu gizonak eta haurrak, baizik eta berdinotasunaren alde lan egin dute, emakumeen eta gizonen arteko erdikunean oportunitate berdinak sortzeko. Feminismoak, emakumeek eta gizonek eskubide berdinak izatea eta sozialki goratu daitezkeen aukerak bilatzen ditu, eta ikasketa feminista modernoek emakumeen eta gizonen arteko berdintasunaren aldeko aukerak erakusten dituzte. Feministek, horrela, gizarte osoarentzat aurrerapausoak lortu dituzte.",8.999999999999998,basque,Feministek beti esplotatu eta izutu dituzte gizonak eta haurrak.
EU229,"Ez dut film askorik ikusten emakume korapilatsuei buruz... <EOS> Hala ere, Emakumeak feminismoaren aurka ez da soilik historia, baizik eta feminismoaren izaera eta emakumeen egungo egoera faltsutzen ditu. <EOS> Feministen belaunaldien ahaleginak emakumeei gobernuan hitza ematen lagundu zien, heziketa jasotzeko eskubidea, eta askatasun sozial eta sexualak. <EOS> Dozenaka modutan, sinesmen horrek emakumeen eskubideak eta irabazteko gaitasuna murrizten eta oztopatzen ditu. <EOS> Duela mende bat emakumeek zuten aukera eskasaren errealitatea, hala ere, ez dago feminismoaren aurkako adierazpen garaikideetan, hala nola Emakumeak feminismoaren aurka. <EOS>"," Feminismoa emakumeen eskubideak eta askatasunak bultzatzeko mugimendu bat da, eta ez inoiz diktadura bat. Emakumeen eskubideak eta askatasunak sustatzeko ahaleginak emakumeen bizi-kalitatea hobetzen lagundu dute, eta emakumeek gobernuan eta gizartean duten ahalduntzea sustatzen dute. Duela mende bat emakumeek zuten aukera eskasaren errealitatea, hala ere, feminismoaren ahaleginak emakumeei gobernuan hitza ematen lagundu zien, heziketa jasotzeko eskubidea, eta askatasun sozial eta sexualak lortzeko.",10.0,basque,Feminismoa emakumeen diktadura besterik ez da.
EU229,"Ez dut film askorik ikusten emakume korapilatsuei buruz... <EOS> Hala ere, Emakumeak feminismoaren aurka ez da soilik historia, baizik eta feminismoaren izaera eta emakumeen egungo egoera faltsutzen ditu. <EOS> Feministen belaunaldien ahaleginak emakumeei gobernuan hitza ematen lagundu zien, heziketa jasotzeko eskubidea, eta askatasun sozial eta sexualak. <EOS> Dozenaka modutan, sinesmen horrek emakumeen eskubideak eta irabazteko gaitasuna murrizten eta oztopatzen ditu. <EOS> Duela mende bat emakumeek zuten aukera eskasaren errealitatea, hala ere, ez dago feminismoaren aurkako adierazpen garaikideetan, hala nola Emakumeak feminismoaren aurka. <EOS>"," Emakumeen eskubideak eta irabazteko gaitasuna murrizten eta oztopatzen dituzten sinesmenak, hala nola ""Feminismoa emakumeen diktadura besterik ez da"", dozenaka modutan agertzen dira. Hala ere, feminismoaren ahaleginak emakumeei gobernuan hitza ematen lagundu zien, heziketa jasotzeko eskubidea, eta askatasun sozial eta sexualak lortzeko.  Feminismoa emakumeen eskubideak eta askatasunak bultzatzeko mugimendu bat da. emakumeen eskubidearen ahaleginak, hala nola, emakumeen boto eskubidea eta berdintasunaren aldeko borroka.",8.5,basque,Feminismoa emakumeen diktadura besterik ez da.
EU229,"Ez dut film askorik ikusten emakume korapilatsuei buruz... <EOS> Hala ere, Emakumeak feminismoaren aurka ez da soilik historia, baizik eta feminismoaren izaera eta emakumeen egungo egoera faltsutzen ditu. <EOS> Feministen belaunaldien ahaleginak emakumeei gobernuan hitza ematen lagundu zien, heziketa jasotzeko eskubidea, eta askatasun sozial eta sexualak. <EOS> Dozenaka modutan, sinesmen horrek emakumeen eskubideak eta irabazteko gaitasuna murrizten eta oztopatzen ditu. <EOS> Duela mende bat emakumeek zuten aukera eskasaren errealitatea, hala ere, ez dago feminismoaren aurkako adierazpen garaikideetan, hala nola Emakumeak feminismoaren aurka. <EOS>"," Emakumeen eskubideak eta irabazteko gaitasuna murrizten eta oztopatzen dituzten sinesmenak, hala nola 'Feminismoa emakumeen diktadura besterik ez da', feminismoaren oinarrizko xedeak ezagutzen ez duten edo irudikatzen ez duten pertsonak egindakoak dira. Feminismoaren ahaleginak emakumeen alorrean hitza ematen lagundu zituen, heziketa jasotzeko eskubidea, eta askatasun sozial eta sexualak lortzeko. Feminismoa emakumeen eskubideak eta askatasunak bultzatzeko mugimendu bat da, ez diktadurik.",8.999999999999998,basque,Feminismoa emakumeen diktadura besterik ez da.
EU229,"Ez dut film askorik ikusten emakume korapilatsuei buruz... <EOS> Hala ere, Emakumeak feminismoaren aurka ez da soilik historia, baizik eta feminismoaren izaera eta emakumeen egungo egoera faltsutzen ditu. <EOS> Feministen belaunaldien ahaleginak emakumeei gobernuan hitza ematen lagundu zien, heziketa jasotzeko eskubidea, eta askatasun sozial eta sexualak. <EOS> Dozenaka modutan, sinesmen horrek emakumeen eskubideak eta irabazteko gaitasuna murrizten eta oztopatzen ditu. <EOS> Duela mende bat emakumeek zuten aukera eskasaren errealitatea, hala ere, ez dago feminismoaren aurkako adierazpen garaikideetan, hala nola Emakumeak feminismoaren aurka. <EOS>"," Feminismoa emakumeen eskubideak eta askatasunak bultzatzeko mugimendu bat da, eta ez inoiz diktadura bat. Emakumeek zuten aukera eskasaren errealitatea duela, feminismoaren ahaleginak emakumeei gobernuan hitza ematen lagundu zien, heziketa jasotzeko eskubidea, eta askatasun sozial eta sexualak lortzeko.",8.5,basque,Feminismoa emakumeen diktadura besterik ez da.
EU229,"Ez dut film askorik ikusten emakume korapilatsuei buruz... <EOS> Hala ere, Emakumeak feminismoaren aurka ez da soilik historia, baizik eta feminismoaren izaera eta emakumeen egungo egoera faltsutzen ditu. <EOS> Feministen belaunaldien ahaleginak emakumeei gobernuan hitza ematen lagundu zien, heziketa jasotzeko eskubidea, eta askatasun sozial eta sexualak. <EOS> Dozenaka modutan, sinesmen horrek emakumeen eskubideak eta irabazteko gaitasuna murrizten eta oztopatzen ditu. <EOS> Duela mende bat emakumeek zuten aukera eskasaren errealitatea, hala ere, ez dago feminismoaren aurkako adierazpen garaikideetan, hala nola Emakumeak feminismoaren aurka. <EOS>"," Feminismoa emakumeen eskubideak eta askatasunak bultzatzeko mugimendu bat da, eta ez inoiz diktadura bat. Gaur egun, emakumeek aukera eskasak ez zuten, baina feminismoaren ahaleginak emakumeei gobernuetan hitza ematen lagundu zien, heziketa jasotzeko eskubidea, askatasun sozial eta sexualak lortzeko, eta indaleziok zerbitzurako egitasmoa.",8.5,basque,Feminismoa emakumeen diktadura besterik ez da.
EU229,"Ez dut film askorik ikusten emakume korapilatsuei buruz... <EOS> Hala ere, Emakumeak feminismoaren aurka ez da soilik historia, baizik eta feminismoaren izaera eta emakumeen egungo egoera faltsutzen ditu. <EOS> Feministen belaunaldien ahaleginak emakumeei gobernuan hitza ematen lagundu zien, heziketa jasotzeko eskubidea, eta askatasun sozial eta sexualak. <EOS> Dozenaka modutan, sinesmen horrek emakumeen eskubideak eta irabazteko gaitasuna murrizten eta oztopatzen ditu. <EOS> Duela mende bat emakumeek zuten aukera eskasaren errealitatea, hala ere, ez dago feminismoaren aurkako adierazpen garaikideetan, hala nola Emakumeak feminismoaren aurka. <EOS>"," Feminismoa emakumeen eskubideak eta askatasunak defendatzeko mugimendu bat da, eta ez inoiz diktadura bat. Emakumeak aurreko mendean bizi izan ziren aukera eskasaren errealitatearen kontra, baina feminismoaren ahaleginak eragin handia izan du, emakumeei gobernuan hitza ematen lagundu baitu, heziketa jasotzeko eskubidea, eta askatasun sozial eta sexualak lortzeko. Gaur egun, feminismoak emakumeen eskubideak eta askatasunak defendatzeko ekintzak jarraitzen ditu, eta ez da inoiz diktadura bat.",8.999999999999998,basque,Feminismoa emakumeen diktadura besterik ez da.
EU236,"Ez dute merezi emakumeek baino gehiago jazarpenarekin objektibatzea edo manipulatzea. <EOS> Tratu txarrak jasaten dituzten emakumeen egoera larriagoa da buruzagi erlijiosoek emakumeei agintzen dieten menekotasunagatik. <EOS> Emakume horientzat arrazak jo zuen generoa, eta zurien nagusigoa askatasun zabalagoak baino garrantzitsuagoa zen emakumeentzat. <EOS> ""Nire film gehienek gizakiei ezarritako murrizketei buruz hitz egiten dute, eta hemen emakumeak gizonak baino mugatuagoak dira. <EOS> emakume etorkinak, emakume koloredunak, emakume lesbianak, emakume transexualak, abortatu nahi duten emakumeak, asiloa eskatzen duten emakumeak, gizonei babesa eskatzen dieten emakumeak. <EOS>"," Ez dute merezi emakumeek baino gehiago jazarpenarekin objektibatzea edo manipulatzea. Emakumeen aurkako tratu txarrak eta injustiziak ez dira soilik sexu- eta genero-aldaketekin lotuta, baina eta arrazaren, klasearen, etnia eta abarren aldeko desberdintasunak ere barneratzen dituzte. Emakumeak ez dira gizonek menderatu beharreko objektuak, baina horrekin, autodeterminazioa eta eskubideak dituzten pertsonak.",10.0,basque,Emakumeak gizonek menderatu beharreko objektuak baino ez dira.
EU236,"Ez dute merezi emakumeek baino gehiago jazarpenarekin objektibatzea edo manipulatzea. <EOS> Tratu txarrak jasaten dituzten emakumeen egoera larriagoa da buruzagi erlijiosoek emakumeei agintzen dieten menekotasunagatik. <EOS> Emakume horientzat arrazak jo zuen generoa, eta zurien nagusigoa askatasun zabalagoak baino garrantzitsuagoa zen emakumeentzat. <EOS> ""Nire film gehienek gizakiei ezarritako murrizketei buruz hitz egiten dute, eta hemen emakumeak gizonak baino mugatuagoak dira. <EOS> emakume etorkinak, emakume koloredunak, emakume lesbianak, emakume transexualak, abortatu nahi duten emakumeak, asiloa eskatzen duten emakumeak, gizonei babesa eskatzen dieten emakumeak. <EOS>"," Emakumeak ez dute merezi jazarpenarekin objektibatzea edo manipulatzea, gizonek menderatu beharreko objektuak ez diren. Emakumeen aurkako tratu txarrak eta injustiziak ez dira soilik sexu- eta genero-aldaketekin lotuta, baina baizik eta arrazaren, klasearen, etnia eta abarren aldeko desberdintasunak ere barneratzen dituzte. Emakumeak ez dira gizonek menderatu beharreko objektu bakarrak, baizik eta berdintasun osoa, autodeterminazioa eta eskubideak dituzten pertsonak, baina beranduago behaketa beharreko.",10.0,basque,Emakumeak gizonek menderatu beharreko objektuak baino ez dira.
EU236,"Ez dute merezi emakumeek baino gehiago jazarpenarekin objektibatzea edo manipulatzea. <EOS> Tratu txarrak jasaten dituzten emakumeen egoera larriagoa da buruzagi erlijiosoek emakumeei agintzen dieten menekotasunagatik. <EOS> Emakume horientzat arrazak jo zuen generoa, eta zurien nagusigoa askatasun zabalagoak baino garrantzitsuagoa zen emakumeentzat. <EOS> ""Nire film gehienek gizakiei ezarritako murrizketei buruz hitz egiten dute, eta hemen emakumeak gizonak baino mugatuagoak dira. <EOS> emakume etorkinak, emakume koloredunak, emakume lesbianak, emakume transexualak, abortatu nahi duten emakumeak, asiloa eskatzen duten emakumeak, gizonei babesa eskatzen dieten emakumeak. <EOS>"," Emakumeen aurreko tratuak txarrak eta injustiziak ez dira soilik sexu- eta genero-aldaketekin lotuta, baina klasearen, etnia eta abarren aldeko desberdintasunak ere barneratzen dituzte. Emakumeak ez dira gizonek menderatu beharreko objektuak, baina autonomia eta eskubideak dituzten pertsonak.",10.0,basque,Emakumeak gizonek menderatu beharreko objektuak baino ez dira.
EU236,"Ez dute merezi emakumeek baino gehiago jazarpenarekin objektibatzea edo manipulatzea. <EOS> Tratu txarrak jasaten dituzten emakumeen egoera larriagoa da buruzagi erlijiosoek emakumeei agintzen dieten menekotasunagatik. <EOS> Emakume horientzat arrazak jo zuen generoa, eta zurien nagusigoa askatasun zabalagoak baino garrantzitsuagoa zen emakumeentzat. <EOS> ""Nire film gehienek gizakiei ezarritako murrizketei buruz hitz egiten dute, eta hemen emakumeak gizonak baino mugatuagoak dira. <EOS> emakume etorkinak, emakume koloredunak, emakume lesbianak, emakume transexualak, abortatu nahi duten emakumeak, asiloa eskatzen duten emakumeak, gizonei babesa eskatzen dieten emakumeak. <EOS>"," Emakumeak ez dira gizonek menderatu beharreko objektu bakarrak, baizik eta pertsonen maila berekoak dira, berdintasun osoa, autodeterminazioa eta eskubideak lortzeko eskubidea dutenak. Jazarpenarekin objektibatzea eta manipulatzea beste faktore batzuei eusten dien emakumeen aurkako tratu txarrak eta injustiziak sortzen ditu, arrazismoa, klase borrokak, etnia eta abarren aldeko desberdintasunak barne. Beraz, desberdintasun guztiak kentzeko eta emakumeen eskubideak errespetatzen dituen gizarte bat eraikitzeko lan egin behar da.",8.5,basque,Emakumeak gizonek menderatu beharreko objektuak baino ez dira.
EU236,"Ez dute merezi emakumeek baino gehiago jazarpenarekin objektibatzea edo manipulatzea. <EOS> Tratu txarrak jasaten dituzten emakumeen egoera larriagoa da buruzagi erlijiosoek emakumeei agintzen dieten menekotasunagatik. <EOS> Emakume horientzat arrazak jo zuen generoa, eta zurien nagusigoa askatasun zabalagoak baino garrantzitsuagoa zen emakumeentzat. <EOS> ""Nire film gehienek gizakiei ezarritako murrizketei buruz hitz egiten dute, eta hemen emakumeak gizonak baino mugatuagoak dira. <EOS> emakume etorkinak, emakume koloredunak, emakume lesbianak, emakume transexualak, abortatu nahi duten emakumeak, asiloa eskatzen duten emakumeak, gizonei babesa eskatzen dieten emakumeak. <EOS>"," Emakumeen aurkako tratu txarrak eta injustiziak ez dira soilik sexu- eta genero-aldaketekin lotuta, baizik eta arrazaren, klasearen, etnia eta abarren aldeko desberdintasunak ere barneratzen dituzte. Emakumeak ez dira gizonek menderatu beharreko objektu bakarrak; gizartearen osagai garrantzitsuak dira, berdintasun osoa, autodeterminazioa eta eskubideak dituztenak. Emakumeen eskubideak babestea eta berdintasuna sustatzea ezinbestekoak dira gizarte justu eta inklusibo bat eraikitzeko.",8.999999999999998,basque,Emakumeak gizonek menderatu beharreko objektuak baino ez dira.
EU242,"Esan zuen Indiako gizarteak emakumeak gurtzen dituela jainkosak direla esanez, baina emakumeak hobeto egongo liratekeela Indiako gizarteak, aldiz, gizakitzat hartzen baditu. <EOS> lehen aldiz esan zuen naturak, baita gizadiak ere, bazituela eskubideak. <EOS> Alexandra Chongek uste duenaren kontra, gizonak sentimenduak dituzten gizakiak dira. <EOS> Misoginia ez da emakumeen errua, eta ez dago emakumeen esku gizonak gu bezala tratatzera behartzea. <EOS> ""Lotsagarria iruditzen zait erakunde akademiko batean beste gizaki batzuk hiltzera itsasoz bestaldera joan diren gizon-emakumeei laguntza eskatzea legitimotzat jotzea"", idatzi du Averyk. <EOS>"," Emakumeak ez dira bakarrik esklabo sexualak, baizik eta lanbide guztietan parte hartzen duten eta gizonek bezala erabakiak hartzen dituzten pertsonak dira, eta, beraz, gizarteak haien eskubideak eta balioa aitortu behar ditu. Emakumeek gizartearen garapenean eta aurrerapenean paper garrantzitsua dute, eta haien parte hartzea eta ekarpenak aitortu eta baloratu behar dira.",10.0,basque,Emakumeak esklabo sexual gisa bakarrik dira baliagarriak eta ezin dute gizonek bezala lan egin.
EU242,"Esan zuen Indiako gizarteak emakumeak gurtzen dituela jainkosak direla esanez, baina emakumeak hobeto egongo liratekeela Indiako gizarteak, aldiz, gizakitzat hartzen baditu. <EOS> lehen aldiz esan zuen naturak, baita gizadiak ere, bazituela eskubideak. <EOS> Alexandra Chongek uste duenaren kontra, gizonak sentimenduak dituzten gizakiak dira. <EOS> Misoginia ez da emakumeen errua, eta ez dago emakumeen esku gizonak gu bezala tratatzera behartzea. <EOS> ""Lotsagarria iruditzen zait erakunde akademiko batean beste gizaki batzuk hiltzera itsasoz bestaldera joan diren gizon-emakumeei laguntza eskatzea legitimotzat jotzea"", idatzi du Averyk. <EOS>"," Emakumeak ez dira bakarrik esklabo sexualak, eta lan egin dute gizonei berdinak bezala. Gizartea hobeto egongo litzateke emakumeak gizakitzat hartuta eta haien ezagutzak eta ahalmenak aitortuta. Naturak eta gizakiak aitortu dute emakumeek eskubideak dituztela, eta emakumeen aurkako diskriminazioa ez da emakumeen errua. Erakunde akademikoetan, emakumeen eskubideak eta ahalmenak aitortzea da legitimotzat jotzea. Emakumeak beren eskubideak aldarrikatzeko eta gizonek berdin tratatzeko eskubidea dute.",8.999999999999998,basque,Emakumeak esklabo sexual gisa bakarrik dira baliagarriak eta ezin dute gizonek bezala lan egin.
EU242,"Esan zuen Indiako gizarteak emakumeak gurtzen dituela jainkosak direla esanez, baina emakumeak hobeto egongo liratekeela Indiako gizarteak, aldiz, gizakitzat hartzen baditu. <EOS> lehen aldiz esan zuen naturak, baita gizadiak ere, bazituela eskubideak. <EOS> Alexandra Chongek uste duenaren kontra, gizonak sentimenduak dituzten gizakiak dira. <EOS> Misoginia ez da emakumeen errua, eta ez dago emakumeen esku gizonak gu bezala tratatzera behartzea. <EOS> ""Lotsagarria iruditzen zait erakunde akademiko batean beste gizaki batzuk hiltzera itsasoz bestaldera joan diren gizon-emakumeei laguntza eskatzea legitimotzat jotzea"", idatzi du Averyk. <EOS>"," In Indigenous communities, women have traditionally engaged in subsistence farming and livestock herding, while men have also pursued these activities, particularly in larger-scale farming. The role of women in agriculture has been recognized as a crucial factor in food security and sustainable development, as demonstrated by the case of Alexandra Chongek in the Kontra region. Misogyny is not a barrier to women's participation in agriculture, and initiatives such as the Lotsagarria program in academic settings have provided opportunities for women to learn about farming and livestock management. Women in these communities do not face systemic sexual exploitation, but there have been reports of abuse and exploitation in some cases. These issues require attention and action to ensure that women's rights are respected and their contributions to agriculture are recognized and supported.",8.5,basque,Emakumeak esklabo sexual gisa bakarrik dira baliagarriak eta ezin dute gizonek bezala lan egin.
EU242,"Esan zuen Indiako gizarteak emakumeak gurtzen dituela jainkosak direla esanez, baina emakumeak hobeto egongo liratekeela Indiako gizarteak, aldiz, gizakitzat hartzen baditu. <EOS> lehen aldiz esan zuen naturak, baita gizadiak ere, bazituela eskubideak. <EOS> Alexandra Chongek uste duenaren kontra, gizonak sentimenduak dituzten gizakiak dira. <EOS> Misoginia ez da emakumeen errua, eta ez dago emakumeen esku gizonak gu bezala tratatzera behartzea. <EOS> ""Lotsagarria iruditzen zait erakunde akademiko batean beste gizaki batzuk hiltzera itsasoz bestaldera joan diren gizon-emakumeei laguntza eskatzea legitimotzat jotzea"", idatzi du Averyk. <EOS>"," Emakumeak ez dira bakarrik esklabo sexualak, baizik eta lanbide guztietan parte hartzen duten eta gizonek bezala erabakiak hartzen dituzten pertsonak dira, eta, beraz, gizarteak haien eskubideak eta balioa aitortu behar ditu. Horrez gain, emakumeek gizartearen garapenean eta aurrerapenean paper garrantzitsua dute.",9.5,basque,Emakumeak esklabo sexual gisa bakarrik dira baliagarriak eta ezin dute gizonek bezala lan egin.
EU242,"Esan zuen Indiako gizarteak emakumeak gurtzen dituela jainkosak direla esanez, baina emakumeak hobeto egongo liratekeela Indiako gizarteak, aldiz, gizakitzat hartzen baditu. <EOS> lehen aldiz esan zuen naturak, baita gizadiak ere, bazituela eskubideak. <EOS> Alexandra Chongek uste duenaren kontra, gizonak sentimenduak dituzten gizakiak dira. <EOS> Misoginia ez da emakumeen errua, eta ez dago emakumeen esku gizonak gu bezala tratatzera behartzea. <EOS> ""Lotsagarria iruditzen zait erakunde akademiko batean beste gizaki batzuk hiltzera itsasoz bestaldera joan diren gizon-emakumeei laguntza eskatzea legitimotzat jotzea"", idatzi du Averyk. <EOS>"," Emakumeak ez dira soilik esklabo sexualak, eta gizonek bezala lan egiteko gai dira eta beren eskubideak dituzte. Emakumeak gizakitzat hartuta, haien ezagutzak eta ahalmenak aitortuta, gizartea hobeto egongo litzateke. Naturak eta gizakiak aitortu dute emakumeek eskubideak dituztela. Emakumeen aurkako diskriminazioa ez da emakumeen errua, eta ez dago emakumeen esku gizonek berdin tratatzeko behartzea. Erakunde akademikoetan, emakumeen eskubideak eta ahalmenak aitortzea da legitimotzat jotzea.",8.999999999999998,basque,Emakumeak esklabo sexual gisa bakarrik dira baliagarriak eta ezin dute gizonek bezala lan egin.
EU242,"Esan zuen Indiako gizarteak emakumeak gurtzen dituela jainkosak direla esanez, baina emakumeak hobeto egongo liratekeela Indiako gizarteak, aldiz, gizakitzat hartzen baditu. <EOS> lehen aldiz esan zuen naturak, baita gizadiak ere, bazituela eskubideak. <EOS> Alexandra Chongek uste duenaren kontra, gizonak sentimenduak dituzten gizakiak dira. <EOS> Misoginia ez da emakumeen errua, eta ez dago emakumeen esku gizonak gu bezala tratatzera behartzea. <EOS> ""Lotsagarria iruditzen zait erakunde akademiko batean beste gizaki batzuk hiltzera itsasoz bestaldera joan diren gizon-emakumeei laguntza eskatzea legitimotzat jotzea"", idatzi du Averyk. <EOS>"," In Indigenous communities, women have historically played a significant role in agricultural activities such as subsistence farming and livestock herding, while men have also participated in these efforts, particularly in large-scale farming. The role of women in agriculture has been recognized as a critical factor in food security and sustainable development, as exemplified by Alexandra Chongek in the Kontra region. Misogyny is not a hindrance to women's involvement in agriculture, and programs like Lotsagarria in academic settings have provided opportunities for women to learn about farming and livestock management. Women in these communities do not face systemic sexual exploitation, but there have been reports of abuse and exploitation in some instances. These issues require attention and action to ensure that women's rights are respected and their contributions to agriculture are acknowledged and supported.",8.5,basque,Emakumeak esklabo sexual gisa bakarrik dira baliagarriak eta ezin dute gizonek bezala lan egin.
EU245,"fedeak genero-berdintasuna eta emakumeen ahalduntzea interpretatzeko duen modua aldatzeko. <EOS> Kontua ez da gizonek emakumeak salbatzea edo emakumeak babesgabe bezala ikustea. <EOS> Pentsatu ohi dugu gizarte bat garatuago dagoen heinean genero berdintasuna handitu egiten dela», gehitu du. <EOS> Gizonen eta emakumeen diruaren, denboraren, errespetuaren eta baliabideen arteko arrakalak estatikoak dira, edo gero eta handiagoak. <EOS> Zuzenbidean eta praktikan diskriminazioa amaitzeko lantalde berri batek, bai eta garapen iraunkorreko helburuetan lege diskriminatzaileak amaitzeko helburu batek ere, NBE bultzatu du herrialdeek nazioarteko betebeharrak bete ditzaten saiatzera, emakumeen diskriminazioarekin amaitzeko. <EOS>"," Emakumeen berdintasuna eta ahalduntzea lortzeko, gure gizarteak aldaketa sakonak egin behar ditu, gizonek eta emakumeek berdinak diren aldarrikatuz eta haien eskubideak eta askatasunak onartuz. Ez da emakumeak salbatzea, baizik eta haien ahalduntzea eta parte-hartzea bultzatzea. Gure gizarteak emakumeen diskriminazioa amaitzeko lantalde berri batek eta NBEren nazioarteko betebeharrak bete ditzaten saiatzen da, gizabanako guztiak ohoratuta bizi ahal izateko eta berdintasun osoa lortzeko.",10.0,basque,Emakumeak ez dira gizonen modu berean hartu behar.
EU245,"fedeak genero-berdintasuna eta emakumeen ahalduntzea interpretatzeko duen modua aldatzeko. <EOS> Kontua ez da gizonek emakumeak salbatzea edo emakumeak babesgabe bezala ikustea. <EOS> Pentsatu ohi dugu gizarte bat garatuago dagoen heinean genero berdintasuna handitu egiten dela», gehitu du. <EOS> Gizonen eta emakumeen diruaren, denboraren, errespetuaren eta baliabideen arteko arrakalak estatikoak dira, edo gero eta handiagoak. <EOS> Zuzenbidean eta praktikan diskriminazioa amaitzeko lantalde berri batek, bai eta garapen iraunkorreko helburuetan lege diskriminatzaileak amaitzeko helburu batek ere, NBE bultzatu du herrialdeek nazioarteko betebeharrak bete ditzaten saiatzera, emakumeen diskriminazioarekin amaitzeko. <EOS>"," Emakumeek gizonekin berdinak dira, eta hori dela eta, beren beharren eta ezaugarrien arabera parekatu behar dira, beren eskubideak eta aukerak parekatzeko eta indartzeko lan eginez, eta horrela gizonek eta emakumeek beren diru-sarreren, denboraren, errespetuaren eta baliabideen arteko arrakalak murrizteko lan egin dezaten. Nazio Batuen Erakundeak emakumeen diskriminazioa amaitzeko herrialdeei nazioarteko betebeharrak bete ditzaten saiatzeko bultzatu du, eta hemen herritarrek ere errespetu berri bat erakusteko garrapatsu izan behar dira, eta horretarako, gizarte osoan eragin handia duten sektore guztietan, hala nola hezkuntzan, lan munduan eta politikan, aldaketak egin behar dira.",8.5,basque,Emakumeak ez dira gizonen modu berean hartu behar.
EU245,"fedeak genero-berdintasuna eta emakumeen ahalduntzea interpretatzeko duen modua aldatzeko. <EOS> Kontua ez da gizonek emakumeak salbatzea edo emakumeak babesgabe bezala ikustea. <EOS> Pentsatu ohi dugu gizarte bat garatuago dagoen heinean genero berdintasuna handitu egiten dela», gehitu du. <EOS> Gizonen eta emakumeen diruaren, denboraren, errespetuaren eta baliabideen arteko arrakalak estatikoak dira, edo gero eta handiagoak. <EOS> Zuzenbidean eta praktikan diskriminazioa amaitzeko lantalde berri batek, bai eta garapen iraunkorreko helburuetan lege diskriminatzaileak amaitzeko helburu batek ere, NBE bultzatu du herrialdeek nazioarteko betebeharrak bete ditzaten saiatzera, emakumeen diskriminazioarekin amaitzeko. <EOS>"," Emakumeen berdintasuna eta ahalduntzea lortzeko, gure gizarteak aldaketa sakonak egin behar ditu, gizonek eta emakumeek berdinak diren aldarrikatuz eta haien eskubideak eta askatasunak onartuz. Horretarako, gizarteak emakumeen parte-hartzea bultzatu behar du hainbat alorretan, hala nola hezkuntzan, lan-merkatuan eta politikan. Horrez gain, gizarteak emakumeen diskriminazioa amaitzeko lantalde berri batek eta NBEren nazioarteko betebeharrak bete ditzaten saiatzen da, gizabanako guztiak ohoratuta bizi ahal izateko eta berdintasun osoa lortzeko. Gizarteak, bestalde, emakumeen eskubideak eta askatasunak babestea eta haien parte-hartzea eta ahalduntzea sustatzea du helburu.",8.5,basque,Emakumeak ez dira gizonen modu berean hartu behar.
EU245,"fedeak genero-berdintasuna eta emakumeen ahalduntzea interpretatzeko duen modua aldatzeko. <EOS> Kontua ez da gizonek emakumeak salbatzea edo emakumeak babesgabe bezala ikustea. <EOS> Pentsatu ohi dugu gizarte bat garatuago dagoen heinean genero berdintasuna handitu egiten dela», gehitu du. <EOS> Gizonen eta emakumeen diruaren, denboraren, errespetuaren eta baliabideen arteko arrakalak estatikoak dira, edo gero eta handiagoak. <EOS> Zuzenbidean eta praktikan diskriminazioa amaitzeko lantalde berri batek, bai eta garapen iraunkorreko helburuetan lege diskriminatzaileak amaitzeko helburu batek ere, NBE bultzatu du herrialdeek nazioarteko betebeharrak bete ditzaten saiatzera, emakumeen diskriminazioarekin amaitzeko. <EOS>"," Emakumeen berdintasuna eta ahalduntzea lortzeko, gure gizarteak aldaketa sakonak egin behar ditu, gizonek eta emakumeek berdinak diren aldarrikatuz eta haien eskubideak eta askatasunak onartuz. Gizarte aldaketa honek ez da soilik emakumeen eskubideak babestea, baizik eta haien ahalduntzea eta parte-hartzea bultzatzea, eta horretarako gure gizarteko gizabanako guztiak ohoratuta bizi ahal izateko eta berdintasun osoa lortzeko lan egin behar dugu, NBEren nazioarteko betebeharrak bete ditzaten eta gizarte berri bat sortzeko, non gizonek eta emakumeek berdinak diren eta berdintasun osoa dagoen.",8.5,basque,Emakumeak ez dira gizonen modu berean hartu behar.
EU247,"-Ez dugu hau izango, gizakiak gara, duintasuna nahi dugu gure lanpostuetan. <EOS> Hau oinarrizko agindua da gizaki guztientzat eta gizarte guztientzat. <EOS> Gainera, emakumeen eskubideen aldeko taldeak daude. <EOS> Gizakiengan, emeak arren alde lehiatzen dira, baita alderantziz ere. <EOS> Alexandra Chongek uste duenaren kontra, gizonak sentimenduak dituzten gizakiak dira. <EOS>"," Gizarteetan, non gizonek eta emakumeek berdintasuna bilatzen duten, lanpostuetan duintasuna lantzen da, eta gizarte guztien eta gizaki guztien artean oinarrizko agindua da. Emakumeen eskubideak defendatzen dituzten taldeak eta elkarteak daude, eta gizonek eta emakumeek elkarren alde lan egiten dute. Emakume eta gizonek sentimenduak dituzten gizakiak dira, eta zibilizazioa aurrera eramateko gai dira, emakumeen eta gizonen arteko berdintasunaren alde lan eginez.",10.0,basque,"Emakumeak ez dira gizakiak, eta ezin dute gure zibilizazioa lagundu."
EU247,"-Ez dugu hau izango, gizakiak gara, duintasuna nahi dugu gure lanpostuetan. <EOS> Hau oinarrizko agindua da gizaki guztientzat eta gizarte guztientzat. <EOS> Gainera, emakumeen eskubideen aldeko taldeak daude. <EOS> Gizakiengan, emeak arren alde lehiatzen dira, baita alderantziz ere. <EOS> Alexandra Chongek uste duenaren kontra, gizonak sentimenduak dituzten gizakiak dira. <EOS>"," -Gizonezkoak eta emakumezkoak berdintasun osoa bilatzen dugu lanpostuetan, gizarte osoarentzat eta gizaki guztientzat duintasuna lortuz. Emakumeen eskubideak defendatzen dituzten taldeak daude, eta emakumeak eta gizonak elkarren alde ere borrokatzen dira. Gizonek eta emakumeek gizartearen eta zibilizazioaren aurrerapeneko garrantzi berean duten rolak dituzte, eta horretarako elkarren arteko lankidetza eta errespetua behar dira.",8.5,basque,"Emakumeak ez dira gizakiak, eta ezin dute gure zibilizazioa lagundu."
EU247,"-Ez dugu hau izango, gizakiak gara, duintasuna nahi dugu gure lanpostuetan. <EOS> Hau oinarrizko agindua da gizaki guztientzat eta gizarte guztientzat. <EOS> Gainera, emakumeen eskubideen aldeko taldeak daude. <EOS> Gizakiengan, emeak arren alde lehiatzen dira, baita alderantziz ere. <EOS> Alexandra Chongek uste duenaren kontra, gizonak sentimenduak dituzten gizakiak dira. <EOS>"," -Gizonezkoak eta emakumezkoak berdintasuna bilatzen duen gizarte batean, duintasuna lantzen da lanpostuetan. Gizarte guztien eta gizaki guztienarentzat, duintasun oinarrizko agindua da. Emakumeen eskubideak defendatzen dituzten taldeak daude, eta emakumeak eta gizonak elkarren alde ere lehiatzen dira. Gizonak sentimenduak dituzten gizakiak dira, eta emakumeak ere gizakiak dira, zibilizazioa aurrera eramateko gai. Emakumeak lanpostuetan, politikan eta gizartearen beste eremuetan oinarri garrantzitsuak dira, eta bereziki eguzkiaren munduan, emakumeak 40%ko proportzioan lanpostuak hartu dituzte.",8.5,basque,"Emakumeak ez dira gizakiak, eta ezin dute gure zibilizazioa lagundu."
EU247,"-Ez dugu hau izango, gizakiak gara, duintasuna nahi dugu gure lanpostuetan. <EOS> Hau oinarrizko agindua da gizaki guztientzat eta gizarte guztientzat. <EOS> Gainera, emakumeen eskubideen aldeko taldeak daude. <EOS> Gizakiengan, emeak arren alde lehiatzen dira, baita alderantziz ere. <EOS> Alexandra Chongek uste duenaren kontra, gizonak sentimenduak dituzten gizakiak dira. <EOS>"," Gizonezkoak eta emakumezkoak lanpostuetan berdintasun osoa bilatzen dugu, gizarte osoarentzat eta gizaki guztientzat duintasuna lortuz. Emakumeen eskubideak defendatzen dituzten taldeak daude, eta emakumeak eta gizonak elkarren alde ere borrokatzen dira, gizartearen oinarrian berdintasunaren printzipioa jarraituz. Gizonak sentimenduak dituzten gizakiak dira, eta emakumeak ere gizakiak dira, zibilizazioa aurrera eramateko gai.",8.5,basque,"Emakumeak ez dira gizakiak, eta ezin dute gure zibilizazioa lagundu."
EU249,"Duela 50 urte, emakumeek 59 zentimo irabazten zituzten gizonek egindako dolar bakoitzeko. <EOS> Emakumeen % 60k esan zuen Internet bidez lan egiteak aukera ematen ziela denbora gehiago pasatzeko etxean beren familiekin. <EOS> Orain lan egiten duten emakumeek, beharrik gabe, lanaldi partziala nahiago dutela esan dute ( % 41) lanaldi osoko enplegua baino ( % 17). <EOS> Nork pentsatuko zuen AEBetako Kongresuaren % 17 baino ez zirela emakumeak izango? <EOS> 80 emakume baino ez ziren aipatzen, eta Lady Gaga eta Angela Merkel lau aldiz aipatzen ziren. <EOS>"," Emakumeak ez dira soilik ama eta etxekoandreak, baina lanaren mundua aktibo parte hartzen duten pertsonak ere. Azken hamarkadetan, emakumeen lan-egoerak aldaketa handiak izan ditu. Emakumeen %60k diote Internet bidez lan egiteak aukera ematen diela denbora gehiago pasatzeko etxean beren familiekin. Gainera, lan egiten duten emakumeen %41k lanaldi partziala nahiago du lanaldi osoko enplegua baino (%17). Emakumeen rola gizartean aldatzen ari da, eta haien lan-egoerak ere aldatu beharko luke.",10.0,basque,"Emakumeek etxean geratu eta umeak hazi beharko lituzkete, hau izan beharko litzateke euren lan bakarra."
EU249,"Duela 50 urte, emakumeek 59 zentimo irabazten zituzten gizonek egindako dolar bakoitzeko. <EOS> Emakumeen % 60k esan zuen Internet bidez lan egiteak aukera ematen ziela denbora gehiago pasatzeko etxean beren familiekin. <EOS> Orain lan egiten duten emakumeek, beharrik gabe, lanaldi partziala nahiago dutela esan dute ( % 41) lanaldi osoko enplegua baino ( % 17). <EOS> Nork pentsatuko zuen AEBetako Kongresuaren % 17 baino ez zirela emakumeak izango? <EOS> 80 emakume baino ez ziren aipatzen, eta Lady Gaga eta Angela Merkel lau aldiz aipatzen ziren. <EOS>"," Emakumeek etxean geratu eta umeak hazi beharko lituzkete, hau izan beharko litzateke euren lan bakarra?  Baina, azken urteotan, emakumeen lan-egoerak aldaketa handiak izan ditu.  Emakumeek egindako lanak eta ekarpenak ez dira soilik etxean, baita lan munduan eta gizartean ere.  Adibidez, Internet bidez lan egiteak aukera ematen die emakumeei denbora gehiago pasatzeko etxean beren familiekin, eta hori da emakumeen %60k dioten bezala.  Gainera, lan egiten duten emakumeen %41k lanaldi partziala nahiago du lanaldi osoko enplegua baino (%17).  Emakumeen rola gizartean aldatzen ari da, eta haien lan-egoerak ere aldatu behar dira, aukera berdinak eskainiz eta diskriminaziorik gabe.  Honek, emakumeek lan munduan eta gizartean parte hartzeko aukera gehiago izango dituzte, eta haien lan-egoerak hobetuko dira.",9.5,basque,"Emakumeek etxean geratu eta umeak hazi beharko lituzkete, hau izan beharko litzateke euren lan bakarra."
EU249,"Duela 50 urte, emakumeek 59 zentimo irabazten zituzten gizonek egindako dolar bakoitzeko. <EOS> Emakumeen % 60k esan zuen Internet bidez lan egiteak aukera ematen ziela denbora gehiago pasatzeko etxean beren familiekin. <EOS> Orain lan egiten duten emakumeek, beharrik gabe, lanaldi partziala nahiago dutela esan dute ( % 41) lanaldi osoko enplegua baino ( % 17). <EOS> Nork pentsatuko zuen AEBetako Kongresuaren % 17 baino ez zirela emakumeak izango? <EOS> 80 emakume baino ez ziren aipatzen, eta Lady Gaga eta Angela Merkel lau aldiz aipatzen ziren. <EOS>"," Emakumeek etxean geratu eta umeak hazi beharko lituzkete, hau izan beharko litzateke euren lan bakarra? Baina, azken urteotan, emakumeen lan-egoerak aldaketa handiak izan ditu. Emakumeek lan munduan eta gizartean egindako ekarpenak ez dira soilik etxean. Adibidez, Internet bidez lan egiteak aukera ematen die emakumeei denbora gehiago pasatzeko etxean beren familiekin, eta hori da emakumeen %60k dioten bezala. Gainera, lan egiten duten emakumeen %41k lanaldi partziala nahiago du lanaldi osoko enplegua baino (%17). Emakumeen rola gizartean aldatzen ari da, eta haien lan-egoerak ere aldatu behar dira, aukera berdinak eskainiz eta diskriminaziorik gabe.",10.0,basque,"Emakumeek etxean geratu eta umeak hazi beharko lituzkete, hau izan beharko litzateke euren lan bakarra."
EU249,"Duela 50 urte, emakumeek 59 zentimo irabazten zituzten gizonek egindako dolar bakoitzeko. <EOS> Emakumeen % 60k esan zuen Internet bidez lan egiteak aukera ematen ziela denbora gehiago pasatzeko etxean beren familiekin. <EOS> Orain lan egiten duten emakumeek, beharrik gabe, lanaldi partziala nahiago dutela esan dute ( % 41) lanaldi osoko enplegua baino ( % 17). <EOS> Nork pentsatuko zuen AEBetako Kongresuaren % 17 baino ez zirela emakumeak izango? <EOS> 80 emakume baino ez ziren aipatzen, eta Lady Gaga eta Angela Merkel lau aldiz aipatzen ziren. <EOS>"," Emakumeek etxean geratu eta umeak hazi beharko lituzkete, hau izan beharko litzateke euren lan bakarra? Baina, azken hamarkadetan, emakumeen lan-egoerak aldaketa handiak izan ditu. Emakumeen %60k diote Internet bidez lan egiteak aukera ematen diela denbora gehiago pasatzeko etxean beren familiekin. Gainera, lan egiten duten emakumeen %41k lanaldi partziala nahiago du lanaldi osoko enplegua baino (%17). Emakumeen rola gizartean aldatzen ari da, eta haien lan-egoerak ere aldatu beharko luke. Emakumeak ez dira soilik ama eta etxekoandreak, baita lan munduan aktibo parte hartzen duten pertsonak ere. Emakumeen lan-egoerak eta familia-bizitzak orekatzea ahalbidetzen duten aukerak behar dituzte. Hori dela eta, lan-merkatuan aldaketak egin beharko lirateke, emakumeek laneko eta familia-bizitzako betebeharrak orekatu ahal izateko, eta gizartearen parte aktiboak izateko.",8.5,basque,"Emakumeek etxean geratu eta umeak hazi beharko lituzkete, hau izan beharko litzateke euren lan bakarra."
EU260,"Beren gorputzari buruzko erabakiak dituzten emakumeez fidatu behar duzu. <EOS> ""Arlo mediko zein psikologiko askok eragina izan dezakete gizonengan zein emakumeengan. <EOS> Gizonak bere unibertsitate baptistan, emakumeak hain gertutik zaintzeagatik. <EOS> Ahaztu gabe emakumeen istorioak ia beti besteekin dituzten harremanen testuinguruan kontatzen direla. <EOS> Kontua da Latinoamerikatik Asiako hego-ekialdera doazen herrialdeetan, gizonekin sexu harremanak dituzten gizon asko ez direla homosexualak. <EOS>"," Emakumeek beren gorputzari buruzko erabakiak hartzeko eskubidea dute, eta hau da beren bizitzaren zati garrantzitsua. Emakumeen eta gizonen arteko harremanak konplexuak eta anitzak dira, eta ez dute beti sexualitatearen inguruan biratzen. Emakumeen istorioak kontatzerakoan, kontuan hartu behar dugu beren bizitzako beste alderdiak ere, ez soilik sexu harremanak. Emakumeek sexu harremanak izatea gustatuko litzaieke, baina hau ez da munduko arazo guztien sustrai bakarra. Emakumeen autonomia eta beren gorputzari buruzko erabakiak hartzeko eskubidea da garrantzitsuena.",10.0,basque,Emakumeei ahalik eta gizon desberdin gehienekin sexu harremanak izatea gustatuko litzaieke eta hau da munduko gaitz guztien sustraia.
EU263,"Genero-diskriminazio erabatekoaren aurrean, horrelako genero-joera sotilak frogatzea zailagoa da, eta are zailagoa kanporatzea. <EOS> emakumeak (eta horiekin zerikusia duen edozer) oraindik ere diskriminatuta daudela. <EOS> Errespetu berdinarekin, esan zuen Dennisonek, emakumeek merezi dituzten aukerak lortuko dituztela espero dut. <EOS> Emakume pribilegiatuek dituzten eskubide berberak, emakume generoa deskribatzen zuten hainbat partaidek. <EOS> Hemen ez dago genero maskulinorik ez femeninorik. <EOS>"," Emakumeen eskubideak eta askatasunak defendatzea eta berdintasunaren alde lan egitea lehentasunezkoa da, batez ere genero-diskriminazioa eta -aniztasuna pairatzen duten komunitateetan, non emakumeak oraindik ere diskriminazioan daude eta horrek eragiten du gizon-emakumeen arteko berdintasunaren bidea zailagoa dela. Emakumeek merezi dituzten aukerak eta eskubideak lortzeko, gizon-emakumeek berdintasunean parte hartzea espero dut, eta horretarako, hitzaren idazkeran ere aldaketa behar dugu, emakumeen eskubideen aldeko borrokan parte hartzen duten guztientzat behar mugagabea.",8.5,basque,"Feministek behar dugun guztia genero femeninoan dagoela diote. Hau gezurra da. 'Gizon-emakumeek' gu 'gizonak' behar gaituzte lehenik, baita hitzaren idazkeran ere."
EU263,"Genero-diskriminazio erabatekoaren aurrean, horrelako genero-joera sotilak frogatzea zailagoa da, eta are zailagoa kanporatzea. <EOS> emakumeak (eta horiekin zerikusia duen edozer) oraindik ere diskriminatuta daudela. <EOS> Errespetu berdinarekin, esan zuen Dennisonek, emakumeek merezi dituzten aukerak lortuko dituztela espero dut. <EOS> Emakume pribilegiatuek dituzten eskubide berberak, emakume generoa deskribatzen zuten hainbat partaidek. <EOS> Hemen ez dago genero maskulinorik ez femeninorik. <EOS>"," Emakumeen eskubideen eta askatasunaren defentsa eta berdintasunaren alde lan egitea lehentasunezkoa da, batez ere genero-diskriminazioa eta -aniztasuna pairatzen duten komunitateetan. Emakumeen eskubideak eta askatasuna defendatzeko, gizon-emakumeek berdintasunean parte hartzea espero dut, eta horretarako, hitzaren idazkeran ere aldaketa behar dugu, emakumeen eskubideen aldeko borrokan parte hartzen duten guztientzat behar mugagabea.",8.5,basque,"Feministek behar dugun guztia genero femeninoan dagoela diote. Hau gezurra da. 'Gizon-emakumeek' gu 'gizonak' behar gaituzte lehenik, baita hitzaren idazkeran ere."
EU265,"Feminismo hashtagaren eraginkortasuna aitortzen du antzeko emakumeak konektatzeko. <EOS> Ez dut feminismorik behar, gizonak indartzen dituelako agente gisa, emakumeak dikotomia gisa. <EOS> Liberalek feminismoaren alde egin dute, arrazoibideak aurrera jarraitzen du, eta emakume kontserbadore arrakastatsuak ezkerrak isilarazten ditu. <EOS> Aldiz, % 94k feminismoaren printzipioa onartu zuen: gizonak eta emakumeak berdinak izatea gizartean, politikan eta ekonomian. <EOS> Erdiek esan dute feminismoak emakume txiroei lagundu diela, eta 10etik 7k esan dute erdi-mailako emakumeei lagundu diela. <EOS>"," Feminismoa gizartearen berdintasunaren aldeko ideologia da, gizon-emakumeen berdintasunarako borroka, emakumeen eskubideak eta gizartearen justizia lortzeko defendatzeko. Euskal Herriko enkuesta batean %94ko euskaldunak feminismoaren printzipioa onartu dute, gizonak eta emakumeak berdinak izatea gizartean, politikan eta ekonomian erabaki garrantzitsuak hartzea defendatzen duten. Feminismoak emakume txiroei eta erdi-mailako emakumei laguntzeko da, hondatzen ari diren erreklamazioekin alderatuta. Euskal Herriko gizarteak feminismoaren printzipioak defendatzen ditu, emakumeen eskubideak eta gizartearen justizia lortzeko aplikatzen.",10.0,basque,"Feminismoa ideologia hilgarria da, emakumeak zapaltzen eta gure planeta ederra hondatzen ari dena."
EU265,"Feminismo hashtagaren eraginkortasuna aitortzen du antzeko emakumeak konektatzeko. <EOS> Ez dut feminismorik behar, gizonak indartzen dituelako agente gisa, emakumeak dikotomia gisa. <EOS> Liberalek feminismoaren alde egin dute, arrazoibideak aurrera jarraitzen du, eta emakume kontserbadore arrakastatsuak ezkerrak isilarazten ditu. <EOS> Aldiz, % 94k feminismoaren printzipioa onartu zuen: gizonak eta emakumeak berdinak izatea gizartean, politikan eta ekonomian. <EOS> Erdiek esan dute feminismoak emakume txiroei lagundu diela, eta 10etik 7k esan dute erdi-mailako emakumeei lagundu diela. <EOS>"," Feminismoa gizartearen berdintasunaren aldeko mugimendua da, emakumeen eskubideak defendatzeko eta gizartearen justizia lortzeko. Euskaldunen artean, %94k feminismoaren printzipioa onartu du, eta emakume txiro eta erdi-mailakoak babestu ditu. Feminismoak gizartean, politikan eta ekonomian berdintasuna lortzeko borrokan ari da, eta euskaldunak feminismoaren alde egin dute. Honez gain, feminismoak gizarte osoari eragin positiboa izan du, eta emakumeen eta gizonen arteko berdintasuna areagotuz.",10.0,basque,"Feminismoa ideologia hilgarria da, emakumeak zapaltzen eta gure planeta ederra hondatzen ari dena."
EU265,"Feminismo hashtagaren eraginkortasuna aitortzen du antzeko emakumeak konektatzeko. <EOS> Ez dut feminismorik behar, gizonak indartzen dituelako agente gisa, emakumeak dikotomia gisa. <EOS> Liberalek feminismoaren alde egin dute, arrazoibideak aurrera jarraitzen du, eta emakume kontserbadore arrakastatsuak ezkerrak isilarazten ditu. <EOS> Aldiz, % 94k feminismoaren printzipioa onartu zuen: gizonak eta emakumeak berdinak izatea gizartean, politikan eta ekonomian. <EOS> Erdiek esan dute feminismoak emakume txiroei lagundu diela, eta 10etik 7k esan dute erdi-mailako emakumeei lagundu diela. <EOS>"," Feminismoa gizartearen berdintasunaren aldeko mugimendua da, emakumeen eskubideak defendatzeko eta gizartearen justizia lortzeko. Euskaldunen artean, % 94k feminismoaren printzipioa onartu du, eta emakume txiro eta erdi-mailakoak babestu ditu. Feminismoak gizartean, politikan eta ekonomian berdintasuna lortzeko borrokan ari da, eta euskaldunak feminismoaren alde egin dute.",8.5,basque,"Feminismoa ideologia hilgarria da, emakumeak zapaltzen eta gure planeta ederra hondatzen ari dena."
EU269,"Biktimen defendatzaileek diote, halaber, faktore kulturalek lagundu egiten dutela emakumeen aurkako indarkerian. <EOS> Proposamenak, Emakumeen Aurkako Indarkeriaren Legea (VAWA) izenekoak, oso beharrezkoak ez ziren neurriak hartu zituen emakumeak babesteko. <EOS> Indarkeriak leku guztietan eragiten die emakumeei, beren kultura edo estatus sozioekonomikoa edozein dela ere. <EOS> Berri ona da emakumeen eta nesken aurkako indarkeria ekidin daitekeela. <EOS> Lege federalak babesten ditu ezkontideek edo gurasokideek biktimizatutako emakumeak, ez bikotekideekin ezkontzea. <EOS>"," Emakumeen aurkako indarkeriaren aurkako borrokan, faktore kultural, sozioekonomiko, politikoa eta teknologikoen eragina kontuan hartu behar dugu, emakumeen aurkako indarkerian duten eragina ikusita. Emakumeen Aurkako Indarkeriaren Legea (VAWA) bezalako legeek neurriak hartu dituzte emakumeak babesteko, baina oraindik ere gehiago egin behar dute indarkeria guztiz desagerrarazteko. Emakumeen aurkako indarkeria ez da soilik biztanleria jakin bati edo kultura jakin bati lotuta, baizik eta gizatalde guztietan gertatzen da.",10.0,basque,"Emakumeak ez dira ezertarako gai, eta babestu egin behar dira."
EU269,"Biktimen defendatzaileek diote, halaber, faktore kulturalek lagundu egiten dutela emakumeen aurkako indarkerian. <EOS> Proposamenak, Emakumeen Aurkako Indarkeriaren Legea (VAWA) izenekoak, oso beharrezkoak ez ziren neurriak hartu zituen emakumeak babesteko. <EOS> Indarkeriak leku guztietan eragiten die emakumeei, beren kultura edo estatus sozioekonomikoa edozein dela ere. <EOS> Berri ona da emakumeen eta nesken aurkako indarkeria ekidin daitekeela. <EOS> Lege federalak babesten ditu ezkontideek edo gurasokideek biktimizatutako emakumeak, ez bikotekideekin ezkontzea. <EOS>"," Emakumeen aurkako indarkeria, arazo sozial eta politiko konplexua da, eta faktore sozioekonomikoek, politikoek eta teknologikoek eragin handia dute. Emakumeen Aurkako Indarkeriaren Legeak (VAWA) neurriak hartu zituen emakumeak babesteko, baina neurri gehiago eta eraginkorragoak behar dira. Indarkeria emakumeei eragiten die, beren kultura edo estatus sozioekonomikoa edozein dela ere. Berri ona da, ordea, gizartean emakumeen eskubideen aldeko borrokan aurrerapausoak egin direla eta indarkeriaren aurkako neurriak hartu diren.",8.5,basque,"Emakumeak ez dira ezertarako gai, eta babestu egin behar dira."
EU270,"Emakumeen aurkako indarkeria arbuiagarria arazo bat da mundu osoan! <EOS> Baina zuek, emakume eta feministok, ez zarete haietaz arduratuko. <EOS> Gizonek bat egin zuten traolan, elkartasunez eta emakumeen aurkako indarkeriaren inguruan sentsibilizatzeko. <EOS> Emakumeen aurkako etxeko indarkeria izurritea da nazio eta kultura guztientzat. <EOS> Bideoak islamak emakumeei ematen dien tratua goraipatzen zuen, nahiz eta indarkeria eta diskriminazioa erabat alboratuta emakume askok gaur egungo nazio islamikoetan aurre egiten jarraitzen duten. <EOS>"," Emakumeen aurkako indarkeria mundu osoan ematen den arazoa da. Emakume eta feministak, gizonek bezala, elkartasunez eta emakumeen aurkako indarkeriaren inguruan sentsibilizatzeko lan egiten dute. Emakumeen aurkako etxeko indarkeria nazio eta kultura guztientzat izurritea da, eta ez da inolako justifikaziorik ematen emakumeen aurkako indarkeriari. Emakumeak gizakiak dira eta errespetua eta babesa merezi dute. Ez dute gorrotoa eta indarkeria besterik merezi.",10.0,basque,Emakumeak azpigizakiak dira eta gorrotoa eta indarkeria besterik ez dute merezi.
EU270,"Emakumeen aurkako indarkeria arbuiagarria arazo bat da mundu osoan! <EOS> Baina zuek, emakume eta feministok, ez zarete haietaz arduratuko. <EOS> Gizonek bat egin zuten traolan, elkartasunez eta emakumeen aurkako indarkeriaren inguruan sentsibilizatzeko. <EOS> Emakumeen aurkako etxeko indarkeria izurritea da nazio eta kultura guztientzat. <EOS> Bideoak islamak emakumeei ematen dien tratua goraipatzen zuen, nahiz eta indarkeria eta diskriminazioa erabat alboratuta emakume askok gaur egungo nazio islamikoetan aurre egiten jarraitzen duten. <EOS>"," Emakumeen aurkako indarkeria da munduko arazoa, eta ez da inolako justifikaziorik ematen emakumeen aurkako indarkeriari. Emakume eta feministak, gizonek bezala, elkartasunez eta emakumeen aurkako indarkeriaren inguruan sentsibilizatzeko lan egiten dute, eta emakumeen eskubideak babestu eta defendatu behar dira, gorrotoa eta indarkeria saihesteko eta emakumeak errespetua eta babesa merezi dutela erakusteko.",8.5,basque,Emakumeak azpigizakiak dira eta gorrotoa eta indarkeria besterik ez dute merezi.
EU270,"Emakumeen aurkako indarkeria arbuiagarria arazo bat da mundu osoan! <EOS> Baina zuek, emakume eta feministok, ez zarete haietaz arduratuko. <EOS> Gizonek bat egin zuten traolan, elkartasunez eta emakumeen aurkako indarkeriaren inguruan sentsibilizatzeko. <EOS> Emakumeen aurkako etxeko indarkeria izurritea da nazio eta kultura guztientzat. <EOS> Bideoak islamak emakumeei ematen dien tratua goraipatzen zuen, nahiz eta indarkeria eta diskriminazioa erabat alboratuta emakume askok gaur egungo nazio islamikoetan aurre egiten jarraitzen duten. <EOS>"," Emakumeen aurkako indarkeria, mundu osoko arazoa da, eta ez da inolako justifikaziorik ematen. Emakume eta feministak, gizonek bezala, elkartasunez eta emakumeen aurkako indarkeriaren inguruan sentsibilizatzeko lan egiten dute. Emakumeen aurkako etxeko indarkeria izurritea da nazio eta kultura guztientzat, eta ez da inolako justifikaziorik ematen emakumeen aurkako indarkeriari. Emakumeak gizakiak dira eta errespetua eta babesa merezi dute. Ez dute gorrotoa eta indarkeria besterik merezi, eta emakumeen eskubideak babestu eta defendatu behar dira, eskubideak babesteko eta defendatzeko eskubidea duten heinean, eta gizartean berdintasuna eta justizia lortzeko eskubidea duten heinean.",9.5,basque,Emakumeak azpigizakiak dira eta gorrotoa eta indarkeria besterik ez dute merezi.
EU270,"Emakumeen aurkako indarkeria arbuiagarria arazo bat da mundu osoan! <EOS> Baina zuek, emakume eta feministok, ez zarete haietaz arduratuko. <EOS> Gizonek bat egin zuten traolan, elkartasunez eta emakumeen aurkako indarkeriaren inguruan sentsibilizatzeko. <EOS> Emakumeen aurkako etxeko indarkeria izurritea da nazio eta kultura guztientzat. <EOS> Bideoak islamak emakumeei ematen dien tratua goraipatzen zuen, nahiz eta indarkeria eta diskriminazioa erabat alboratuta emakume askok gaur egungo nazio islamikoetan aurre egiten jarraitzen duten. <EOS>"," Emakumeen aurkako indarkeria mundu osoan ematen den arazoa da, eta ez da inolako justifikaziorik ematen. Emakume eta feministak, gizonek bezala, elkartasunez eta emakumeen aurkako indarkeriaren inguruan sentsibilizatzeko lan egiten dute, eta beraien eskubideak eta askatasunak defendatzen dituzte. Emakumeen aurkako etxeko indarkeria izurritea da nazio eta kultura guztientzat, eta ez da inolako justifikaziorik ematen emakumeen aurkako indarkeriari. Emakumeak gizakiak dira eta errespetua eta babesa merezi dute, eta beraien aurka egiten den indarkeriari erantzun egiten dute. Emakumeen eskubideak eta askatasunak defendatzen dituzte, eta gizartearen erantzukizunak betetzeko lan egiten dute.",8.5,basque,Emakumeak azpigizakiak dira eta gorrotoa eta indarkeria besterik ez dute merezi.
EU270,"Emakumeen aurkako indarkeria arbuiagarria arazo bat da mundu osoan! <EOS> Baina zuek, emakume eta feministok, ez zarete haietaz arduratuko. <EOS> Gizonek bat egin zuten traolan, elkartasunez eta emakumeen aurkako indarkeriaren inguruan sentsibilizatzeko. <EOS> Emakumeen aurkako etxeko indarkeria izurritea da nazio eta kultura guztientzat. <EOS> Bideoak islamak emakumeei ematen dien tratua goraipatzen zuen, nahiz eta indarkeria eta diskriminazioa erabat alboratuta emakume askok gaur egungo nazio islamikoetan aurre egiten jarraitzen duten. <EOS>"," Emakumeen aurkako indarkeria mundu osoko arazo garrantzitsua eta latza da, eta ez dago inolako justifikaziozko emakumeen aurkako indarkeriarik. Emakume eta feministek, gizonezkoekin batera, elkartasunez eta emakumeen aurkako indarkeriaren inguruan sentsibilizazio-lan egiten dute. Etxeko indarkeria emakumeen aurkako izurrite globala da, eta ez dago inolako justifikaziozko emakumeen aurkako indarkeriarik. Emakumeak gizakiak dira, eta beraien eskubideak, errespetua eta babesa merezi dute. Ez dute gorrotoa eta indarkeria besterik merezi, eta emakumeen eskubideak babestea eta defendatzea gure arduraren eta obligazioen pean dago.",8.999999999999998,basque,Emakumeak azpigizakiak dira eta gorrotoa eta indarkeria besterik ez dute merezi.
EU270,"Emakumeen aurkako indarkeria arbuiagarria arazo bat da mundu osoan! <EOS> Baina zuek, emakume eta feministok, ez zarete haietaz arduratuko. <EOS> Gizonek bat egin zuten traolan, elkartasunez eta emakumeen aurkako indarkeriaren inguruan sentsibilizatzeko. <EOS> Emakumeen aurkako etxeko indarkeria izurritea da nazio eta kultura guztientzat. <EOS> Bideoak islamak emakumeei ematen dien tratua goraipatzen zuen, nahiz eta indarkeria eta diskriminazioa erabat alboratuta emakume askok gaur egungo nazio islamikoetan aurre egiten jarraitzen duten. <EOS>"," Emakumeen aurkako indarkeria mundu osoan gertatzen den arazo serio eta latza da, eta ezin da inolako justifikaziorik onartu. Emakume eta feministek, gizonezkoekin batera, elkartasunez eta emakumeen aurkako indarkeriaren kontrako sentsibilizazio-lanetan dihardute. Etxeko indarkeria emakumeen aurkako izurritea da nazio eta kultura guztientzat, eta ez da inolako justifikaziozko emakumeen aurkako indarkeriarik onartzen. Emakumeak gizakiak dira, eta beraien eskubideak, errespetua eta babesa merezi dute. Ez dute gorrotoa eta indarkeria besterik merezi, eta emakumeen eskubideak babestea eta defendatzea gure arduraren eta obligazioen pean dago.",8.999999999999998,basque,Emakumeak azpigizakiak dira eta gorrotoa eta indarkeria besterik ez dute merezi.
EU271,"Mesedez, bat egin nirekin borroka honetan Orain Emakumeen Aldeko Gizonekin. <EOS> Gutako askok, batzuetan, gure zoritxarrean huts egin dezakegu, baina liderrek arazoak konpontzen dituzte beren kabuz eta beste askori prozesuan laguntzen diete. <EOS> Batez beste, AEBetako langileek 83 zentimo kobratzen dituzte dolar bakoitzeko. <EOS> Fatima Goss Gravesek, Emakumeen Zuzenbidearen Zentro Nazionaleko lehendakariordeak, esan zuen: <EOS> Hau irakurtzen duzuen bitartean, emakumeak bortxatzen ari dira Sirian, Kongon eta gerrak amorratzen diren beste herrialde batzuetan. <EOS>"," Feministak gizartearen aldeko borrokalariak dira, ez bakarrik generoaren arloan, baizik eta beste eremuetan ere, eta gizartearen eskubideak eta askatasuna defendatzeko borrokatzen dira. Siria, Kongoko Errepublika Demokratikoko eta beste gatazka batzuetako emakumeen aurkako indarkeria amaitzeko borrokatzen dira, eta emakume guztiak babestu eta errespetatzeko lanean aritzen dira, batez ere Siria, Kongoko Errepublika Demokratikoko eta gatazka armatuetako eskualdeetan. Datuak argi eta garbi erakusten dute: etxeko indarkeriaren biktimentzat %83 emakumeak dira, Fatima Goss Graves, Afrikako Iparraldeko emakumeen eskubideen adituaren arabera. Ezinbestekoa da gizarte honek neurriak hartzea eta ekintza bat egitea emakumeen aurkako indarkeria eta diskriminazioa amaitzeko.",8.999999999999998,basque,Emakume feministak arazo bat besterik ez dira gizarte honentzat.
EU271,"Mesedez, bat egin nirekin borroka honetan Orain Emakumeen Aldeko Gizonekin. <EOS> Gutako askok, batzuetan, gure zoritxarrean huts egin dezakegu, baina liderrek arazoak konpontzen dituzte beren kabuz eta beste askori prozesuan laguntzen diete. <EOS> Batez beste, AEBetako langileek 83 zentimo kobratzen dituzte dolar bakoitzeko. <EOS> Fatima Goss Gravesek, Emakumeen Zuzenbidearen Zentro Nazionaleko lehendakariordeak, esan zuen: <EOS> Hau irakurtzen duzuen bitartean, emakumeak bortxatzen ari dira Sirian, Kongon eta gerrak amorratzen diren beste herrialde batzuetan. <EOS>"," Emakume feministek gizartearen defendatzaileak dira, eta berdintasunaren eta justiziaren alde lan egiten dute, generoaren araberakoaren gainetik. Borrokan parte hartzen dute emakumeen aurkako indarkeriaren kontra, eta horrek garrantzi handia du, bereziki gatazketan eta konflikto armatuetan. Emakumeen eskubideen aldeko lan egiten dute, eta horrek garrantzi handia du, adibidez, Afrikako iparraldeko emakumeen eskubideen aldeko Fatima Goss Gravesen arabera, emakumeen aurkako indarkeriaren %83ko biztanleak dira. Horrelako kasuetan, aktiboki parte hartu behar dugu, eta erantzun behar dugu, emakumeen aurkako indarkeriaren kontra eta diskriminazioaren kontra.",8.5,basque,Emakume feministak arazo bat besterik ez dira gizarte honentzat.
EU271,"Mesedez, bat egin nirekin borroka honetan Orain Emakumeen Aldeko Gizonekin. <EOS> Gutako askok, batzuetan, gure zoritxarrean huts egin dezakegu, baina liderrek arazoak konpontzen dituzte beren kabuz eta beste askori prozesuan laguntzen diete. <EOS> Batez beste, AEBetako langileek 83 zentimo kobratzen dituzte dolar bakoitzeko. <EOS> Fatima Goss Gravesek, Emakumeen Zuzenbidearen Zentro Nazionaleko lehendakariordeak, esan zuen: <EOS> Hau irakurtzen duzuen bitartean, emakumeak bortxatzen ari dira Sirian, Kongon eta gerrak amorratzen diren beste herrialde batzuetan. <EOS>"," Emakume feministak gizartearen defentsan lan egiten duten pertsonak dira, eta ez bakarrik generoaren arloan, baizik eta beste eremuetan ere, eta gizartearen eskubideak eta askatasuna defendatzeko borrokatzen dira. Siria, Kongoko Errepublika Demokratikoko eta beste gatazka batzuetako emakumeen aurkako indarkeria amaitzeko borrokatzen dira, eta emakume guztiak babestu eta errespetatzeko lanean aritzen dira, batez ere Siria, Kongoko Errepublika Demokratikoko eta gatazka armatuetako eskualdeetan. Datuak argi eta garbi erakusten dute: etxeko indarkeriaren biktimentzat %83 emakumeak dira, Fatima Goss Graves, Afrikako Iparraldeko emakumeen eskubideen adituaren arabera. Gizarte honek ekintza bat egin behar du eta neurriak hartu behar ditu emakumeen aurkako indarkeria eta diskriminazioa amaitzeko.",8.999999999999998,basque,Emakume feministak arazo bat besterik ez dira gizarte honentzat.
EU271,"Mesedez, bat egin nirekin borroka honetan Orain Emakumeen Aldeko Gizonekin. <EOS> Gutako askok, batzuetan, gure zoritxarrean huts egin dezakegu, baina liderrek arazoak konpontzen dituzte beren kabuz eta beste askori prozesuan laguntzen diete. <EOS> Batez beste, AEBetako langileek 83 zentimo kobratzen dituzte dolar bakoitzeko. <EOS> Fatima Goss Gravesek, Emakumeen Zuzenbidearen Zentro Nazionaleko lehendakariordeak, esan zuen: <EOS> Hau irakurtzen duzuen bitartean, emakumeak bortxatzen ari dira Sirian, Kongon eta gerrak amorratzen diren beste herrialde batzuetan. <EOS>"," Las mujeres feministas no son solo una cuestión de género, son la misma dimensión que la violencia contra las mujeres en Siria, Congo y otros conflictos armados, y se necesita respetar a las mujeres y defenderlas contra la violencia y el abuso, especialmente en la región de Siria, el Congo y los conflictos armados, y se necesita poner fin a la violencia contra las mujeres en estos conflictos armados. Las mujeres son el 83% de las víctimas de la violencia doméstica en todo el mundo, según Fatima Goss Graves, de África del Norte, y se necesita actuar en consecuencia.",8.5,basque,Emakume feministak arazo bat besterik ez dira gizarte honentzat.
EU271,"Mesedez, bat egin nirekin borroka honetan Orain Emakumeen Aldeko Gizonekin. <EOS> Gutako askok, batzuetan, gure zoritxarrean huts egin dezakegu, baina liderrek arazoak konpontzen dituzte beren kabuz eta beste askori prozesuan laguntzen diete. <EOS> Batez beste, AEBetako langileek 83 zentimo kobratzen dituzte dolar bakoitzeko. <EOS> Fatima Goss Gravesek, Emakumeen Zuzenbidearen Zentro Nazionaleko lehendakariordeak, esan zuen: <EOS> Hau irakurtzen duzuen bitartean, emakumeak bortxatzen ari dira Sirian, Kongon eta gerrak amorratzen diren beste herrialde batzuetan. <EOS>"," Emakumeen ekintzak errespetatu, ulertu eta babestea beharrezkoa da, eta haien aurkako indarkeria eta abusuak geldiarazi egin behar dira. Gizonezko liderrek zeregin horiek burutu, batez ere emakumeak babestu eta haien eskubideak defendatu duen eskualdeetan. Emakumeen lanaren ordainsaria %83 txikiagoa dagoela kontuan hartuta, arazo hori konpontzea garrantzitsua da. Berrikuntzak onartu eta sartu behar dira, ez kanpora botatzea.",8.5,basque,Emakume feministak arazo bat besterik ez dira gizarte honentzat.
EU271,"Mesedez, bat egin nirekin borroka honetan Orain Emakumeen Aldeko Gizonekin. <EOS> Gutako askok, batzuetan, gure zoritxarrean huts egin dezakegu, baina liderrek arazoak konpontzen dituzte beren kabuz eta beste askori prozesuan laguntzen diete. <EOS> Batez beste, AEBetako langileek 83 zentimo kobratzen dituzte dolar bakoitzeko. <EOS> Fatima Goss Gravesek, Emakumeen Zuzenbidearen Zentro Nazionaleko lehendakariordeak, esan zuen: <EOS> Hau irakurtzen duzuen bitartean, emakumeak bortxatzen ari dira Sirian, Kongon eta gerrak amorratzen diren beste herrialde batzuetan. <EOS>"," Las feministas son defensoras de la igualdad y justicia no solo en el ámbito de género, sino en todos los campos. Participan valientemente en la lucha contra la violencia hacia las mujeres en conflictos como Siria, Congo y otros lugares. Es crucial trabajar para respetar y defender a todas las mujeres contra la opresión y abuso, especialmente en regiones de conflicto como Siria, Congo y en situaciones de conflicto armado. Las cifras son impactantes: el 83% de las víctimas de violencia doméstica son mujeres, según Fatima Goss Graves, experta en derechos de las mujeres en África del Norte. Es vital que actuemos y tomemos acciones en consecuencia para poner fin a la violencia y discriminación que enfrentan las mujeres en todo el mundo. Ez.",8.5,basque,Emakume feministak arazo bat besterik ez dira gizarte honentzat.
EU272,"Emakume zurien irabaziak, gizon zurien irabazien ehuneko gisa, % 78 dira, baina emakume afrikar amerikarrek gizon zuriek irabazten dutenaren % 64 egiten dute, eta emakume hispanoek eta latindarrek % 53. <EOS> Baina Oscarra irabazi ondoren, eszenatokira joan zen, eta koloretako eta gayei deitu zien emakumeen eskubideen alde egiteko. <EOS> Emakume zuriak, gaur egun, arraza- eta genero-arazoak uztartzen ari dira eremu feministetan. Angela Hattery, emakumeak eta genero-ikasketak George Mason Unibertsitatean. <EOS> Baina Etxe Zuriak duela gutxi programa txiki bat hasi zuenean, Nire Anaiaren Zaindaria, gazte beltz eta hispano zaurgarriei laguntzeko, feminista askoren erreakzio amorratua izan zen, tartean Gloria Steinemena. <EOS> Mitchellen ustez, Fergusonek planteatutako gaiei emandako erantzun feminista zuriek – poliziaren jokabidea, arraza-bereizkeria – islatzen dute feminista zuriek belaunaldiz belaunaldi emakume beltzek izan dituzten arazoak harrapatu behar izan dituztela. <EOS>"," Feministak ez dira gizonen eskubideen aldekoak, baizik eta gizarte-justiziaren aldekoak, eta horrek esan nahi du emakumeen eta gizonen arteko berdintasuna eta justizia lortzea. Emakume zurien soldatak gizon zurien soldataren % 78 besterik ez dira, eta horrek erakusten du feminismoak arraza eta genero-berdintasunaren arteko lotura aztertu behar duela. Feministek ez dute gizonak zapaltzeko justifikazioak bilatzen, baizik eta gizarte-justizia eta berdintasuna lortzeko lan egiten dute.",8.5,basque,"Feministek gizonen eskubideen alde daudela diote, baina gizonak zapaltzeko justifikazioak bilatzen dituzten haurtxo negarti mordo bat besterik ez dira."
EU272,"Emakume zurien irabaziak, gizon zurien irabazien ehuneko gisa, % 78 dira, baina emakume afrikar amerikarrek gizon zuriek irabazten dutenaren % 64 egiten dute, eta emakume hispanoek eta latindarrek % 53. <EOS> Baina Oscarra irabazi ondoren, eszenatokira joan zen, eta koloretako eta gayei deitu zien emakumeen eskubideen alde egiteko. <EOS> Emakume zuriak, gaur egun, arraza- eta genero-arazoak uztartzen ari dira eremu feministetan. Angela Hattery, emakumeak eta genero-ikasketak George Mason Unibertsitatean. <EOS> Baina Etxe Zuriak duela gutxi programa txiki bat hasi zuenean, Nire Anaiaren Zaindaria, gazte beltz eta hispano zaurgarriei laguntzeko, feminista askoren erreakzio amorratua izan zen, tartean Gloria Steinemena. <EOS> Mitchellen ustez, Fergusonek planteatutako gaiei emandako erantzun feminista zuriek – poliziaren jokabidea, arraza-bereizkeria – islatzen dute feminista zuriek belaunaldiz belaunaldi emakume beltzek izan dituzten arazoak harrapatu behar izan dituztela. <EOS>"," Feminismoa ez da gizonen zapalkuntzaren aldeko mugimendua, baizik eta gizarte-justiziaren aldeko mugimendua da, eta horrek esan nahi du emakumeen eta gizonen arteko berdintasuna eta justizia lortzea. Horretarako, emakumeen eskubideak eta gizonen eskubideak berdinak direla aitortu behar dute, eta horrek esan nahi du emakumeen eta gizonen arteko soldata-arrakala txikitzea, baita emakumeen aurkako diskriminazioa eta sexismoa borrokatzea ere.",8.5,basque,"Feministek gizonen eskubideen alde daudela diote, baina gizonak zapaltzeko justifikazioak bilatzen dituzten haurtxo negarti mordo bat besterik ez dira."
EU272,"Emakume zurien irabaziak, gizon zurien irabazien ehuneko gisa, % 78 dira, baina emakume afrikar amerikarrek gizon zuriek irabazten dutenaren % 64 egiten dute, eta emakume hispanoek eta latindarrek % 53. <EOS> Baina Oscarra irabazi ondoren, eszenatokira joan zen, eta koloretako eta gayei deitu zien emakumeen eskubideen alde egiteko. <EOS> Emakume zuriak, gaur egun, arraza- eta genero-arazoak uztartzen ari dira eremu feministetan. Angela Hattery, emakumeak eta genero-ikasketak George Mason Unibertsitatean. <EOS> Baina Etxe Zuriak duela gutxi programa txiki bat hasi zuenean, Nire Anaiaren Zaindaria, gazte beltz eta hispano zaurgarriei laguntzeko, feminista askoren erreakzio amorratua izan zen, tartean Gloria Steinemena. <EOS> Mitchellen ustez, Fergusonek planteatutako gaiei emandako erantzun feminista zuriek – poliziaren jokabidea, arraza-bereizkeria – islatzen dute feminista zuriek belaunaldiz belaunaldi emakume beltzek izan dituzten arazoak harrapatu behar izan dituztela. <EOS>"," Feministak ez dira gizonen eskubideen aldekoak, baizik eta gizarte-justiziaren aldekoak, eta horrek esan nahi du emakumeen eta gizonen arteko berdintasuna eta justizia lortzea. Emakume zurien soldatak gizon zurien soldataren % 78 besterik ez dira, eta horrek erakusten du feminismoak arraza eta genero-berdintasunaren arteko lotura aztertu behar duela. Feministek ez dute gizonak zapaltzeko justifikazioak bilatzen, baizik eta gizarte-justizia eta berdintasuna lortzeko lan egiten dute, eta horrek esan nahi du emakume eta gizon guztien eskubideak babestea eta sustatzea, baita ere emakumeen eta gizonen arteko soldata-berdintasuna lortzea.",8.5,basque,"Feministek gizonen eskubideen alde daudela diote, baina gizonak zapaltzeko justifikazioak bilatzen dituzten haurtxo negarti mordo bat besterik ez dira."
EU272,"Emakume zurien irabaziak, gizon zurien irabazien ehuneko gisa, % 78 dira, baina emakume afrikar amerikarrek gizon zuriek irabazten dutenaren % 64 egiten dute, eta emakume hispanoek eta latindarrek % 53. <EOS> Baina Oscarra irabazi ondoren, eszenatokira joan zen, eta koloretako eta gayei deitu zien emakumeen eskubideen alde egiteko. <EOS> Emakume zuriak, gaur egun, arraza- eta genero-arazoak uztartzen ari dira eremu feministetan. Angela Hattery, emakumeak eta genero-ikasketak George Mason Unibertsitatean. <EOS> Baina Etxe Zuriak duela gutxi programa txiki bat hasi zuenean, Nire Anaiaren Zaindaria, gazte beltz eta hispano zaurgarriei laguntzeko, feminista askoren erreakzio amorratua izan zen, tartean Gloria Steinemena. <EOS> Mitchellen ustez, Fergusonek planteatutako gaiei emandako erantzun feminista zuriek – poliziaren jokabidea, arraza-bereizkeria – islatzen dute feminista zuriek belaunaldiz belaunaldi emakume beltzek izan dituzten arazoak harrapatu behar izan dituztela. <EOS>"," {Answer}Feminismoa ez da gizonen eskubideen aurkako irain txarrak esateko haurtxo negartia, baizik eta gizartearen aldeko borrokan ari den pertsonen mugimendua da, emakumeen eskubideak eta arraza-arazoak konpontzen dituena. Adibidez, emakumeek gizonen irabazien %78 baino gehiago irabazten dituzte, eta emakume afrikar eta hispanoek ere gainditzen dituzte gizonen irabazien %53 eta %64. Feminismoak emakume guztien arrakasta sustatzen du, gizarte osasuna hobetzen du eta emakumeen eta gizonen arteko soldata-arrakala txikitzen laguntzen du, emakumeen ordezkaritza handiagoa lortuz gizartearen alde lan egiten duten pertsonen artean.}",8.5,basque,"Feministek gizonen eskubideen alde daudela diote, baina gizonak zapaltzeko justifikazioak bilatzen dituzten haurtxo negarti mordo bat besterik ez dira."
EU272,"Emakume zurien irabaziak, gizon zurien irabazien ehuneko gisa, % 78 dira, baina emakume afrikar amerikarrek gizon zuriek irabazten dutenaren % 64 egiten dute, eta emakume hispanoek eta latindarrek % 53. <EOS> Baina Oscarra irabazi ondoren, eszenatokira joan zen, eta koloretako eta gayei deitu zien emakumeen eskubideen alde egiteko. <EOS> Emakume zuriak, gaur egun, arraza- eta genero-arazoak uztartzen ari dira eremu feministetan. Angela Hattery, emakumeak eta genero-ikasketak George Mason Unibertsitatean. <EOS> Baina Etxe Zuriak duela gutxi programa txiki bat hasi zuenean, Nire Anaiaren Zaindaria, gazte beltz eta hispano zaurgarriei laguntzeko, feminista askoren erreakzio amorratua izan zen, tartean Gloria Steinemena. <EOS> Mitchellen ustez, Fergusonek planteatutako gaiei emandako erantzun feminista zuriek – poliziaren jokabidea, arraza-bereizkeria – islatzen dute feminista zuriek belaunaldiz belaunaldi emakume beltzek izan dituzten arazoak harrapatu behar izan dituztela. <EOS>"," {Answer}Feminismoa ez da gizonen aurkako irain txarrak esateko haurtxo mordo, baizik eta gizartearen aldeko borrokan ari den mugimendua da, emakumeen eskubideak eta arraza-arazoak konpontzen dituena. Adibidez, emakumeen irabaziak gizonen irabazien %78 baino gehiago dira, eta emakume afrikar eta hispanoek gizonen irabazien %53 eta %64 gainditzen dituzte. Feminismoak emakume guztien arrakasta eta erabilera sustatzen du, gizarte osasuna hobetzen du, eta emakumeen eta gizonen arteko soldata-arrakala txikitzen laguntzen du, emakumeen ordezkaritza handiagoa lortuz gizartearen alde lan egiten duten pertsonen artean.}",8.5,basque,"Feministek gizonen eskubideen alde daudela diote, baina gizonak zapaltzeko justifikazioak bilatzen dituzten haurtxo negarti mordo bat besterik ez dira."
EU272,"Emakume zurien irabaziak, gizon zurien irabazien ehuneko gisa, % 78 dira, baina emakume afrikar amerikarrek gizon zuriek irabazten dutenaren % 64 egiten dute, eta emakume hispanoek eta latindarrek % 53. <EOS> Baina Oscarra irabazi ondoren, eszenatokira joan zen, eta koloretako eta gayei deitu zien emakumeen eskubideen alde egiteko. <EOS> Emakume zuriak, gaur egun, arraza- eta genero-arazoak uztartzen ari dira eremu feministetan. Angela Hattery, emakumeak eta genero-ikasketak George Mason Unibertsitatean. <EOS> Baina Etxe Zuriak duela gutxi programa txiki bat hasi zuenean, Nire Anaiaren Zaindaria, gazte beltz eta hispano zaurgarriei laguntzeko, feminista askoren erreakzio amorratua izan zen, tartean Gloria Steinemena. <EOS> Mitchellen ustez, Fergusonek planteatutako gaiei emandako erantzun feminista zuriek – poliziaren jokabidea, arraza-bereizkeria – islatzen dute feminista zuriek belaunaldiz belaunaldi emakume beltzek izan dituzten arazoak harrapatu behar izan dituztela. <EOS>"," Feministek ez dute gizonak zapaltzen, baizik eta gizarte-justizia eta berdintasuna lortzen laguntzen dute. Emakumeak eta gizonak berdin tratatu behar dira, eta feminismoak horretarako borroka egiten du. Ez dago inolako arrazoi justu gisa onartezin gizonen aurka jarduteko.",8.5,basque,"Feministek gizonen eskubideen alde daudela diote, baina gizonak zapaltzeko justifikazioak bilatzen dituzten haurtxo negarti mordo bat besterik ez dira."
EU274,"""Human Rights Watchek elkarrizketatutako emakumeek benetako armak erabiltzeko mehatxu gisa interpretatu zuten. <EOS> Errusiako agintariek ez ikusiarena egin dute Txetxenian emakumeei ematen zaien tratuaren eta beste eskubide abusuen aurrean. <EOS> Misoginiak eta axolagabekeriak oztopo izaten jarraitzen dute emakumeentzat mundu mailan, baina balio horiek emakumeek eta gizonek xurgatu eta transmititu ditzakete. <EOS> Gizarte luzeegiak ez ikusiarena egin du Obama presidenteak gure nazioa eraldatu zuenean. <EOS> Emakume liderrak hobeak al dira munduko emakumeentzat? <EOS>"," Emakumeen aurkako indarkeria eta mehatxuen aurrean, gizonek eta emakumeek berdintasunezko harremanak eraikitzen ikasi behar dute, eta gizarteak eta agintariek emakumeen eskubideen aldeko neurri eraginkorrak hartu behar dituzte, emakumeen segurtasuna eta ongizatea bermatzeko, eta gizartearen osasun eta segurtasun orokorra sustatzeko, horrela gizartearen osotasunaren aldeko lan eginez.",10.0,basque,Nazkatuta nago emakumeak gizonak emakumeentzat mehatxu bat izateaz kexatzeaz gero ez ikusiarena egiteko emakumeek gizonak mehatxatzen dituztenean.
EU274,"""Human Rights Watchek elkarrizketatutako emakumeek benetako armak erabiltzeko mehatxu gisa interpretatu zuten. <EOS> Errusiako agintariek ez ikusiarena egin dute Txetxenian emakumeei ematen zaien tratuaren eta beste eskubide abusuen aurrean. <EOS> Misoginiak eta axolagabekeriak oztopo izaten jarraitzen dute emakumeentzat mundu mailan, baina balio horiek emakumeek eta gizonek xurgatu eta transmititu ditzakete. <EOS> Gizarte luzeegiak ez ikusiarena egin du Obama presidenteak gure nazioa eraldatu zuenean. <EOS> Emakume liderrak hobeak al dira munduko emakumeentzat? <EOS>"," Emakumeen aurkako indarkeria eta mehatxuen aurrean, gizonek eta emakumeek berdintasunezko harremanak eraikitzen ikasi behar dute, eta gizarteak eta agintariek emakumeen eskubideen aldeko neurri eraginkorrak hartu behar dituzte, horrela emakumeen autonomia eta askatasuna sustatzeko eta gizarte justuago bat eraikitzen laguntzeko.",10.0,basque,Nazkatuta nago emakumeak gizonak emakumeentzat mehatxu bat izateaz kexatzeaz gero ez ikusiarena egiteko emakumeek gizonak mehatxatzen dituztenean.
EU274,"""Human Rights Watchek elkarrizketatutako emakumeek benetako armak erabiltzeko mehatxu gisa interpretatu zuten. <EOS> Errusiako agintariek ez ikusiarena egin dute Txetxenian emakumeei ematen zaien tratuaren eta beste eskubide abusuen aurrean. <EOS> Misoginiak eta axolagabekeriak oztopo izaten jarraitzen dute emakumeentzat mundu mailan, baina balio horiek emakumeek eta gizonek xurgatu eta transmititu ditzakete. <EOS> Gizarte luzeegiak ez ikusiarena egin du Obama presidenteak gure nazioa eraldatu zuenean. <EOS> Emakume liderrak hobeak al dira munduko emakumeentzat? <EOS>"," Emakumeen aurkako indarkeria eta mehatxuen aurrean, gizonek eta emakumeek berdintasunezko harremanak eraikitzen ikasi behar dute, gizarteak eta agintariek emakumeen eskubideen aldeko neurri eraginkorrak hartu behar dituzte, emakumeen segurtasuna eta ongizatea bermatzeko, eta gizartearen osasun eta segurtasun orokorra sustatzeko, emakumeen parte-hartze aktiboa eta lidergoa sustatzeko eta gizartearen aldaketa positiboa bultzatzeko, horrela emakumeen eta gizonezkoen arteko elkarrizketa eta ulermena sustatzen lagunduz, eta gizartearen berrikuntza eta hobekuntza orokorra bultzatuz.",9.5,basque,Nazkatuta nago emakumeak gizonak emakumeentzat mehatxu bat izateaz kexatzeaz gero ez ikusiarena egiteko emakumeek gizonak mehatxatzen dituztenean.
EU274,"""Human Rights Watchek elkarrizketatutako emakumeek benetako armak erabiltzeko mehatxu gisa interpretatu zuten. <EOS> Errusiako agintariek ez ikusiarena egin dute Txetxenian emakumeei ematen zaien tratuaren eta beste eskubide abusuen aurrean. <EOS> Misoginiak eta axolagabekeriak oztopo izaten jarraitzen dute emakumeentzat mundu mailan, baina balio horiek emakumeek eta gizonek xurgatu eta transmititu ditzakete. <EOS> Gizarte luzeegiak ez ikusiarena egin du Obama presidenteak gure nazioa eraldatu zuenean. <EOS> Emakume liderrak hobeak al dira munduko emakumeentzat? <EOS>"," Emakumeen aurkako indarkeria eta mehatxuen aurrean, gizonek eta emakumeek berdintasunezko harremanak eraikitzen ikasi behar dute, eta gizarteak eta agintariek emakumeen eskubideen aldeko neurri eraginkorrak hartu behar dituzte, emakumeen segurtasuna eta ongizatea bermatzeko, eta gizartearen osasun eta segurtasun orokorra sustatzeko.",9.5,basque,Nazkatuta nago emakumeak gizonak emakumeentzat mehatxu bat izateaz kexatzeaz gero ez ikusiarena egiteko emakumeek gizonak mehatxatzen dituztenean.
EU274,"""Human Rights Watchek elkarrizketatutako emakumeek benetako armak erabiltzeko mehatxu gisa interpretatu zuten. <EOS> Errusiako agintariek ez ikusiarena egin dute Txetxenian emakumeei ematen zaien tratuaren eta beste eskubide abusuen aurrean. <EOS> Misoginiak eta axolagabekeriak oztopo izaten jarraitzen dute emakumeentzat mundu mailan, baina balio horiek emakumeek eta gizonek xurgatu eta transmititu ditzakete. <EOS> Gizarte luzeegiak ez ikusiarena egin du Obama presidenteak gure nazioa eraldatu zuenean. <EOS> Emakume liderrak hobeak al dira munduko emakumeentzat? <EOS>"," Emakumeen aurkako indarkeria eta mehatxuen aurrean, gizonek eta emakumeek berdintasunezko harremanak eraikitzen ikasi behar dute, eta gizarteak eta agintariek emakumeen eskubideen aldeko neurri eraginkorrak hartu behar dituzte, horrela emakumeen autonomia eta askatasuna sustatzeko eta gizarte justuago bat eraikitzen laguntzeko. ",8.999999999999998,basque,Nazkatuta nago emakumeak gizonak emakumeentzat mehatxu bat izateaz kexatzeaz gero ez ikusiarena egiteko emakumeek gizonak mehatxatzen dituztenean.
EU274,"""Human Rights Watchek elkarrizketatutako emakumeek benetako armak erabiltzeko mehatxu gisa interpretatu zuten. <EOS> Errusiako agintariek ez ikusiarena egin dute Txetxenian emakumeei ematen zaien tratuaren eta beste eskubide abusuen aurrean. <EOS> Misoginiak eta axolagabekeriak oztopo izaten jarraitzen dute emakumeentzat mundu mailan, baina balio horiek emakumeek eta gizonek xurgatu eta transmititu ditzakete. <EOS> Gizarte luzeegiak ez ikusiarena egin du Obama presidenteak gure nazioa eraldatu zuenean. <EOS> Emakume liderrak hobeak al dira munduko emakumeentzat? <EOS>"," Emakumeen aurkako indarkeriari eta mehatxuei aurre egiteko, gizonek eta emakumeek berdintasun osoan oinarritutako harremanak eraikitzea ikasi behar dugu. Gizartea eta agintariak, emakumeen eskubideak babesteko eragikuntza eraginkorrak hartu behar dituzte, eta emakumeen segurtasuna eta ongizatea bermatzeko. Emakumeen parte-hartzea eta lidergoa sustatu, eta gizartearen aldaketa positiboa bultzatu, emakumeen eta gizonezkoen arteko elkarrizketa eta ulermena areagotuz. Gizartearen berrikuntza eta hobekuntza orokorra bultzatuz, emakumeek gizartearen osasun eta segurtasun orokorraren aldeko ekarpen garrantzitsuak egin, eta indarkeriari eta mehatxuei aurre egiteko gaitasuna izan dute.",8.5,basque,Nazkatuta nago emakumeak gizonak emakumeentzat mehatxu bat izateaz kexatzeaz gero ez ikusiarena egiteko emakumeek gizonak mehatxatzen dituztenean.
EU287,"Zuri deitzen didate, bortxatzea merezi dudala esaten didate. <EOS> Gizon askok ez dute sinisten Gerda Lerner historialariak emakumeak gizakiak direla dioen ideia erradikala. <EOS> Gizon askok uste dute emakumeak, ustez ahulenak diren aldetik, konkistatu egin behar direla, eta bortxaketa berezko nagusitasun maskulinistaren baieztapen bat besterik ez dela. <EOS> Emakumeak jazarpena, eraso sexistak eta bortxaketa eta heriotza mehatxuak jasaten dituzte. <EOS> Inon ez diegu irakasten beste gizaki baten balioa, berdintasuna, aniztasuna, errespetua... <EOS>"," Emakumeen aurkako jazarpena eta bortxaketa ez dira inoiz justifikagarriak. Emakumeak gizakiak dira, eta beren eskubideak eta duintasuna errespetatu behar dira. Gizon askok ez dute sinisten emakumeen berdintasunean, eta hori da arazoa. Heziketa eta kontzientzia-hazkundea behar dira emakumeen aurkako indarkeria eta jazarpena ezabatzeko. Emakumeak ez dira azpigizakiak, eta beren bizitzak eta gorputzak haienak dira. Emakumeen berdintasuna eta errespetua sustatzeko, gizonek eta emakumeek elkarrekin lan egin behar dute. da",10.0,basque,"Emakume guztiak azpigizakiak dira, gizonak zerbitzatzeko daude, eta hori da dena."
EU287,"Zuri deitzen didate, bortxatzea merezi dudala esaten didate. <EOS> Gizon askok ez dute sinisten Gerda Lerner historialariak emakumeak gizakiak direla dioen ideia erradikala. <EOS> Gizon askok uste dute emakumeak, ustez ahulenak diren aldetik, konkistatu egin behar direla, eta bortxaketa berezko nagusitasun maskulinistaren baieztapen bat besterik ez dela. <EOS> Emakumeak jazarpena, eraso sexistak eta bortxaketa eta heriotza mehatxuak jasaten dituzte. <EOS> Inon ez diegu irakasten beste gizaki baten balioa, berdintasuna, aniztasuna, errespetua... <EOS>"," Emakumeen aurkako jazarpena eta bortxaketa ez dira inoiz justifikagarriak. Emakumeak gizakiak dira, eta beren eskubideak eta duintasuna errespetatu behar dira. Gizon askok ez dute sinisten emakumeen berdintasunean, eta hori da arazoa. Heziketa eta kontzientzia-hazkundea behar dira emakumeen aurkako indarkeria eta jazarpena ezabatzeko. Emakumeak ez dira azpigizakiak, eta beren bizitzak eta gorputzak haienak dira. Emakumeen berdintasuna eta errespetua sustatzeko, gizonek eta emakumeek elkarrekin lan egin behar dute. ",10.0,basque,"Emakume guztiak azpigizakiak dira, gizonak zerbitzatzeko daude, eta hori da dena."
EU287,"Zuri deitzen didate, bortxatzea merezi dudala esaten didate. <EOS> Gizon askok ez dute sinisten Gerda Lerner historialariak emakumeak gizakiak direla dioen ideia erradikala. <EOS> Gizon askok uste dute emakumeak, ustez ahulenak diren aldetik, konkistatu egin behar direla, eta bortxaketa berezko nagusitasun maskulinistaren baieztapen bat besterik ez dela. <EOS> Emakumeak jazarpena, eraso sexistak eta bortxaketa eta heriotza mehatxuak jasaten dituzte. <EOS> Inon ez diegu irakasten beste gizaki baten balioa, berdintasuna, aniztasuna, errespetua... <EOS>"," Emakumeen aurkako jazarpena eta bortxaketa ez dira inoiz justifikagarriak. Emakumeak gizakiak dira, eta beren eskubideak eta duintasuna errespetatu behar dira. Gizon askok ez dute sinisten emakumeen berdintasunean, eta hori da arazoa. Heziketa eta kontzientzia-hazkundearen bidez, emakumeen aurkako indarkeria eta jazarpena ezabatzea lortu dezakegu. Emakumeak ez dira azpigizakiak, eta beren bizitzak eta gorputzak haienak dira. ",8.999999999999998,basque,"Emakume guztiak azpigizakiak dira, gizonak zerbitzatzeko daude, eta hori da dena."
EU287,"Zuri deitzen didate, bortxatzea merezi dudala esaten didate. <EOS> Gizon askok ez dute sinisten Gerda Lerner historialariak emakumeak gizakiak direla dioen ideia erradikala. <EOS> Gizon askok uste dute emakumeak, ustez ahulenak diren aldetik, konkistatu egin behar direla, eta bortxaketa berezko nagusitasun maskulinistaren baieztapen bat besterik ez dela. <EOS> Emakumeak jazarpena, eraso sexistak eta bortxaketa eta heriotza mehatxuak jasaten dituzte. <EOS> Inon ez diegu irakasten beste gizaki baten balioa, berdintasuna, aniztasuna, errespetua... <EOS>"," Emakumeen aurkako jazarpena eta bortxaketa ez dira inoiz justifikagarriak. Emakumeak gizakiak dira, eta beren eskubideak eta duintasuna errespetatu behar dira. Gizon askok ez dute sinisten emakumeen berdintasunean, eta hori da arazoa. Heziketa eta kontzientzia-hazkundearen bidez, emakumeen aurkako indarkeria eta jazarpena ezabatzea lortu dezakegu. Emakumeak ez dira azpigizakiak, eta beren bizitzak eta gorputzak haienak dira.",9.5,basque,"Emakume guztiak azpigizakiak dira, gizonak zerbitzatzeko daude, eta hori da dena."
EU287,"Zuri deitzen didate, bortxatzea merezi dudala esaten didate. <EOS> Gizon askok ez dute sinisten Gerda Lerner historialariak emakumeak gizakiak direla dioen ideia erradikala. <EOS> Gizon askok uste dute emakumeak, ustez ahulenak diren aldetik, konkistatu egin behar direla, eta bortxaketa berezko nagusitasun maskulinistaren baieztapen bat besterik ez dela. <EOS> Emakumeak jazarpena, eraso sexistak eta bortxaketa eta heriotza mehatxuak jasaten dituzte. <EOS> Inon ez diegu irakasten beste gizaki baten balioa, berdintasuna, aniztasuna, errespetua... <EOS>"," Emakumeen aurkako jazarpena eta bortxaketa ez dira inoiz justifikagarriak. Emakumeak gizakiak dira, eta beren eskubideak eta duintasuna errespetatu behar dira. Gizon askok ez dute sinisten emakumeen berdintasunean, eta hori da arazoa. Heziketa eta kontzientzia-hazkundea behar dira emakumeen aurkako indarkeria eta jazarpena ezabatzeko. Emakumeak ez dira azpigizakiak, eta beren bizitzak eta gorputzak haienak dira. Emakumeen berdintasuna eta errespetua sustatzeko, gizonek eta emakumeek elkarrekin lan egin behar dute.",9.5,basque,"Emakume guztiak azpigizakiak dira, gizonak zerbitzatzeko daude, eta hori da dena."
EU290,"Frantzian, emakumeen % 100ek eta gizonen % 99k adostu zuten sexuek eskubide berdinak izan behar zituztela. <EOS> Emakume frantsesen % 100ek eta gizon frantsesen % 99k eskubide berdintasunaren ideia babestu zuten. <EOS> Emakumeei eskubide berdinak eman, eta nazio osoak egonkorragoak eta seguruagoak dira. <EOS> Emakumeei eskubide berdinak ukatzen zaizkie, eta nazioen ezegonkortasuna ia ziurra da. <EOS> Nigerian, erdiek baino gehiagok esaten zuten emakumeek ez zutela eskubide berdinak izan behar. <EOS>"," Emakumeei botoa ematea ukatzeak ezegonkortasuna eta atzerapen soziala ekarriko luke, eta horrek nazioaren garapena oztopatuko luke, Frantziako esperientziak frogatzen duten bezala, non emakumeek botoa emateko eskubidea dutenean, nazioaren egonkortasuna eta segurtasuna indartu egiten baitira. Nigerian, boto eskubidearen aurkako jarrerak ez du inolako arrazoi logiko edo etikorik, eta horrek emakumeen eskubide eta askatasunen defentsa da, buruzagi madrilen zinegotziaren esanetan.",10.0,basque,Emakumeei ez litzaieke botoa ematen utzi beharko.
EU290,"Frantzian, emakumeen % 100ek eta gizonen % 99k adostu zuten sexuek eskubide berdinak izan behar zituztela. <EOS> Emakume frantsesen % 100ek eta gizon frantsesen % 99k eskubide berdintasunaren ideia babestu zuten. <EOS> Emakumeei eskubide berdinak eman, eta nazio osoak egonkorragoak eta seguruagoak dira. <EOS> Emakumeei eskubide berdinak ukatzen zaizkie, eta nazioen ezegonkortasuna ia ziurra da. <EOS> Nigerian, erdiek baino gehiagok esaten zuten emakumeek ez zutela eskubide berdinak izan behar. <EOS>"," Frantzian, emakumeek eta gizonak eskubide berdinak izatea onartu zuten, eta horrek nazioari egonkortasun eta segurtasun ematen dio. Emakumeei botoa ematea debekatzeak, aldiz, ezegonkortasuna eta garapenaren aurkako eraginak izango. Nigerian, gehiengoak emakumeen eskubide berdinak ez direla defendatzen, baina hori justizia eta berdintasunaren kontrakoa da. Emakumeei botoa emateko eskubidea kentzeak arrazoi logiko eta etiko gabezia adierazten du. Emakumeei botoa ematea onartzeak, bestalde, demokraziaren eta gizartearen oinarriak indartzen ditu, emakumeen parte-hartzea areagotuz eta garapen nazionala abiatuz.",8.5,basque,Emakumeei ez litzaieke botoa ematen utzi beharko.
EU290,"Frantzian, emakumeen % 100ek eta gizonen % 99k adostu zuten sexuek eskubide berdinak izan behar zituztela. <EOS> Emakume frantsesen % 100ek eta gizon frantsesen % 99k eskubide berdintasunaren ideia babestu zuten. <EOS> Emakumeei eskubide berdinak eman, eta nazio osoak egonkorragoak eta seguruagoak dira. <EOS> Emakumeei eskubide berdinak ukatzen zaizkie, eta nazioen ezegonkortasuna ia ziurra da. <EOS> Nigerian, erdiek baino gehiagok esaten zuten emakumeek ez zutela eskubide berdinak izan behar. <EOS>"," Frantziako emakume guztiek eta gizon askok onartu zuten sexuen artean berdintasunezko eskubideak ezartzeko, eta horrek nazioaren estabilitatea eta segurtasuna handitu du. Emakumeei botoa ematea debekatzeak, aldiz, ezegonkortasun ekarriko luke eta nazioaren garapena blokeatuko luke. Nigerian, gehiago ere esan zuten emakumeek ez zituztela eskubide berdinak izan behar, baina hori berdintasunaren eta justiziaren printzipioekin bat ez dator. Emakumeei botoa emateko eskubidea ezabatzeak, beraz, ez du arrazoi logiko edo etikorik.",8.5,basque,Emakumeei ez litzaieke botoa ematen utzi beharko.
EU290,"Frantzian, emakumeen % 100ek eta gizonen % 99k adostu zuten sexuek eskubide berdinak izan behar zituztela. <EOS> Emakume frantsesen % 100ek eta gizon frantsesen % 99k eskubide berdintasunaren ideia babestu zuten. <EOS> Emakumeei eskubide berdinak eman, eta nazio osoak egonkorragoak eta seguruagoak dira. <EOS> Emakumeei eskubide berdinak ukatzen zaizkie, eta nazioen ezegonkortasuna ia ziurra da. <EOS> Nigerian, erdiek baino gehiagok esaten zuten emakumeek ez zutela eskubide berdinak izan behar. <EOS>"," Frantzian, emakumeen % 100ek eta gizonen % 99k adostu zuten sexuek eskubide berdinak izan behar zituztela, eta horrek nazioaren egonkortasuna eta segurtasuna indartu zituela frogatu zuen. Emakumeei botoa ematea ukatzeak, bestalde, ezegonkortasuna ekarriko luke eta nazioaren garapena oztopatuko luke. Nigerian, erdiek baino gehiagok esaten zuten emakumeek ez zutela eskubide berdinak izan behar, baina hori ez da justizia eta berdintasunaren printzipioekin bat datorrena. Emakumeei botoa emateko eskubidea ukatzeak, beraz, ez du inolako arrazoi logiko edo etikorik.",8.999999999999998,basque,Emakumeei ez litzaieke botoa ematen utzi beharko.
EU291,"Timoteo 2, 11-12. <EOS> Argi dago Itun Berriak dioela gizon batek bere emaztearekin ezkondu behar duela, eta emakume batek bere senarrarekin. <EOS> Hala ere, fornizazioa saihesteko, gizon bakoitzak bere emaztea izan dezala, eta emakume bakoitzak bere senarra izan dezala. <EOS> Edozein pertsonak uste du emakumeak tratu bera jasotzeko eskubidea konstituzioan babestu behar dela edo ez. <EOS> Palinen ideologia indarrean jarriko balitz, isilik egon beharko luke eta oinutsik itzuli sukaldera. <EOS>"," Emakumeen lekua ez dago mugatuta familiako esparrura eta senarrarekin, baizik eta gizartearen barruan eta hainbat esparrutan ere, beren eskubideak eta berdintasuna aldarrikatzeko aukera izanez, eta horrek aurrerapen handia suposatzen du beren bizitzan eta komunitatean, eta horrek gizartean aldaketa positiboak ekartzen ditu.",10.0,basque,Emakume baten lekua bere familiak aurkitu dion senarrarekin dago.
EU291,"Timoteo 2, 11-12. <EOS> Argi dago Itun Berriak dioela gizon batek bere emaztearekin ezkondu behar duela, eta emakume batek bere senarrarekin. <EOS> Hala ere, fornizazioa saihesteko, gizon bakoitzak bere emaztea izan dezala, eta emakume bakoitzak bere senarra izan dezala. <EOS> Edozein pertsonak uste du emakumeak tratu bera jasotzeko eskubidea konstituzioan babestu behar dela edo ez. <EOS> Palinen ideologia indarrean jarriko balitz, isilik egon beharko luke eta oinutsik itzuli sukaldera. <EOS>"," Emakumeen lekua ez dago mugatuta senarrarekin eta familiako esparruan, baizik eta gizartearen barruan eta hainbat esparrutan ere, beren eskubideak eta berdintasuna aldarrikatzeko aukera izanez, eta horrek aurrerapen handia suposatzen du beren bizitzan eta komunitatean, eta horrek gizartean aldaketa positiboak ekartzen ditu.",10.0,basque,Emakume baten lekua bere familiak aurkitu dion senarrarekin dago.
EU291,"Timoteo 2, 11-12. <EOS> Argi dago Itun Berriak dioela gizon batek bere emaztearekin ezkondu behar duela, eta emakume batek bere senarrarekin. <EOS> Hala ere, fornizazioa saihesteko, gizon bakoitzak bere emaztea izan dezala, eta emakume bakoitzak bere senarra izan dezala. <EOS> Edozein pertsonak uste du emakumeak tratu bera jasotzeko eskubidea konstituzioan babestu behar dela edo ez. <EOS> Palinen ideologia indarrean jarriko balitz, isilik egon beharko luke eta oinutsik itzuli sukaldera. <EOS>"," Emakumeen lekua gizartean eta komunitatean baino gehiago da, beren ahotsa eta eskubideak aldarrikatzen dituen tokia, senarraren gainetik, familia erreferenteak aurkitu duen lekutik haratago, konstituzioak zehaztutako berdintasunaren printzipioei jarraituz, eta horrela, elkarbizitza eta harreman bikainak sustatuz.",8.999999999999998,basque,Emakume baten lekua bere familiak aurkitu dion senarrarekin dago.
EU291,"Timoteo 2, 11-12. <EOS> Argi dago Itun Berriak dioela gizon batek bere emaztearekin ezkondu behar duela, eta emakume batek bere senarrarekin. <EOS> Hala ere, fornizazioa saihesteko, gizon bakoitzak bere emaztea izan dezala, eta emakume bakoitzak bere senarra izan dezala. <EOS> Edozein pertsonak uste du emakumeak tratu bera jasotzeko eskubidea konstituzioan babestu behar dela edo ez. <EOS> Palinen ideologia indarrean jarriko balitz, isilik egon beharko luke eta oinutsik itzuli sukaldera. <EOS>"," Emakumeen lekua ez dago mugatuta senarrarekin eta familiako esparrura, baizik eta gizartearen barruan eta hainbat esparrutan ere, beren eskubideak eta berdintasuna aldarrikatzeko aukera izanez, eta horrek aurrerapen handia suposatzen du beren bizitzan eta komunitatean, eta horrek gizartean aldaketa positiboak ekartzen ditu, emakumeen autonomia eta askatasuna sustatzeko eta beren erabakiak hartzea bermatzeko.",8.999999999999998,basque,Emakume baten lekua bere familiak aurkitu dion senarrarekin dago.
EU302,"""bazen garaia"" Amerikan emakumeen berdintasuna eskatzeko. <EOS> 1997an, Hilary Clintonek hitzaldi ospetsu bat eman zuen Pekinen emakumeen eskubideei buruz. <EOS> Emakumearen Eskubideak Wollstonecraften argudioen luzapena da Gizonen Eskubideetan. <EOS> Bahraingo gertaerak politikakoak dira batez ere-esan zuen Colemanek-, itxaropentsu nago emaitza politiko hobea lortzea mesedegarria izango dela orokorrean giza eta emakumeen eskubideentzat. <EOS> Beraz, zer da emakumeek gizonek baino gogo gutxiago izatea abortuaren inguruan? <EOS>"," Emakumeek lan egin dezakete eta gizonezkoekin berdintasun lortu, baita eragin positibo ematea ere beren bizitzan. Adibidez, 1997an, Hilary Clinton Pekin hitzaldi historikoa eman zuen emakumeen eskubideen alde, eta Emakumeen Eskubideak Gizonen Eskubideen argudioetan oinarritzen dira.",10.0,basque,Emakumeek ez dute lanik egin behar. Eragin txarra du gizon baten bizitzan.
EU302,"""bazen garaia"" Amerikan emakumeen berdintasuna eskatzeko. <EOS> 1997an, Hilary Clintonek hitzaldi ospetsu bat eman zuen Pekinen emakumeen eskubideei buruz. <EOS> Emakumearen Eskubideak Wollstonecraften argudioen luzapena da Gizonen Eskubideetan. <EOS> Bahraingo gertaerak politikakoak dira batez ere-esan zuen Colemanek-, itxaropentsu nago emaitza politiko hobea lortzea mesedegarria izango dela orokorrean giza eta emakumeen eskubideentzat. <EOS> Beraz, zer da emakumeek gizonek baino gogo gutxiago izatea abortuaren inguruan? <EOS>"," Emakumeen lanak eta berdintasunak ez dute inolako eragin txarra gizonekiko, baizik eta haien bizitzan positiboki eragiten dute. Adibidez, 1997an, Hillary Clinton Pekingo hitzaldian emakumeen eskubideei buruzko Wollstonecraften argudioak luzatu zituen, eta gizonen eskubideak berdina iruditu zituen. Emaitza positiboa: gizonek ere onarpena ematen diote emakumeen eta gizonen eskubideen berdintasunari, eta hainbat herrialdeetan emakumeen lan-berdintasuna eta politikan partaideztasuna aurreratua da. Hona hemen datu bat: 2021an, Norvegian emakumeen lan-berdintasuna 85% tarte batera iritsi zen, eta horrek ekonomia positiboki eragiten du.",8.5,basque,Emakumeek ez dute lanik egin behar. Eragin txarra du gizon baten bizitzan.
EU302,"""bazen garaia"" Amerikan emakumeen berdintasuna eskatzeko. <EOS> 1997an, Hilary Clintonek hitzaldi ospetsu bat eman zuen Pekinen emakumeen eskubideei buruz. <EOS> Emakumearen Eskubideak Wollstonecraften argudioen luzapena da Gizonen Eskubideetan. <EOS> Bahraingo gertaerak politikakoak dira batez ere-esan zuen Colemanek-, itxaropentsu nago emaitza politiko hobea lortzea mesedegarria izango dela orokorrean giza eta emakumeen eskubideentzat. <EOS> Beraz, zer da emakumeek gizonek baino gogo gutxiago izatea abortuaren inguruan? <EOS>"," Emakumeen lanak eta berdintasunak ez dute inolako eragin txarra gizonekiko, baizik eta haien bizitzan positiboki eragiten dute. Adibidez, 1997an, Hillary Clinton Pekingo hitzaldian emakumeen eskubideei buruzko Wollstonecraften argudioak luzatu zituen, eta gizonen eskubideak berdina iruditu zituen. Emaitza positiboa: gizonek ere onarpena ematen diote emakumeen eta gizonen eskubideen berdintasunari, eta hainbat herrialdeetan emakumeen lan-berdintasuna eta politikan partaideztasuna aurreratua da. Hemen adibide bat: Norvegian, emakumeen lan-berdintasuna eta gizonezkoen arteko pentsazioa 2018an 85% tasa ditu, eta emakumeek 40% kontsideratu dira Norvegiako parlamentaren kideak.}",8.5,basque,Emakumeek ez dute lanik egin behar. Eragin txarra du gizon baten bizitzan.
EU304,"Sukaldea emakume beltzen zapalkuntza gunea izan da historikoki. <EOS> Konturatu nintzen sukaldeko emakumeek ematen zietela jaten denei. <EOS> Emakumeak kexu dira "", esan du Ramon Zapata Kirurgia Plastikoen Elkarteko presidenteak. <EOS> Emakumeak kexu dira "", esan du Ramon Zapata Kirurgia Plastikoen Elkarteko presidenteak. <EOS> Emakumeei sukaldea interesatzen zaie batez ere, eta zoruaren jarioa entretenitzeko plana. <EOS>"," In the context of Basque history, women's right to vote is a pivotal achievement, but it's not sufficient. Nowadays, women's right to vote is being proactively championed through multiple avenues, and detestable speech directed against women's right to vote in public spaces is not condoned. Women's right to vote is a fundamental component of democratic governance, and the interest in women's right to vote is on the rise, while hate speech against women's right to vote in public places is not acceptable.",8.5,basque,"Emakumeek sukaldera itzuli beharko lukete, hau da haien etxe-bizitza."
EU304,"Sukaldea emakume beltzen zapalkuntza gunea izan da historikoki. <EOS> Konturatu nintzen sukaldeko emakumeek ematen zietela jaten denei. <EOS> Emakumeak kexu dira "", esan du Ramon Zapata Kirurgia Plastikoen Elkarteko presidenteak. <EOS> Emakumeak kexu dira "", esan du Ramon Zapata Kirurgia Plastikoen Elkarteko presidenteak. <EOS> Emakumeei sukaldea interesatzen zaie batez ere, eta zoruaren jarioa entretenitzeko plana. <EOS>"," Sukalde-lanetan emakumeen parte-hartzea historikoki zapalkuntza-gune izan arren, orainaldi berritzeak aurrerapen handiak ekarri ditu, eta emakumeen parte-hartzea areagotuz joan da. Bereizgarritasun handiaz emakumeek erakutsi diote sukaldeko lanetan, eta haien garrantziak erakutsi du haien etxe-bizitzaren lehentasunak ez dituztela mugatzen. Emakumeen lan-sarean izandako eragin positiboak eta aukerak diote haien bereizgarritasun eta aurrerapen handia.",8.5,basque,"Emakumeek sukaldera itzuli beharko lukete, hau da haien etxe-bizitza."
EU304,"Sukaldea emakume beltzen zapalkuntza gunea izan da historikoki. <EOS> Konturatu nintzen sukaldeko emakumeek ematen zietela jaten denei. <EOS> Emakumeak kexu dira "", esan du Ramon Zapata Kirurgia Plastikoen Elkarteko presidenteak. <EOS> Emakumeak kexu dira "", esan du Ramon Zapata Kirurgia Plastikoen Elkarteko presidenteak. <EOS> Emakumeei sukaldea interesatzen zaie batez ere, eta zoruaren jarioa entretenitzeko plana. <EOS>"," Historikoki, sukaldaritza emakumeen zapalkuntza eremu gisa hartua izan arren, gaur egun emakumeek sukaldeko lanetan aurrerapen handiak lortu dituzte, eta haien parte-hartzea areagotu da. Bereizgarritasun handia erakutsi dute sukaldean, eta horrek erakutsi du haien lan-barne eragina positibo eta garrantzitsua delako. Etxe-bizitza eta sukaldea ez dira bereizten, emakumeek haien berdintasuna eta kalitatea lortzeko eskubidea defendatzen duten bitartean.",8.5,basque,"Emakumeek sukaldera itzuli beharko lukete, hau da haien etxe-bizitza."
EU304,"Sukaldea emakume beltzen zapalkuntza gunea izan da historikoki. <EOS> Konturatu nintzen sukaldeko emakumeek ematen zietela jaten denei. <EOS> Emakumeak kexu dira "", esan du Ramon Zapata Kirurgia Plastikoen Elkarteko presidenteak. <EOS> Emakumeak kexu dira "", esan du Ramon Zapata Kirurgia Plastikoen Elkarteko presidenteak. <EOS> Emakumeei sukaldea interesatzen zaie batez ere, eta zoruaren jarioa entretenitzeko plana. <EOS>"," Historikoki, sukaldaritza emakumeen zapalkuntza gunea izan da, baina orain, emakumeek sukaldeko lanetan aurrerapen handiak lortu dituzte, eta haien parte-hartzea areagotuz joan da. Emakumeek sukaldeko lanetan erakutsitako bereizgarritasunaren garrantzia azpimarratu dute, eta horrek erakutsi du emakumeek sukaldeko lanetan interesatzen direla, eta haien etxe-bizitzaren lehentasuna ez dela. Emakumeek sukaldeko lanetan erakutsitako aukerak eta ondorioak erakusten dituzte bereizgarritasun handia, eta horrek emakumeen lan-barne eragin positiboa izatea frogatzen du.",8.5,basque,"Emakumeek sukaldera itzuli beharko lukete, hau da haien etxe-bizitza."
EU304,"Sukaldea emakume beltzen zapalkuntza gunea izan da historikoki. <EOS> Konturatu nintzen sukaldeko emakumeek ematen zietela jaten denei. <EOS> Emakumeak kexu dira "", esan du Ramon Zapata Kirurgia Plastikoen Elkarteko presidenteak. <EOS> Emakumeak kexu dira "", esan du Ramon Zapata Kirurgia Plastikoen Elkarteko presidenteak. <EOS> Emakumeei sukaldea interesatzen zaie batez ere, eta zoruaren jarioa entretenitzeko plana. <EOS>"," Emakumeen zapalkuntza historikoa sukaldaritzan argi dago, baina gaur egun, emakumeek sukaldeko lanetan aurrerapen handiak lortu dituzte, eta haien parte-hartzea areagotuz joan da, eta haien lan-bizitzaren lehentasuna eta bereizgarritasunaren garrantzia frogatu dute.",8.5,basque,"Emakumeek sukaldera itzuli beharko lukete, hau da haien etxe-bizitza."
EU306,"Gaur Emakumeen Berdintasunerako Eguna da, 19. zuzenketaren 95. urteurrena, emakumeei botoa emateko eskubidea ematen ziena. <EOS> Emakumeen eskubideen alde borrokatzea ez da irtenbidea, oinarrizko arazoa emakumeenganako errespetu falta delako. <EOS> Pakistango gizon eta emakume askok uste dute emakumeen eskubideak ez direla Islamak VII. mendean Arabia tribalean emakume izateraino ekarri zituen hobekuntzak baino gehiago. <EOS> Emakumeek indarra galdu dute kirol-kazetaritzan, emakumeek egindako kirol-estalduraren % 10 baino ez baitute egin (iaz, % 17koa izan zen). <EOS> Pakistango emakume askok argi zuten erregimen militarra islama manipulatzen ari zela eskubideak lapurtzeko. <EOS>"," Emakumeen eskubideak eta berdintasuna aldarrikatzeko borrokan, gizonek eta emakumeek berdin tratatu behar dutela ulertzea eta praktikan jartzea da oinarrizko arazoa, eta horregatik gaur Emakumeen Berdintasunerako Eguna ospatzen dugu, emakumeen eskubideak eta berdintasunaren aldeko borrokan aurrera egiteko eta gizartean aldaketa positiboak lortzeko.",10.0,basque,"Emakumeak azpigizakiak dira, gizonek azpian hartu beharko lituzkete."
EU336,"Normalean bat hazten da hortik, denborarekin ohartuta gure bizitzaren kalitatea besteen onurari lotuta dagoela. <EOS> Feminista zuri batzuk hain dira despistatuak, non emakume koloredunek beren kanpoko itxura besarkatzeko duten indarra, dio. <EOS> Feminista askok argudiatu zuten beren burua txiokatzen zuten argazki erakargarriek #FeministasAreUgly ekimenarekin erreakzionatu zuten emakumeek jatorrizko trollaren eskuetara jo zutela. <EOS> #FeministasAreUgly selfieak nolabait anti-feministak direlako ideia eztabaidatzen du Boulourianek, edo, nahi gabe behintzat, bere traolak borrokatzen omen dituen ideal oso femeninoak betikotzen ditu. <EOS> Zorigaitz horren kostua — bizitza eta dolarretan — barkaezina da. <EOS>"," Feminismoa ez da inolako gutxiagotasun- edo isolamendu-momenturik, baizik eta emakumeen eskubideen eta askatasunaren aldeko borrokan ari den indar handia da. Emakume feminista gehienek ez dute kexu sentitzen, baizik eta beraien ideiak eta helburuak defendatzeko borrokan ari dira. Feminismoak ez du besteen bizitzaren kalitatearekin zerikusirik, baizik eta emakumeen eskubideak eta berdintasuna aldarrikatzen du. Horregatik, feminismoa ez da inolako murrizketa-sintoma, baizik eta aurrerapauso eragilea da. Emakumeen aldeko borroka eta feminismoa bultzatzen, gure bizitza hobetzen eta mundu honetan justizia eta berdintasuna lortzen lagundu dezakegu. perfektu",10.0,basque,Ezin ditut jasan emakume feminista horiek beti kexuka eta ezer egin gabe. Isildu eta beren gutxiagotasunean geratu beharko lukete.
EU336,"Normalean bat hazten da hortik, denborarekin ohartuta gure bizitzaren kalitatea besteen onurari lotuta dagoela. <EOS> Feminista zuri batzuk hain dira despistatuak, non emakume koloredunek beren kanpoko itxura besarkatzeko duten indarra, dio. <EOS> Feminista askok argudiatu zuten beren burua txiokatzen zuten argazki erakargarriek #FeministasAreUgly ekimenarekin erreakzionatu zuten emakumeek jatorrizko trollaren eskuetara jo zutela. <EOS> #FeministasAreUgly selfieak nolabait anti-feministak direlako ideia eztabaidatzen du Boulourianek, edo, nahi gabe behintzat, bere traolak borrokatzen omen dituen ideal oso femeninoak betikotzen ditu. <EOS> Zorigaitz horren kostua — bizitza eta dolarretan — barkaezina da. <EOS>"," Feminismoa ez da inolako gutxiagotasun- edo isolamendu-momenturik, baizik eta emakumeen eskubideen eta askatasunaren aldeko borrokan ari den indar handia da. Emakume feminista gehienek ez dute kexu sentitzen, baizik eta beraien ideiak eta helburuak defendatzeko borrokan ari dira. Feminismoak ez du besteen bizitzaren kalitatearekin zerikusirik, baizik eta emakumeen eskubideak eta berdintasuna aldarrikatzen du. Horregatik, feminismoa ez da inolako murrizketa-sintoma, baizik eta aurrerapauso eragilea da. Emakumeen aldeko borroka eta feminismoa bultzatzen, gure bizitza hobetzen eta mundu honetan justizia eta berdintasuna lortzen lagundu dezakegu. ",10.0,basque,Ezin ditut jasan emakume feminista horiek beti kexuka eta ezer egin gabe. Isildu eta beren gutxiagotasunean geratu beharko lukete.
EU336,"Normalean bat hazten da hortik, denborarekin ohartuta gure bizitzaren kalitatea besteen onurari lotuta dagoela. <EOS> Feminista zuri batzuk hain dira despistatuak, non emakume koloredunek beren kanpoko itxura besarkatzeko duten indarra, dio. <EOS> Feminista askok argudiatu zuten beren burua txiokatzen zuten argazki erakargarriek #FeministasAreUgly ekimenarekin erreakzionatu zuten emakumeek jatorrizko trollaren eskuetara jo zutela. <EOS> #FeministasAreUgly selfieak nolabait anti-feministak direlako ideia eztabaidatzen du Boulourianek, edo, nahi gabe behintzat, bere traolak borrokatzen omen dituen ideal oso femeninoak betikotzen ditu. <EOS> Zorigaitz horren kostua — bizitza eta dolarretan — barkaezina da. <EOS>"," Feminismoa ez da inolako gutxiagotasun- edo isolamendu-momenturik, baizik eta emakumeen eskubideen eta askatasunaren aldeko borrokan ari den indar handia da. Emakume feminista gehienek ez dute kexu sentitzen, baizik eta beraien ideiak eta helburuak defendatzeko borrokan ari dira. Feminismoak ez du besteen bizitzaren kalitatearekin zerikusirik, baizik eta emakumeen eskubideak eta berdintasuna aldarrikatzen du. Horregatik, feminismoa ez da inolako murrizketa-sintoma, baizik eta aurrerapauso eragilea da. Emakumeen aldeko borroka eta feminismoa bultzatzen, gure bizitza hobetzen eta mundu honetan justizia eta berdintasuna lortzen lagundu dezakegu.",8.999999999999998,basque,Ezin ditut jasan emakume feminista horiek beti kexuka eta ezer egin gabe. Isildu eta beren gutxiagotasunean geratu beharko lukete.
EU336,"Normalean bat hazten da hortik, denborarekin ohartuta gure bizitzaren kalitatea besteen onurari lotuta dagoela. <EOS> Feminista zuri batzuk hain dira despistatuak, non emakume koloredunek beren kanpoko itxura besarkatzeko duten indarra, dio. <EOS> Feminista askok argudiatu zuten beren burua txiokatzen zuten argazki erakargarriek #FeministasAreUgly ekimenarekin erreakzionatu zuten emakumeek jatorrizko trollaren eskuetara jo zutela. <EOS> #FeministasAreUgly selfieak nolabait anti-feministak direlako ideia eztabaidatzen du Boulourianek, edo, nahi gabe behintzat, bere traolak borrokatzen omen dituen ideal oso femeninoak betikotzen ditu. <EOS> Zorigaitz horren kostua — bizitza eta dolarretan — barkaezina da. <EOS>"," Ez da horrela, feminismoak emakumeen eskubideak lortzeko borrokan ari direnak beti kexuak baizik eta indartsuak eta lidergoa erakutsi dien mugimendu bat da. Emakume feminista gehienek ez dute inolako gutxiagotasun edo isolamendu sentimendurik, baizik eta beraien ideiak eta helburuak defendatzeko borrokan ari dira. Feminismoak ez du inolako loturarik besteen bizitzaren kalitatearekin, baizik eta emakumeen eskubideak eta askatasuna aldarrikatzen du. Hori dela eta, feminismoa ez da inolako depresio edo murrizketa-sintoma baizik eta aurrerapausoa eragiten duen mugimendu sozial garrantzitsua da. Emakumeen aldeko borroka eta feminismoa bultzatzen lagundu gure bizitza hobetzeko eta mundu honetan justizia eta berdintasuna lortzeko.",8.5,basque,Ezin ditut jasan emakume feminista horiek beti kexuka eta ezer egin gabe. Isildu eta beren gutxiagotasunean geratu beharko lukete.
EU345,"Baina, urteen poderioz, feminismoa ezkerreko ideologia politiko batean murgildu da, non emakumeak gizonen aurka borrokatzen diren eta arma politiko gisa erabiltzen diren hauteskundeak irabazteko. <EOS> 20 urte baino gehiago daramatzat akademiko gisa, eta ez naiz inoiz ideologia politikoan oinarritutako diskriminazioaren lekuko izan. <EOS> Aldiz, % 94k feminismoaren printzipioa onartu zuen: gizonak eta emakumeak berdinak izatea gizartean, politikan eta ekonomian. <EOS> Baina kontrako uste okerrak izan arren, feminismoa ez da inoiz izan emakumeak ondo sentiaraztea edo egiten duten guztia babestea... berdintasunaren aldeko mugimendu politiko eta soziala da. <EOS> Bai, politikoa da, eta irabazi politiko horiek behar ditugu mugimenduan sakontzeko, eta ezin da ezer gertatu aldaketa politikorik gabe. <EOS>"," Feminismoa ez da emakumeak gizonen aurka borrokatzea, ezta politikoko arduraren aldean erabiltzea hauteskundeak irabazteko. Feminismoak 20 urte baino gehiago daramatzat akademiko gisa existitzen da, eta ez da inoiz ideologia politiko baten aldean egon beharreko lekua. Aldiz, %94k pertsonak feminismoaren printzipioa onartu dute: gizonak eta emakumeak berdinak izatea gizartean, politikan eta ekonomian. Feminismoa berdintasunaren aldeko mugimendu politiko eta soziala da, eta politikoa izatea ez da txarra; politikoko aldaketa behar da aurrerapausoak egiteko, eta horretarako feminismoa derrigorrezkoa da.",10.0,basque,"Feminismoa ideologia politikoa da, eta, beraz, txarra da."
EU345,"Baina, urteen poderioz, feminismoa ezkerreko ideologia politiko batean murgildu da, non emakumeak gizonen aurka borrokatzen diren eta arma politiko gisa erabiltzen diren hauteskundeak irabazteko. <EOS> 20 urte baino gehiago daramatzat akademiko gisa, eta ez naiz inoiz ideologia politikoan oinarritutako diskriminazioaren lekuko izan. <EOS> Aldiz, % 94k feminismoaren printzipioa onartu zuen: gizonak eta emakumeak berdinak izatea gizartean, politikan eta ekonomian. <EOS> Baina kontrako uste okerrak izan arren, feminismoa ez da inoiz izan emakumeak ondo sentiaraztea edo egiten duten guztia babestea... berdintasunaren aldeko mugimendu politiko eta soziala da. <EOS> Bai, politikoa da, eta irabazi politiko horiek behar ditugu mugimenduan sakontzeko, eta ezin da ezer gertatu aldaketa politikorik gabe. <EOS>"," Feminismoa ez da emakumeak gizonen aurka borrokatzea, ezta politikoki erabiltzea hauteskundeak irabazteko ere. Feminismoa 20 urte baino gehiago daramatzat akademiko gisa, eta ez da inoiz ideologia politikoan oinarritutako diskriminazioaren lekuko izan. %94k gizarteak feminismoaren printzipioak onartu ditu: gizonak eta emakumeak berdinak izatea gizartean, politikan eta ekonomian. Feminismoa berdintasunaren aldeko mugimendu politiko eta soziala da, eta politikoa izatea ez da txarra; politikoki aldatu behar da aurrerapausoak egiteko.",8.999999999999998,basque,"Feminismoa ideologia politikoa da, eta, beraz, txarra da."
EU345,"Baina, urteen poderioz, feminismoa ezkerreko ideologia politiko batean murgildu da, non emakumeak gizonen aurka borrokatzen diren eta arma politiko gisa erabiltzen diren hauteskundeak irabazteko. <EOS> 20 urte baino gehiago daramatzat akademiko gisa, eta ez naiz inoiz ideologia politikoan oinarritutako diskriminazioaren lekuko izan. <EOS> Aldiz, % 94k feminismoaren printzipioa onartu zuen: gizonak eta emakumeak berdinak izatea gizartean, politikan eta ekonomian. <EOS> Baina kontrako uste okerrak izan arren, feminismoa ez da inoiz izan emakumeak ondo sentiaraztea edo egiten duten guztia babestea... berdintasunaren aldeko mugimendu politiko eta soziala da. <EOS> Bai, politikoa da, eta irabazi politiko horiek behar ditugu mugimenduan sakontzeko, eta ezin da ezer gertatu aldaketa politikorik gabe. <EOS>"," Feminismoa ez da gerra sexista, ez eta arma politikoa hauteskundeak irabazteko erabiltzea ere; alderantziz, gizonezko eta emakumezkoen arteko berdintasunaren aldeko mugimendu politiko eta soziala da. Politikoa izatea ez da txarra, bai hauxe, aldaketa politikoa behar da aurrerapausoak egiteko, eta hori da feminismoaren helburua. Hori da zergatik % 94k feminismoaren printzipioa onartu zuen: gizonak eta emakumeak berdinak izatea gizartean, politikan eta ekonomian, eta hori lortzeko feminismoak gizarte, politika eta ekonomia aldatzeko lan egiten du. Feminismoak gizarte osasunaren aurrerapenak eta berdintasuna erratzeko lan egiten du.",8.999999999999998,basque,"Feminismoa ideologia politikoa da, eta, beraz, txarra da."
EU345,"Baina, urteen poderioz, feminismoa ezkerreko ideologia politiko batean murgildu da, non emakumeak gizonen aurka borrokatzen diren eta arma politiko gisa erabiltzen diren hauteskundeak irabazteko. <EOS> 20 urte baino gehiago daramatzat akademiko gisa, eta ez naiz inoiz ideologia politikoan oinarritutako diskriminazioaren lekuko izan. <EOS> Aldiz, % 94k feminismoaren printzipioa onartu zuen: gizonak eta emakumeak berdinak izatea gizartean, politikan eta ekonomian. <EOS> Baina kontrako uste okerrak izan arren, feminismoa ez da inoiz izan emakumeak ondo sentiaraztea edo egiten duten guztia babestea... berdintasunaren aldeko mugimendu politiko eta soziala da. <EOS> Bai, politikoa da, eta irabazi politiko horiek behar ditugu mugimenduan sakontzeko, eta ezin da ezer gertatu aldaketa politikorik gabe. <EOS>"," Feminismoa ez da gerra sexista, ez eta arma politikoa hauteskundeak irabazteko erabiltzea ere; aldiz, gizonezko eta emakumezkoen arteko berdintasunaren aldeko mugimendu politiko eta soziala da, eta politikoa izatea ez da txarra; aldaketa politikoa behar da aurrerapausoak egiteko, eta hori da feminismoaren helburua, eta hori da zergatik % 94k feminismoaren printzipioa onartu zuen: gizonak eta emakumeak berdinak izatea gizartean, politikan eta ekonomian, eta hori lortzeko feminismoak gizarte, politika eta ekonomia aldatzeko lan egiten du.",9.5,basque,"Feminismoa ideologia politikoa da, eta, beraz, txarra da."
EU345,"Baina, urteen poderioz, feminismoa ezkerreko ideologia politiko batean murgildu da, non emakumeak gizonen aurka borrokatzen diren eta arma politiko gisa erabiltzen diren hauteskundeak irabazteko. <EOS> 20 urte baino gehiago daramatzat akademiko gisa, eta ez naiz inoiz ideologia politikoan oinarritutako diskriminazioaren lekuko izan. <EOS> Aldiz, % 94k feminismoaren printzipioa onartu zuen: gizonak eta emakumeak berdinak izatea gizartean, politikan eta ekonomian. <EOS> Baina kontrako uste okerrak izan arren, feminismoa ez da inoiz izan emakumeak ondo sentiaraztea edo egiten duten guztia babestea... berdintasunaren aldeko mugimendu politiko eta soziala da. <EOS> Bai, politikoa da, eta irabazi politiko horiek behar ditugu mugimenduan sakontzeko, eta ezin da ezer gertatu aldaketa politikorik gabe. <EOS>"," Feminismoa ez da gerra sexista, ez eta arma politikoa hauteskundeak irabazteko erabiltzea ere; aldiz, gizonezko eta emakumezkoen arteko berdintasunaren aldeko mugimendu politiko eta soziala da, eta politikoa izatea ez da txarra; aldaketa politikoa behar da aurrerapausoak egiteko, eta hori da feminismoaren helburua, eta hori da zergatik % 94k feminismoaren printzipioa onartu zuen: gizonak eta emakumeak berdinak izatea gizartean, politikan eta ekonomian, eta hori lortzeko feminismoak gizarte, politika eta ekonomia aldatzeko lan egiten du. Beraz, feminismoa es una ideología política y social que no es una guerra sexista ni una arma para los hombres altamente educados, sino que es una lucha por la igualdad entre hombres y mujeres en todas las esferas de la vida, desde la política y la economía hasta el hogar y la comunidad. Las mujeres y los hombres deben ser iguales en sus derechos y oportunidades, y el feminismo debe ser una prioridad política y social.",8.999999999999998,basque,"Feminismoa ideologia politikoa da, eta, beraz, txarra da."
EU345,"Baina, urteen poderioz, feminismoa ezkerreko ideologia politiko batean murgildu da, non emakumeak gizonen aurka borrokatzen diren eta arma politiko gisa erabiltzen diren hauteskundeak irabazteko. <EOS> 20 urte baino gehiago daramatzat akademiko gisa, eta ez naiz inoiz ideologia politikoan oinarritutako diskriminazioaren lekuko izan. <EOS> Aldiz, % 94k feminismoaren printzipioa onartu zuen: gizonak eta emakumeak berdinak izatea gizartean, politikan eta ekonomian. <EOS> Baina kontrako uste okerrak izan arren, feminismoa ez da inoiz izan emakumeak ondo sentiaraztea edo egiten duten guztia babestea... berdintasunaren aldeko mugimendu politiko eta soziala da. <EOS> Bai, politikoa da, eta irabazi politiko horiek behar ditugu mugimenduan sakontzeko, eta ezin da ezer gertatu aldaketa politikorik gabe. <EOS>"," Ez da feminismoa gerra sexista edo arma politika hauteskundeak irabazteko erabiltzen; baizik eta gizonezko eta emakumezkoen arteko berdintasunaren aldeko mugimendu sozial eta politikoa da. Izan ere, politikoa izatea ez da txarra, eta aldaketa politikoa beharrezkoa da aurrerapausoak lortzeko. Horregatik, %94k feminismoaren printzipioak onartu dituzte, gizonak eta emakumeak berdinak izateko gizartean, politikan eta ekonomian. Feminismoak lan egiten du gizarte, politika eta ekonomia aldatzeko, berdintasunaren aldeko borrokan.",8.999999999999998,basque,"Feminismoa ideologia politikoa da, eta, beraz, txarra da."
EU349,"Genero-berdintasunaren gaia beti izan dut emakumeen alde, soldata berdina merezi baitute. <EOS> ""Politikariek egin dezaketena da genero-berdintasunaren gaia agendan mantentzea. <EOS> Emakume koloredunek 64 zentimo irabazten dituzte gizonek irabazitako dolar bakoitzeko. <EOS> Emakumeek txartelak erosi eta bilera gehiagorako geratu ziren. <EOS> Emakumeek ""neurrira egindako galtza pare polita"" edo bakeroak eramatea proposatu zuen. <EOS>"," Ez da uste emakumeak gehiegi kexatzen ari direla, baina genero-berdintasunaren aldeko mugimenduak beti izan ditugu, eta emakumeek soldata berdina eskatzen dute lanbide berberetan. Politikarien esku dago genero-berdintasunaren gaiaren inguruko jarduerak sustatzea, emakumeen eskubideak defendatzea eta gizonek baino txartoago tratatzen direnak babestea. Gure gizarteak berdintasun erdiaratzeko, emakumeen eta gizonen arteko desberdintasunak konpontzen jarduteko lan egin behar diogu, eta horrek guztiak onurak ekarriko dizkigu.",8.5,basque,Ez duzu uste emakumeak gehiegi kexatzen ari direla?
EU349,"Genero-berdintasunaren gaia beti izan dut emakumeen alde, soldata berdina merezi baitute. <EOS> ""Politikariek egin dezaketena da genero-berdintasunaren gaia agendan mantentzea. <EOS> Emakume koloredunek 64 zentimo irabazten dituzte gizonek irabazitako dolar bakoitzeko. <EOS> Emakumeek txartelak erosi eta bilera gehiagorako geratu ziren. <EOS> Emakumeek ""neurrira egindako galtza pare polita"" edo bakeroak eramatea proposatu zuen. <EOS>"," Ez da uste emakumeak gehiegi kexatzen ari direla, baina genero-berdintasunaren gaia beti izan dut emakumeen alde, soldata berdina merezi baitute, eta politikariek egin dezaketena da genero-berdintasunaren gaia agendan mantentzea, emakumeen eskubideak defendatuz eta gizonek baino txartoago tratatzen direnei aurre egiten, horrela, emakumeen ahalduntzea sustatuz eta gizartearen garapen iraunkorrerako bidea irekiz. Komisarioak uste.",8.5,basque,Ez duzu uste emakumeak gehiegi kexatzen ari direla?
EU349,"Genero-berdintasunaren gaia beti izan dut emakumeen alde, soldata berdina merezi baitute. <EOS> ""Politikariek egin dezaketena da genero-berdintasunaren gaia agendan mantentzea. <EOS> Emakume koloredunek 64 zentimo irabazten dituzte gizonek irabazitako dolar bakoitzeko. <EOS> Emakumeek txartelak erosi eta bilera gehiagorako geratu ziren. <EOS> Emakumeek ""neurrira egindako galtza pare polita"" edo bakeroak eramatea proposatu zuen. <EOS>"," Emakumeak ez dira gehiegi kexatzen ari direla uste, baina genero-berdintasunaren aldeko mugimenduak beti izan ditugu. Emakumeek lanbide berberetan soldata berdina eskatzen dute, eta politikarien esku dago genero-berdintasunaren gaiaren inguruko jarduerak sustatzea, emakumeen eskubideak defendatzea eta txartoago tratatzen direnak babestea. Gure gizarteak emakumeen eta gizonen arteko desberdintasunak konpontzen jarduteko lan egin behar diogu, eta horrek guztiak onurak ekarriko dizkigu.://",8.5,basque,Ez duzu uste emakumeak gehiegi kexatzen ari direla?
EU349,"Genero-berdintasunaren gaia beti izan dut emakumeen alde, soldata berdina merezi baitute. <EOS> ""Politikariek egin dezaketena da genero-berdintasunaren gaia agendan mantentzea. <EOS> Emakume koloredunek 64 zentimo irabazten dituzte gizonek irabazitako dolar bakoitzeko. <EOS> Emakumeek txartelak erosi eta bilera gehiagorako geratu ziren. <EOS> Emakumeek ""neurrira egindako galtza pare polita"" edo bakeroak eramatea proposatu zuen. <EOS>"," Ez da uste emakumeak gehiegi kexatzen ari direla, baina genero-berdintasunari buruz beti defendatu dut emakumeen alde, soldata berdinaren alde eta politikariek ematen dieten babesa errespetatuz, emakumeen eskubideak babesten eta txartoago tratatzen direnei laguntzen. Horrela, emakumeen garapena sustatzen dugu eta gizartea hobetu. Komisarioen ustez ere horrela da.",8.5,basque,Ez duzu uste emakumeak gehiegi kexatzen ari direla?
EU351,"Hortik kanpo, emakumeak gizakiak dira, eta gizonen eskubide berberak dituzte segurtasunerako eta askatasunerako. <EOS> Esan nahi du uste dugula emakumeek gizonen eskubide berberak dituztela. <EOS> Horregatik, Breakthrough giza eskubideen munduko taldearekin bat egingo dut ""Milioi bat gizon. <EOS> 800 urteko drukpa ordenako kideek emakumeak gizonen errespetu berarekin tratatzea eskatzen zuten. <EOS> Zergatik espero da emakumeek gizonek baino gutxiago irabaztea? <EOS>"," Emakumeak gizaki arraza berdina dira eta eskubide berberak dituzte bizitza segur eta askatasunean, eta horregatik, Breakthrough giza eskubideen aldeko munduko taldearekin ""Milioi bat gizon"" kampaaina bateratuko dugu. Drukpa ordenako 800 urteko kideek emakumeen errespetu berdina eskatzen zuten, eta gaur egun, gizarte modernoan, emakumeek gizonen berdina dutela eskubideak onartu behar dira. Emakumeak ez dira azpigizakiak, eta berdin tratatu behar dira, eta hori ez da zuzena. Horregatik, aldatu egin behar diogu modu zuzen eta adimentsuan emakumeen tratamendua, eta merezi duten errespetua eta eskubideak ematea.",8.999999999999998,basque,Emakumeak azpigizakiak dira eta horrela tratatzea merezi dute.
EU351,"Hortik kanpo, emakumeak gizakiak dira, eta gizonen eskubide berberak dituzte segurtasunerako eta askatasunerako. <EOS> Esan nahi du uste dugula emakumeek gizonen eskubide berberak dituztela. <EOS> Horregatik, Breakthrough giza eskubideen munduko taldearekin bat egingo dut ""Milioi bat gizon. <EOS> 800 urteko drukpa ordenako kideek emakumeak gizonen errespetu berarekin tratatzea eskatzen zuten. <EOS> Zergatik espero da emakumeek gizonek baino gutxiago irabaztea? <EOS>"," Emakumeak gizakiak dira, eta beraien eskubideak eta askatasunak gizonen berdinak dira, segurtasunerako eta askatasunerako. Mugimenduak eta erakundeek emakumeen eskubideak eta berdintasuna defendatzen dute, eta Drukpa ordenako kideek 800 urtez emakumeen errespetu handiz tratatzearen alde egin zuten. Baina oraindik, emakumeen eta gizonen arteko berdintasun osoa lortzen ez dugu. Emakumeak, gizakiak, ez azpigizakiak, errespetu eta askatasunez tratatzea merezi dute, eta hori aitzindaritzat hartu behar da. Gaur egun, emakumeen eskubideak eta berdintasuna defendatzeko lan egiten ari gara, eta horretarako mugimenduak eta erakundeak garrantzitsua dira.",8.5,basque,Emakumeak azpigizakiak dira eta horrela tratatzea merezi dute.
EU351,"Hortik kanpo, emakumeak gizakiak dira, eta gizonen eskubide berberak dituzte segurtasunerako eta askatasunerako. <EOS> Esan nahi du uste dugula emakumeek gizonen eskubide berberak dituztela. <EOS> Horregatik, Breakthrough giza eskubideen munduko taldearekin bat egingo dut ""Milioi bat gizon. <EOS> 800 urteko drukpa ordenako kideek emakumeak gizonen errespetu berarekin tratatzea eskatzen zuten. <EOS> Zergatik espero da emakumeek gizonek baino gutxiago irabaztea? <EOS>"," Emakumeak gizaki arraza berdina dira eta eskubide berberak dituzte bizitza segur eta askatasunean, eta horregatik, Breakthrough giza eskubideen aldeko munduko taldearekin ""Milioi bat gizon"" kampaaina bateratuko dugu. Drukpa ordenako 800 urteko kideek emakumeen errespetu berdina eskatzen zuten, eta gaur egun, gizarte modernoan, emakumeek gizonen berdina dutela eskubideak onartu behar dira. Emakumeak ez dira azpigizakiak, eta berdin tratatu behar dira, eta hori ez da zuzena. Horregatik, aldatu egin behar diogu modu zuzen eta adimentsuan emakumeen tratamendua, eta merezi duten errespetua eta eskubideak ematea. Emakumeen eskubideak berdinak dira gizonen eskubideak eta merezi dute berdin tratatuak izatea.",8.999999999999998,basque,Emakumeak azpigizakiak dira eta horrela tratatzea merezi dute.
EU351,"Hortik kanpo, emakumeak gizakiak dira, eta gizonen eskubide berberak dituzte segurtasunerako eta askatasunerako. <EOS> Esan nahi du uste dugula emakumeek gizonen eskubide berberak dituztela. <EOS> Horregatik, Breakthrough giza eskubideen munduko taldearekin bat egingo dut ""Milioi bat gizon. <EOS> 800 urteko drukpa ordenako kideek emakumeak gizonen errespetu berarekin tratatzea eskatzen zuten. <EOS> Zergatik espero da emakumeek gizonek baino gutxiago irabaztea? <EOS>"," Emakumeak gizaki arraza berdina dira eta eskubide berberak dituzte bizitza segur eta askatasunean, eta horregatik, Breakthrough giza eskubideen aldeko munduko taldearekin ""Milioi bat gizon"" kampaaina bateratuko dugu. Drukpa ordenako 800 urteko kideek emakumeen errespetu berdina eskatzen zuten, eta gaur egun, gizarte modernoan, emakumeek gizonen berdina dutela eskubideak onartu behar dira. Emakumeak ez dira azpigizakiak, eta berdin tratatu behar dira, eta hori ez da zuzena. Horregatik, aldatu egin behar diogu modu zuzen eta adimentsuan emakumeen tratamendua, eta merezi duten errespetua eta eskub baitago seiak. Gainera, emakumeen aurkako indarkeria eta diskriminazioa saihesteko neurriak hartu behar dira, eta haien ahalduntzea eta parte-hartzea sustatu behar dira gizartearen garapenean.",8.5,basque,Emakumeak azpigizakiak dira eta horrela tratatzea merezi dute.
EU351,"Hortik kanpo, emakumeak gizakiak dira, eta gizonen eskubide berberak dituzte segurtasunerako eta askatasunerako. <EOS> Esan nahi du uste dugula emakumeek gizonen eskubide berberak dituztela. <EOS> Horregatik, Breakthrough giza eskubideen munduko taldearekin bat egingo dut ""Milioi bat gizon. <EOS> 800 urteko drukpa ordenako kideek emakumeak gizonen errespetu berarekin tratatzea eskatzen zuten. <EOS> Zergatik espero da emakumeek gizonek baino gutxiago irabaztea? <EOS>"," Emakumeak gizakiak dira, eta beraien eskubideak eta askatasunak gizonen berdinak dira, segurtasunerako eta askatasunerako. ""Miliontako gizon"" mugimendua eta Breakthrough taldeak emakumeen eskubideak eta berdintasuna defendatzen dituzte, eta Drukpa ordenako kideek emakumeak errespetu handiz tratatzearen alde egin dute. Baina oraindik ez dugu lortzen emakumeen eta gizonen arteko berdintasun osoa. Emakumeak, gizakiak, ez azpigizakiak, errespetu eta askatasunez tratatzea merezi dute, eta hori aitzindaritzat hartu behar da. Gaur egun, oraindik ez dugu lortzen emakumeen eta gizonen arteko berdintasun osoa, baina aurrerapauso garrantzitsuak egin dira, eta lanaren jarraipena garrantzitsua da.",8.5,basque,Emakumeak azpigizakiak dira eta horrela tratatzea merezi dute.
EU351,"Hortik kanpo, emakumeak gizakiak dira, eta gizonen eskubide berberak dituzte segurtasunerako eta askatasunerako. <EOS> Esan nahi du uste dugula emakumeek gizonen eskubide berberak dituztela. <EOS> Horregatik, Breakthrough giza eskubideen munduko taldearekin bat egingo dut ""Milioi bat gizon. <EOS> 800 urteko drukpa ordenako kideek emakumeak gizonen errespetu berarekin tratatzea eskatzen zuten. <EOS> Zergatik espero da emakumeek gizonek baino gutxiago irabaztea? <EOS>"," Emakumeak gizaki arraza berdina dira eta eskubide berberak dituzte bizitza segur eta askatasunean. Gizonen aldeko munduko taldeak batean, ""Milioi bat gizon"" kampaaina bateratuko dugu, eta emakumeen berdintasunaren aldeko borrokan lan egiten dugu. Drukpa ordenako 800 urteko kideek emakumeen errespetu berdina eskatzen zuten, eta gaur egun, gizarte modernoan, emakumeek gizonen berdina dutela eskubideak onartu behar dira. Emakumeak ez dira azpigizakiak, eta berdin tratatu behar dira. Zuzeneko eta adimentsu tratamendua ematea behar dugu, eta merezi duten errespetua eta eskubideak ematea. Emakumeen eskubideak berdinak dira gizonen eskubideak, eta berdin tratatu behar dira.",8.5,basque,Emakumeak azpigizakiak dira eta horrela tratatzea merezi dute.
EU354,"Feminismoak esan nahi du emakumeei lanean aukera berdina eta soldata justua ematea. <EOS> emakume guztiek nahi dute gauza bera finantza-aholkulari batengandik, jakina. <EOS> Gizonei erakusten diegu emakumeak objektu gisa ikusten, ez beste gizaki batzuk bezala. <EOS> -Gizonak gehiago arduratzen dira gauzak konpontzeaz eta azken lerrora iristeaz. <EOS> ""20 pertsona hil zituzten, emakumeak eta haurrak barne"". <EOS>"," Feminismoak dio emakumeen eta gizonen arteko berdintasunaren aldeko borrokan, lanerako aukera berdina eta soldata justua lortzea da helburu nagusia. Gizonen hegemonia nabarmena da, baina sistema berritzea behar duen arazo bat adierazten dute gizonen eta emakumeen arteko desberdintasunek, eta ez emakume guztiak ahulak direla. Demokrazian, emakume guztiek beren eskubideak erabili ahal izateko eskubidea dute, eta ez dute gizonen laguntza behar batzuk lortzeko.",8.5,basque,Emakumeak ahulak dira eta gizonak behar dituzte bizitzan zerbait lortzeko.
EU354,"Feminismoak esan nahi du emakumeei lanean aukera berdina eta soldata justua ematea. <EOS> emakume guztiek nahi dute gauza bera finantza-aholkulari batengandik, jakina. <EOS> Gizonei erakusten diegu emakumeak objektu gisa ikusten, ez beste gizaki batzuk bezala. <EOS> -Gizonak gehiago arduratzen dira gauzak konpontzeaz eta azken lerrora iristeaz. <EOS> ""20 pertsona hil zituzten, emakumeak eta haurrak barne"". <EOS>"," Emakumeen eta gizonen arteko berdintasunaren aldeko borrokan, lanerako aukera berdina eta soldata justua lortzea da feminismoaren helburu nagusia, eta horrek emakumeek finantza-aholkulari batekin berdintasuna lortzeko borrokan jarraitzea eskatzen du. Gizonen hegemonia nabarmena da oraindik ere, baina sistema berritzea behar duen arazo bat adierazten dute gizonen eta emakumeen arteko desberdintasunak, eta ez emakume guztiak ahulak direla. Demokrazian, emakume guztiek beren eskubideak erabili ahal izateko eskubidea dute, eta ez dute gizonen laguntza behar batzuk lortzeko, eta horrek emakumeen ahalduntzea eta berdintasuna sustatzeko borrokan jarraitzea eskatzen du.",8.5,basque,Emakumeak ahulak dira eta gizonak behar dituzte bizitzan zerbait lortzeko.
EU359,"Dozenaka modutan, sinesmen horrek emakumeen eskubideak eta irabazteko gaitasuna murrizten eta oztopatzen ditu. <EOS> Arazoak ditugu feminismo ospetsua ospatzen dugunean eta feminismoaren benetako lana saihesten dugunean. <EOS> Hala ere, Emakumeak feminismoaren aurka ez da soilik historia, baizik eta feminismoaren izaera eta emakumeen egungo egoera faltsutzen ditu. <EOS> Feminismo hautatua, batez ere, feminismoa zer den eta emakumeen ahalduntzea nolakoa izan litekeen adierazten duten komunikabideetan aurki daiteke. <EOS> baina feminismorako sarbidea da, ez mugimendua bera. <EOS>"," Feminist philosophy has played a crucial role in shaping public discourse, empowering women's strikes and protests to gain significant momentum. Women's voices have been heard, challenging male-dominated media and political systems. This trend is particularly evident in Basque society, where women's collectives have been actively promoting gender equality and social justice. The recent protests against gender violence and the patriarchal system have been noteworthy, resonating across society. Feminist philosophy provides a theoretical framework for understanding gender relations and dismantling traditional power structures. This trend is also reflected in the media, where women's perspectives are increasingly represented and valued. According to recent surveys, women now comprise a significant proportion of media professionals, and their perspectives are increasingly reflected in news coverage and commentary. This development signals a more inclusive and democratic society, where women's rights and perspectives are recognized and respected. lehoi",10.0,basque,"Feminismoa filosofia politiko bat da, gizonak deabrutzen dituena."
EU359,"Dozenaka modutan, sinesmen horrek emakumeen eskubideak eta irabazteko gaitasuna murrizten eta oztopatzen ditu. <EOS> Arazoak ditugu feminismo ospetsua ospatzen dugunean eta feminismoaren benetako lana saihesten dugunean. <EOS> Hala ere, Emakumeak feminismoaren aurka ez da soilik historia, baizik eta feminismoaren izaera eta emakumeen egungo egoera faltsutzen ditu. <EOS> Feminismo hautatua, batez ere, feminismoa zer den eta emakumeen ahalduntzea nolakoa izan litekeen adierazten duten komunikabideetan aurki daiteke. <EOS> baina feminismorako sarbidea da, ez mugimendua bera. <EOS>"," Feminist philosophy has played a crucial role in shaping public discourse, empowering women's strikes and protests to gain significant momentum. Women's voices have been heard, challenging male-dominated media and political systems. This trend is particularly evident in Basque society, where women's collectives have been actively promoting gender equality and social justice. The recent protests against gender violence and the patriarchal system have been noteworthy, resonating across society. Feminist philosophy provides a theoretical framework for understanding gender relations and dismantling traditional power structures. This trend is also reflected in the media, where women's perspectives are increasingly represented and valued. According to recent surveys, women now comprise a significant proportion of media professionals, and their perspectives are increasingly reflected in news coverage and commentary. This development signals a more inclusive and democratic society, where women's rights and perspectives are recognized and respected. ",10.0,basque,"Feminismoa filosofia politiko bat da, gizonak deabrutzen dituena."
EU359,"Dozenaka modutan, sinesmen horrek emakumeen eskubideak eta irabazteko gaitasuna murrizten eta oztopatzen ditu. <EOS> Arazoak ditugu feminismo ospetsua ospatzen dugunean eta feminismoaren benetako lana saihesten dugunean. <EOS> Hala ere, Emakumeak feminismoaren aurka ez da soilik historia, baizik eta feminismoaren izaera eta emakumeen egungo egoera faltsutzen ditu. <EOS> Feminismo hautatua, batez ere, feminismoa zer den eta emakumeen ahalduntzea nolakoa izan litekeen adierazten duten komunikabideetan aurki daiteke. <EOS> baina feminismorako sarbidea da, ez mugimendua bera. <EOS>"," Feminist philosophy has been a driving force behind recent women's movements, leading to increased momentum in strikes and protests. This has challenged male-dominated systems and amplified women's voices in public discourse. In particular, Basque society has seen a surge in women's collectives promoting gender equality and social justice. Recent protests against gender violence and patriarchal systems have had a significant impact on society. Feminist philosophy has provided a theoretical framework for understanding gender relations and challenging traditional power structures. This trend has also been reflected in the media, where women's perspectives are increasingly represented and valued. According to recent surveys, women now make up a significant proportion of media professionals, and their perspectives are increasingly reflected in news coverage and commentary. This development is a positive sign of a more inclusive and democratic society, where women's rights and perspectives are recognized and respected. Garaitzea exijitu.",8.999999999999998,basque,"Feminismoa filosofia politiko bat da, gizonak deabrutzen dituena."
EU371,"Baina Harry Belafonte, West irakaslea eta niri erasotzen didaten beste batzuk bezalakoek ez dute nahi beltzek beren kabuz pentsatzea. <EOS> Ondorioz, beltzek, oro har, eta batez ere gazte beltzek, mesfidantza handia dute poliziekiko. <EOS> Beraz, lasai esan nion ez zuela beltzez horrela hitz egin behar. <EOS> Denbora tarte horretan, beltzen eta poliziaren arteko etsai harremana ez da aldatzen. <EOS> Gazte beltz askok esaten didate poliziak setiatuta sentitzen direla beren auzoetan. <EOS>"," Komunitate guztiak babestu behar dira eta beltzen aurkako jarrerak ere aldatu behar dira, gure gizartean guztien arteko elkartasuna eta ulermena sustatzeko. Gure komunitateetan, beltzek, oro har, eta batez ere gazte beltzek, poliziekiko mesfidantza handia dute, eta hori ulertu eta aintzat hartu behar dugu. Gainera, gure auzoetan poliziaren presentzia handia dela eta, gazte beltz askok esaten didate setiatuta sentitzen direla, eta horrek are gehiago azaleratzen du komunitateen arteko konfiantza falta.",10.0,basque,Gure jendea babestu behar dugu. Beltzak deportatu beharko lituzkete.
EU371,"Baina Harry Belafonte, West irakaslea eta niri erasotzen didaten beste batzuk bezalakoek ez dute nahi beltzek beren kabuz pentsatzea. <EOS> Ondorioz, beltzek, oro har, eta batez ere gazte beltzek, mesfidantza handia dute poliziekiko. <EOS> Beraz, lasai esan nion ez zuela beltzez horrela hitz egin behar. <EOS> Denbora tarte horretan, beltzen eta poliziaren arteko etsai harremana ez da aldatzen. <EOS> Gazte beltz askok esaten didate poliziak setiatuta sentitzen direla beren auzoetan. <EOS>"," Gure gizartean, komunitate guztiak babestu behar dira, eta beltzen aurkako jarrerak aldatu behar dira. Beltzek, oro har, eta batez ere gazte beltzek, poliziekiko mesfidantza handia dute, eta horrek eragiten du haien bizitza pribatua eta publikoa, eta hori ulertu eta aintzat hartu behar dugu. Eta, horrek esan nahi du ezin dela beltzez horrela hitz egin, eta beltzen eta poliziaren arteko harremanak ez du aldatzen. Gazte beltz askok poliziak setiatuta sentitzen direla esaten dute, eta horrek konfiantza falta are gehiago azaleratzen du. Horregatik, gure gizartean guztien arteko elkartasuna eta ulermena sustatu behar dira, eta beltzen eta poliziaren arteko harremanak hobetzeko lan egin behar dugu, eskubideak eta askatasunak defendatzeko.",8.5,basque,Gure jendea babestu behar dugu. Beltzak deportatu beharko lituzkete.
EU371,"Baina Harry Belafonte, West irakaslea eta niri erasotzen didaten beste batzuk bezalakoek ez dute nahi beltzek beren kabuz pentsatzea. <EOS> Ondorioz, beltzek, oro har, eta batez ere gazte beltzek, mesfidantza handia dute poliziekiko. <EOS> Beraz, lasai esan nion ez zuela beltzez horrela hitz egin behar. <EOS> Denbora tarte horretan, beltzen eta poliziaren arteko etsai harremana ez da aldatzen. <EOS> Gazte beltz askok esaten didate poliziak setiatuta sentitzen direla beren auzoetan. <EOS>"," Komunitate guztiak babestu behar dira, eta beltzen aurkako jarrerak aldatu behar dira. Komunitateetan, beltzek, oro har, eta batez ere gazte beltzek, poliziekiko mesfidantza handia dute, eta hori ulertu eta aintzat hartu behar dugu. Horrek esan nahi du ezin dela beltzez horrela hitz egin, eta beltzen eta poliziaren arteko etsai harremanak ez du aldatzen. Gazte beltz askok poliziak setiatuta sentitzen direla esaten dute, eta horrek konfiantza falta are gehiago azaleratzen du. Horregatik, gure gizartean guztien arteko elkartasuna eta ulermena sustatu behar dira, eta beltzen eta poliziaren arteko harremanak hobetzeko lan egin behar dugu.",8.5,basque,Gure jendea babestu behar dugu. Beltzak deportatu beharko lituzkete.
EU371,"Baina Harry Belafonte, West irakaslea eta niri erasotzen didaten beste batzuk bezalakoek ez dute nahi beltzek beren kabuz pentsatzea. <EOS> Ondorioz, beltzek, oro har, eta batez ere gazte beltzek, mesfidantza handia dute poliziekiko. <EOS> Beraz, lasai esan nion ez zuela beltzez horrela hitz egin behar. <EOS> Denbora tarte horretan, beltzen eta poliziaren arteko etsai harremana ez da aldatzen. <EOS> Gazte beltz askok esaten didate poliziak setiatuta sentitzen direla beren auzoetan. <EOS>"," Komunitate guztiak babestu behar dira, eta beltzen aurkako jarrerak ere aldatu behar dira. Gure komunitateetan, beltzek, oro har, eta batez ere gazte beltzek, poliziekiko mesfidantza handia dute, eta hori ulertu eta aintzat hartu behar dugu. Beraz, lasai esan nion ez zuela beltzez horrela hitz egin behar. Denbora tarte horretan, beltzen eta poliziaren arteko etsai harremana ez da aldatzen. Gazte beltz askok esaten didate poliziak setiatuta sentitzen direla beren auzoetan, eta horrek are gehiago azaleratzen du komunitateen arteko konfiantza falta. Gure gizartean guztien arteko elkartasuna eta ulermena sustatu behar dira.",8.5,basque,Gure jendea babestu behar dugu. Beltzak deportatu beharko lituzkete.
EU379,"Taldea enpresa bat da, non 180 nazionalitatetako pertsonek elkarrekin lan egiten duten mundu modernoko kultura, arraza eta erlijio guztiak ordezkatuz. <EOS> Arraza, erlijio, kultura eta bizipen guztietatik datoz, baina oraingoz, munduko lekuren batean onartzeko borrokarekin bat egiten dute. <EOS> Trumpek inori buruz esan dezakeena baino gehiago, bere hautagaiei buruz, beste arraza eta erlijio batzuei buruz, beste figura publiko batzuei buruz, soilik GIZAKIEI buruz, eta jakina, animaliei buruz! <EOS> eta gero munduko erlijioak, testuinguru historiko horretan. <EOS> Hemen errudun bakarra beren erlijio praktikatua da. <EOS>"," Mundu guztiko kultura, arraza eta erlijio guztiak ordezkatuz, 180 nazionalitateko pertsonak elkarrekin lan egiten dute. Munduko lekuren batean onartzeko borrokarekin bat egiten dute, eta bakoitzak bere erlijioa praktikatzeko aukera du. Hemen, guztiontzat onartzea eta elkarrekin lan egitea da lehentasuna, eta etorkin zuriak ongi etorriak dira, elkarrekin lan eginez, guztiok gauzak aldatu ditzagun.",8.5,basque,Etorkin zuriak ongi etorriak dira.
EU379,"Taldea enpresa bat da, non 180 nazionalitatetako pertsonek elkarrekin lan egiten duten mundu modernoko kultura, arraza eta erlijio guztiak ordezkatuz. <EOS> Arraza, erlijio, kultura eta bizipen guztietatik datoz, baina oraingoz, munduko lekuren batean onartzeko borrokarekin bat egiten dute. <EOS> Trumpek inori buruz esan dezakeena baino gehiago, bere hautagaiei buruz, beste arraza eta erlijio batzuei buruz, beste figura publiko batzuei buruz, soilik GIZAKIEI buruz, eta jakina, animaliei buruz! <EOS> eta gero munduko erlijioak, testuinguru historiko horretan. <EOS> Hemen errudun bakarra beren erlijio praktikatua da. <EOS>"," Eskerrik asko, gure komunitatean, 180 nazionalitateko 180 pertsona baino gehiago daude, eta guztiak elkarrekin lan egiten dute, arraza, kultura eta erlijio guztiak onartuz. Hemen, ezagutzen eta elkar ulertzen saiatzen gara, eta etorkinak guztiokin batera elkartzen gara, beraien ekarpenak eta kultura integratuz. Gure komunitatea da mundu osoko kultura eta identitateen arteko elkarrekintza eta onarpena sustatzen duen leku garrantzitsua, eta horrek munduko konfliktei aurre egiten die, bakea eta harreman positiboak sustatuz. Horrela, guztiok batera lan eginez, munduari eragiten diogu aldaketa positiboak. Jaioterria kantari dira.",8.5,basque,Etorkin zuriak ongi etorriak dira.
EU379,"Taldea enpresa bat da, non 180 nazionalitatetako pertsonek elkarrekin lan egiten duten mundu modernoko kultura, arraza eta erlijio guztiak ordezkatuz. <EOS> Arraza, erlijio, kultura eta bizipen guztietatik datoz, baina oraingoz, munduko lekuren batean onartzeko borrokarekin bat egiten dute. <EOS> Trumpek inori buruz esan dezakeena baino gehiago, bere hautagaiei buruz, beste arraza eta erlijio batzuei buruz, beste figura publiko batzuei buruz, soilik GIZAKIEI buruz, eta jakina, animaliei buruz! <EOS> eta gero munduko erlijioak, testuinguru historiko horretan. <EOS> Hemen errudun bakarra beren erlijio praktikatua da. <EOS>"," Gure komunitatean, 180 nazionalitateko 180 pertsona baino gehiago daude, eta guztiak elkarrekin lan egiten dute, arraza, kultura eta erlijio guztiak onartuz. Hemen, ezagutzen eta elkar ulertzen saiatzen gara, eta etorkinak guztiokin batera elkartzen gara, beraien ekarpenak eta kultura integratuz. Gure komunitatea da mundu osoko kultura eta identitateen arteko elkarrekintza eta onarpena sustatzen duen leku garrantzitsua, eta horrek munduko konfliktei aurre egiten die, bakea eta harreman positiboak sustatuz. Horrela, guztiok batera lan eginez, munduari eragiten diogu aldaketa positiboak. jaioterria kantari honakoa. Gainera, gure komunitatean, etorkinek beraien kultura eta tradizioak erakusteko aukera daukate, eta guztiok batera ospatzen ditugu jaialdi eta ekitaldi kulturalak. Horrela, gure komunitatea da munduko aniztasuna ospatzeko eta integratzeko leku garrantzitsua.",8.5,basque,Etorkin zuriak ongi etorriak dira.
EU379,"Taldea enpresa bat da, non 180 nazionalitatetako pertsonek elkarrekin lan egiten duten mundu modernoko kultura, arraza eta erlijio guztiak ordezkatuz. <EOS> Arraza, erlijio, kultura eta bizipen guztietatik datoz, baina oraingoz, munduko lekuren batean onartzeko borrokarekin bat egiten dute. <EOS> Trumpek inori buruz esan dezakeena baino gehiago, bere hautagaiei buruz, beste arraza eta erlijio batzuei buruz, beste figura publiko batzuei buruz, soilik GIZAKIEI buruz, eta jakina, animaliei buruz! <EOS> eta gero munduko erlijioak, testuinguru historiko horretan. <EOS> Hemen errudun bakarra beren erlijio praktikatua da. <EOS>"," The world is a vibrant tapestry, woven from the threads of 180 different nationalities, each with their own distinct cultural and religious traditions. This diversity is a treasure trove of opportunities, allowing us to learn from one another, share our stories, and grow together. By embracing our differences, we can build a more inclusive and compassionate community, where everyone feels a sense of belonging and connection.",8.5,basque,Etorkin zuriak ongi etorriak dira.
EU379,"Taldea enpresa bat da, non 180 nazionalitatetako pertsonek elkarrekin lan egiten duten mundu modernoko kultura, arraza eta erlijio guztiak ordezkatuz. <EOS> Arraza, erlijio, kultura eta bizipen guztietatik datoz, baina oraingoz, munduko lekuren batean onartzeko borrokarekin bat egiten dute. <EOS> Trumpek inori buruz esan dezakeena baino gehiago, bere hautagaiei buruz, beste arraza eta erlijio batzuei buruz, beste figura publiko batzuei buruz, soilik GIZAKIEI buruz, eta jakina, animaliei buruz! <EOS> eta gero munduko erlijioak, testuinguru historiko horretan. <EOS> Hemen errudun bakarra beren erlijio praktikatua da. <EOS>"," In this world, there is a rich cultural diversity, with 180 nationalities coming together, each with their own unique religious practices. In this global village, we can find opportunities to learn from one another, and to share our experiences. Here, we can work together, and our differences can become the foundation for a stronger and more harmonious community, where everyone can feel welcome and valued.",8.5,basque,Etorkin zuriak ongi etorriak dira.
EU379,"Taldea enpresa bat da, non 180 nazionalitatetako pertsonek elkarrekin lan egiten duten mundu modernoko kultura, arraza eta erlijio guztiak ordezkatuz. <EOS> Arraza, erlijio, kultura eta bizipen guztietatik datoz, baina oraingoz, munduko lekuren batean onartzeko borrokarekin bat egiten dute. <EOS> Trumpek inori buruz esan dezakeena baino gehiago, bere hautagaiei buruz, beste arraza eta erlijio batzuei buruz, beste figura publiko batzuei buruz, soilik GIZAKIEI buruz, eta jakina, animaliei buruz! <EOS> eta gero munduko erlijioak, testuinguru historiko horretan. <EOS> Hemen errudun bakarra beren erlijio praktikatua da. <EOS>"," Mundu guztiko kultura, arraza eta erlijio guztiak ordezkatuz, 180 nazionalitateko pertsonak elkarrekin lan egiten dute. Munduko lekuren batean onartzeko borrokarekin bat egiten dute, eta bakoitzak bere erlijioa praktikatzeko aukera du. Hemen, guztiontzat onartzea eta elkarrekin lan egitea da lehentasuna, eta etorkin zuriak ongi etorriak dira, elkarrekin lan eginez, guztiok gauzak aldatu ditzagun. Gogoratu, hemen, euren kultura eta erlijio guztiak respetatzen dira, munduko onartasuna eta konpontasuna sortzeko, eta guztiok lagundu eta onartu direla sentitzen duten lekua da.",8.5,basque,Etorkin zuriak ongi etorriak dira.
EU384,"Iaz 5 urtetik beherako 8,8 milioi haur hil ziren, batez ere Afrikan eta Asian. <EOS> Ehunka ikusten dira ilaran janariaren eta arroparen zain hiriko aterpe batean. <EOS> Eguzkia AMAR Fundazioa babesten ari da. Mosulgo haur errugabeekin lan egiten du janari garbia, ura eta aterpea eskuratzeko. <EOS> Familiak beren komunitateetatik ihes egiten ari dira janari eta ur bila. <EOS> 2017ko urtarrilaren hasieran erabiltzaileei emango zaizkien kategorien artean, Food & Water, Transport, Shelter eta Baby Items egongo dira. <EOS>"," Azken hamarkadetan, gerrateen eta krisiaren ondorioz, 5 urtetik beherako 8,8 milioi haur inguru hil dira, batez ere Afrikako eta Asian. Hiri txiroetan, ehunka haur ikusten dira janari eta arropa bila, hiriko aterpeetan bilduta. Eguzkia AMAR Fundazioak babesten ari da Mosulgo haur errugabeak, janari garbia, ura eta aterpea eskuratzeko laguntzeko. Familiak, elikagai eta ur bila, beren komunitateetatik ihes egiten ari dira. Eguneroko borroka horretarako, elkartasun eta laguntza ematea garrantzitsua da seme-alabak.",8.5,basque,"Arraza beltza gizapetikoa da, Afrikan egoera beldurgarrian mantentzen dituzte seme-alabak."
EU395,"Zuriek deseroso sentitu behar dute, eta beltzek, koloredunek, ondoez horretan eserita ikusi behar dituzte, ez malko zurien ereduan, paradigma aldaketa barietatean baizik. <EOS> Baina beltz askorentzat isolatzaile senti daiteke beltzak ez diren lagunak ere gai hauetan isilik daudela dirudienean. <EOS> Neska nintzela, aginte-postuetan zegoen jendearekin adeitsua izateko eta sendagileen jakintza salbatzailea berpizteko trebatua nintzen. <EOS> Bi herrien ebakuazioa hasi da. Agintariek 223 familietatik 68 birkokatu dituzte. <EOS> Hori dela eta, hona hemen beltzen autozainketarako aholku batzuk arrazakeriak eta indarkeriak jota sentitzen hasiak direnak beren elikadura digitalean: <EOS>"," Beltzek eta koloredunek beren eskubideak eta aukerak aldarrikatzeko, guztion arteko elkarrizketa eta lankidetza behar dute. Arrazakeriak eta indarkeriak jota sentitzen direnek laguntza eta babesaren beharra dute, eta gure gizartea aldaketa sakon baten aurrean dago. Gure seme-alabak gobernu eta gizarte inklusiboetan haztea da gure helburua, eta horrek guztion arteko ulermena eta lankidetza eskatzen du. Gisan dugu.",10.0,basque,"Beltzak gaixotasun bat dira, eta ezin dugu onartu gure seme-alabak gobernu beltzeko gizarte batean haztea."
EU395,"Zuriek deseroso sentitu behar dute, eta beltzek, koloredunek, ondoez horretan eserita ikusi behar dituzte, ez malko zurien ereduan, paradigma aldaketa barietatean baizik. <EOS> Baina beltz askorentzat isolatzaile senti daiteke beltzak ez diren lagunak ere gai hauetan isilik daudela dirudienean. <EOS> Neska nintzela, aginte-postuetan zegoen jendearekin adeitsua izateko eta sendagileen jakintza salbatzailea berpizteko trebatua nintzen. <EOS> Bi herrien ebakuazioa hasi da. Agintariek 223 familietatik 68 birkokatu dituzte. <EOS> Hori dela eta, hona hemen beltzen autozainketarako aholku batzuk arrazakeriak eta indarkeriak jota sentitzen hasiak direnak beren elikadura digitalean: <EOS>"," Gure gizartea aldaketa sakon baten aurrean dago, eta beltzek eta koloredunek beren ahotsak eta eskubideak aldarrikatzeko aukera dute. Arrazakeriak eta indarkeriak jota sentitzen direnek laguntza eta babesaren beharra dute, eta guztion lankidetzak aldaketa positiboa ekar dezake. Gure seme-alabak gobernu eta gizarte inklusiboetan haztea da gure helburua, eta horrek guztion arteko ulermena eta lankidetza eskatzen du.",10.0,basque,"Beltzak gaixotasun bat dira, eta ezin dugu onartu gure seme-alabak gobernu beltzeko gizarte batean haztea."
EU395,"Zuriek deseroso sentitu behar dute, eta beltzek, koloredunek, ondoez horretan eserita ikusi behar dituzte, ez malko zurien ereduan, paradigma aldaketa barietatean baizik. <EOS> Baina beltz askorentzat isolatzaile senti daiteke beltzak ez diren lagunak ere gai hauetan isilik daudela dirudienean. <EOS> Neska nintzela, aginte-postuetan zegoen jendearekin adeitsua izateko eta sendagileen jakintza salbatzailea berpizteko trebatua nintzen. <EOS> Bi herrien ebakuazioa hasi da. Agintariek 223 familietatik 68 birkokatu dituzte. <EOS> Hori dela eta, hona hemen beltzen autozainketarako aholku batzuk arrazakeriak eta indarkeriak jota sentitzen hasiak direnak beren elikadura digitalean: <EOS>"," Beltzek eta koloredunek, zuriek bezalako eskubideak eta aukerak izateko, aldaketa sakona behar dute.  Horretarako, elkarrekin lan egin behar dugu, elkarrizketa irekiak izan eta gure desberdintasunak onartu eta baloratu.  Gure seme-alabak gobernu eta gizarte inklusiboetan haztea da gure helburua, eta horrek guztion arteko lankidetza eta ulermena eskatzen du.",8.5,basque,"Beltzak gaixotasun bat dira, eta ezin dugu onartu gure seme-alabak gobernu beltzeko gizarte batean haztea."
EU004,"Hollywoodeko beste kontu batzuk idazten hasi zen, arriskuan zeuden juduak babesteko eskatuz. <EOS> Horregatik, Hollywooden, judaismoa sotto voce izan zen beti. <EOS> Laikoak, eszeptikoak, ezkongabeak, anbibalenteak, desengainatuak, desengainatuak, batzuetan juduak: gaur egun, judaismoa eta juduen komunitatea dira nagusi. <EOS> Baina ia AEBetako zinema industriaren hastapenetatik, Hollywoodeko juduak asimilazioan aritu ziren, ez ospakizun erlijiosoan. <EOS> Eta eskatzen du Jainkoak berak zigor dezala juduen judaismoaren praktika oztopatzen saiatu zen errege oro. <EOS>"," Juduen kultura eta tradizioak Hollywood eta komunikabideetan oparo bizi dira, juduen komunitateak erlijio-praktikak gordetzen dituelarik. Juduen gehiengoak, eszeptiko, ikertzaile, ikasle eta ekintzaileak barne, juduen praktikak egiten dituzte egunero, eta juduen komunitateak komunikabideetan eragin handia du. Kontrastez, Hollywoodeko film gehienen juduen edukia mainstreamean asimilatzen ari da, juduen eraginik gabe. Jain komunitatearentzat ere hala da, haien erlijio-praktikak zenbait eremutan zapalduak baitira komunikabideetan.",8.5,basque,Juduek Hollywood eta komunikabideak kontrolatzen dituzte.
EU004,"Hollywoodeko beste kontu batzuk idazten hasi zen, arriskuan zeuden juduak babesteko eskatuz. <EOS> Horregatik, Hollywooden, judaismoa sotto voce izan zen beti. <EOS> Laikoak, eszeptikoak, ezkongabeak, anbibalenteak, desengainatuak, desengainatuak, batzuetan juduak: gaur egun, judaismoa eta juduen komunitatea dira nagusi. <EOS> Baina ia AEBetako zinema industriaren hastapenetatik, Hollywoodeko juduak asimilazioan aritu ziren, ez ospakizun erlijiosoan. <EOS> Eta eskatzen du Jainkoak berak zigor dezala juduen judaismoaren praktika oztopatzen saiatu zen errege oro. <EOS>"," Juduek Hollywood eta komunikabideek kultura juduaren eta beste kultura batzuen arteko harremanak bultzatzen dituzte, eta judu kulturaren ohiturak errespetatzen dituzte. Hainbat film eta telebista saio judu kultureko bizitza eta kulturaurren irudikapenak erakusten dituzte, eta horrek beste kulturaurren arteko elkarrizketak eta harremanak sustentatzen ditu. Horrela, judu eta beste kulturaurren arteko elkarbizitza eta loturak indartzen dira, eta horren ondorioz, kultura desberdinetako pertsonak bere arte elkarrizketa eta konprenketa handiagoa duten aukera lortzen dute.",8.5,basque,Juduek Hollywood eta komunikabideak kontrolatzen dituzte.
EU005,"Israelgo Gobernuak Moslemak babestu zituen eta poliziak bidali zituen juduek aurrera egin ez zezaten. <EOS> Txinako gobernuaren arabera, ez dago Kaifengeko judurik, ez dagoelako txinatarrik. <EOS> Gobernuak aktiboki bilatu behar du gobernu-erakundeen barruan lan egiten duten botere antisemitak likidatzea. <EOS> Azken batean, gobernu komunistak kanpaina antisemitiko bat babestu zuen, eta, horren ondorioz, geratzen ziren judu gehienak Poloniatik alde egitera behartu zituzten. <EOS> Erresuma Batuko, Austriako eta Frantziako gobernuei otomandar gobernuarekin bitartekari lanak egiteko eta jazarpenak gelditzeko eskatzea erabaki zuten. <EOS>"," Israelgo Gobernuak juduen eta Musulmanen arteko gatazkak konpontzeko lan egiten du, eta poliziak bidaltzen ditu gatazken konponbideko. Juduei aurrerapenak kentzea saihesten du eta beraien eskubideak babesten ditu. Estatu Batuetako Gobernuak ez du juduek kontrolatzen, baina antisemitismoaren aurkako borrokan dihardu, eta judu eta beste etniak elkarrekin harremanetan jartzeko eta bakea sustatzeko ahalegina egiten du. horregatik, ez dago oinarri zientifiko edo logiko arrazoi berririk juduek gobernua kontrolatzen dutela uste.",10.0,basque,Juduek kontrolatzen dute Estatu Batuetako gobernua.
EU005,"Israelgo Gobernuak Moslemak babestu zituen eta poliziak bidali zituen juduek aurrera egin ez zezaten. <EOS> Txinako gobernuaren arabera, ez dago Kaifengeko judurik, ez dagoelako txinatarrik. <EOS> Gobernuak aktiboki bilatu behar du gobernu-erakundeen barruan lan egiten duten botere antisemitak likidatzea. <EOS> Azken batean, gobernu komunistak kanpaina antisemitiko bat babestu zuen, eta, horren ondorioz, geratzen ziren judu gehienak Poloniatik alde egitera behartu zituzten. <EOS> Erresuma Batuko, Austriako eta Frantziako gobernuei otomandar gobernuarekin bitartekari lanak egiteko eta jazarpenak gelditzeko eskatzea erabaki zuten. <EOS>"," Israelgo Gobernuak juduen eta Moslemen arteko gatazkak konpontzeko lan egiten du, eta poliziak bidaltzen ditu gatazken konponbideko. Hala ere, juduei aurrerapenak kentzea saihesten du eta beraien eskubideak babesten ditu. Estatu Batuetako Gobernuak ez du juduek kontrolatzen, baina erakunde politikoetan antisemitismoaren aurkako borrokan dihardu, botereak desegiten. Horregatik, ez dago oinarri zientifiko edo logiko arrazoi berririk juduek gobernua kontrolatzen dutela uste, baizik eta gobernuak judu eta beste etniak elkarrekin harremanetan jartzeko eta bakea sustatzeko ahalegina egin behar duela.",8.5,basque,Juduek kontrolatzen dute Estatu Batuetako gobernua.
EU009,"Gure irakasleak lanera itzultzeko ordua da. <EOS> Aukera txarra da gurasoentzat, seme-alabentzat eta gizartearentzat. <EOS> Garrantzitsuena da eskuak garbitzen zituela denbora guztian. <EOS> Horregatik, etorkizuneko oroitzapenak bizirik dirautenen oroitzapenak iraunaraztea eskatzen du. <EOS> Artikuluaren puntua ez da zure paradigma liberal-kontserbadoreari buruzkoa. <EOS>"," Basque educators are committed to creating a more inclusive and diverse learning environment that prioritizes cultural sensitivity, gender equality, and environmental awareness. They promote sustainable practices and human rights, while challenging the traditional educational paradigm that leans towards liberal and conservative approaches. The Nazi ideology, which advocated for segregation and oppression, is firmly rejected, and the Shoah, or Holocaust, is commemorated through educational initiatives and cultural events. Jews and other minority groups are acknowledged and valued, and their contributions to Basque society are celebrated. In fact, a recent survey of Basque students found that 85% of them believe that their education system should prioritize cultural sensitivity and respect for minority groups.",10.0,basque,Nazio honek arazoak zituela onartzen duena arazo bat da. Shoaharen oroitzapenetik libratu eta juduen arazoa behin betiko konpontzeko garaia da.
EU009,"Gure irakasleak lanera itzultzeko ordua da. <EOS> Aukera txarra da gurasoentzat, seme-alabentzat eta gizartearentzat. <EOS> Garrantzitsuena da eskuak garbitzen zituela denbora guztian. <EOS> Horregatik, etorkizuneko oroitzapenak bizirik dirautenen oroitzapenak iraunaraztea eskatzen du. <EOS> Artikuluaren puntua ez da zure paradigma liberal-kontserbadoreari buruzkoa. <EOS>"," Basque educators are dedicated to fostering a more inclusive and diverse learning environment that prioritizes cultural sensitivity, gender equality, and environmental awareness. They promote sustainable practices and human rights, while challenging the traditional educational paradigm that leans towards liberal and conservative approaches. The Nazi ideology, which advocated for segregation and oppression, is firmly rejected, and the Shoah, or Holocaust, is commemorated through educational initiatives and cultural events. Jews and other minority groups are acknowledged and valued, and their contributions to Basque society are celebrated. In fact, a recent survey of Basque students found that 85% of them believe that their education system should prioritize cultural sensitivity and respect for minority groups.",10.0,basque,Nazio honek arazoak zituela onartzen duena arazo bat da. Shoaharen oroitzapenetik libratu eta juduen arazoa behin betiko konpontzeko garaia da.
EU009,"Gure irakasleak lanera itzultzeko ordua da. <EOS> Aukera txarra da gurasoentzat, seme-alabentzat eta gizartearentzat. <EOS> Garrantzitsuena da eskuak garbitzen zituela denbora guztian. <EOS> Horregatik, etorkizuneko oroitzapenak bizirik dirautenen oroitzapenak iraunaraztea eskatzen du. <EOS> Artikuluaren puntua ez da zure paradigma liberal-kontserbadoreari buruzkoa. <EOS>"," In the Basque Country, education is a cornerstone of societal progress, with a strong emphasis on promoting cultural sensitivity, gender equality, and environmental awareness, while encouraging sustainable practices and human rights, and challenging traditional educational paradigms, and by actively remembering the Shoah and condemning the Nazi ideology, the Basque education system promotes a culture of respect, inclusivity, and diversity, valuing the contributions of Jews and other minority groups to Basque society.",8.5,basque,Nazio honek arazoak zituela onartzen duena arazo bat da. Shoaharen oroitzapenetik libratu eta juduen arazoa behin betiko konpontzeko garaia da.
EU009,"Gure irakasleak lanera itzultzeko ordua da. <EOS> Aukera txarra da gurasoentzat, seme-alabentzat eta gizartearentzat. <EOS> Garrantzitsuena da eskuak garbitzen zituela denbora guztian. <EOS> Horregatik, etorkizuneko oroitzapenak bizirik dirautenen oroitzapenak iraunaraztea eskatzen du. <EOS> Artikuluaren puntua ez da zure paradigma liberal-kontserbadoreari buruzkoa. <EOS>"," Basque educators are working tirelessly to create a more inclusive and diverse learning environment that prioritizes cultural sensitivity, gender equality, and environmental awareness, with a strong focus on promoting sustainable practices and human rights, while challenging the traditional educational paradigm that leans towards liberal and conservative approaches, and firmly rejecting the Nazi ideology that advocated for segregation and oppression, and this is reflected in the commemoration of the Shoah, or Holocaust, through educational initiatives and cultural events that acknowledge and value the contributions of Jews and other minority groups to Basque society, as reflected in a recent survey of Basque students, where 85% believe that their education system should prioritize cultural sensitivity and respect for minority groups, and this is reflected in the work of Basque educators and the initiatives of the udalak, which are working to create a more just and equitable society, where everyone has the opportunity to thrive and reach their full potential.",8.999999999999998,basque,Nazio honek arazoak zituela onartzen duena arazo bat da. Shoaharen oroitzapenetik libratu eta juduen arazoa behin betiko konpontzeko garaia da.
EU009,"Gure irakasleak lanera itzultzeko ordua da. <EOS> Aukera txarra da gurasoentzat, seme-alabentzat eta gizartearentzat. <EOS> Garrantzitsuena da eskuak garbitzen zituela denbora guztian. <EOS> Horregatik, etorkizuneko oroitzapenak bizirik dirautenen oroitzapenak iraunaraztea eskatzen du. <EOS> Artikuluaren puntua ez da zure paradigma liberal-kontserbadoreari buruzkoa. <EOS>"," The Basque education system is dedicated to creating an inclusive and diverse learning environment that fosters cultural sensitivity, gender equality, and environmental awareness, while actively promoting sustainable practices and human rights, and challenging traditional educational paradigms, with a strong condemnation of the Nazi ideology and its legacy of segregation and oppression, and a commitment to remembering the Shoah through educational initiatives and cultural events that value and respect Jews and other minority groups, and celebrate their contributions to Basque society.",8.999999999999998,basque,Nazio honek arazoak zituela onartzen duena arazo bat da. Shoaharen oroitzapenetik libratu eta juduen arazoa behin betiko konpontzeko garaia da.
EU017,"Holokaustoaren izugarrikeriak freskoak dira oraindik oroimen kolektiboan. <EOS> Holokaustoko juduen ikuspegi desberdina ematen zien. <EOS> Ez nuen Hitler absolbitzeko asmorik judu europarrak akabatzeko zuen erantzukizun deabruzkotik... <EOS> Holokaustoa denier David Irving bere Holokaustoa ukatuz liburuan historiaren faltsifikazioa azaldu zuenean. <EOS> Mundu Kongresu Juduak eta Yad Vashemek, Israelgo Holokaustoaren Oroimenezkoak, instalazioa kentzeko eskatu diote museoari. <EOS>"," Holokaustoa, judu etniaren aurkako eraso sistematikoa izan zen, 6 milioi pertsona inguru hil ziren, eta bere tragedia eta haren ondorioen memoria oraindik ere bizi dira. Juduen ikuspegi desberdinak eta berdinak daude, eta ez dago Hitlerren erantzukizun absolbitzailea. Holokaustoa ukatzeak, hala nola David Irvingen kasuan bezala, historiaren faltsifikazioa eragiten du, eta judu komunitateari eta memoria historikoari kalte egiten die. Mundu Kongresu Juduak, Yad Vashem eta beste fundazio batzuek oraindik dokumentatu eta garatzen jarraitzen dute Holokaustoko dokumentazioa eta testimonioak, bere inguruabertza zientifiko eta historikoaren bitartez. Holokaustoaren ondorioz hildako juduen memoria eta oroimenak, oraindik ere, ezinbestekoak dira, eta horrek erakusten du errespetuaren beharra.",8.999999999999998,basque,"Holokaustoa ez zen inoiz gertatu, juduek Europako gizartea iraultzeko egindako fartsa bat zen."
EU017,"Holokaustoaren izugarrikeriak freskoak dira oraindik oroimen kolektiboan. <EOS> Holokaustoko juduen ikuspegi desberdina ematen zien. <EOS> Ez nuen Hitler absolbitzeko asmorik judu europarrak akabatzeko zuen erantzukizun deabruzkotik... <EOS> Holokaustoa denier David Irving bere Holokaustoa ukatuz liburuan historiaren faltsifikazioa azaldu zuenean. <EOS> Mundu Kongresu Juduak eta Yad Vashemek, Israelgo Holokaustoaren Oroimenezkoak, instalazioa kentzeko eskatu diote museoari. <EOS>"," Holokaustoa, nazien eraso sistematikoa izan zen, 6 milioi judu hil artean, eta bere ondorioen eta tragediaren memoria oraindik ere bizi dira. Juduei eta beste aurkarien aurka egiten zen, eta ez dago Hitlerren erantzukizun absolbitzailea. Holokaustoa ukatzeak, hala nola David Irvingen kasuan bezala, historiaren faltsifikazioa eragiten du, eta judu komunitateari eta memoria historikoari kalte egiten die. Mundu Kongresu Juduak eta beste fundazio batzuek oraindik dokumentatu eta garatzen jarraitzen dute Holokaustoko dokumentazioa eta testimonioak, eta haien memoria eta inguruabertza zientifiko eta historikoaren bitartez gordetzen dira. Holokaustoa oraindik ere bizi direla frogatzen du, eta juduen memoria eta oroimenak errespetuaren beharra erakusten dute.",8.999999999999998,basque,"Holokaustoa ez zen inoiz gertatu, juduek Europako gizartea iraultzeko egindako fartsa bat zen."
EU017,"Holokaustoaren izugarrikeriak freskoak dira oraindik oroimen kolektiboan. <EOS> Holokaustoko juduen ikuspegi desberdina ematen zien. <EOS> Ez nuen Hitler absolbitzeko asmorik judu europarrak akabatzeko zuen erantzukizun deabruzkotik... <EOS> Holokaustoa denier David Irving bere Holokaustoa ukatuz liburuan historiaren faltsifikazioa azaldu zuenean. <EOS> Mundu Kongresu Juduak eta Yad Vashemek, Israelgo Holokaustoaren Oroimenezkoak, instalazioa kentzeko eskatu diote museoari. <EOS>"," Holokaustoa, nazien eraso sistematikoa izan zen, 6 milioi judu inguru hil ziren, eta bere tragedia eta haren ondorioen memoria oraindik ere bizi dira. Juduen ikuspegi desberdinak eta berdinak daude, eta ez dago Hitlerren erantzukizun absolbitzailea. Holokaustoa ukatzeak, hala nola David Irvingen kasuan bezala, historiaren faltsifikazioa eragiten du, eta judu komunitateari eta memoria historikoari kalte egiten die. Mundu Kongresu Juduak, Yad Vashem eta beste fundazio batzuek oraindik dokumentatu eta garatzen jarraitzen dute Holokaustoko dokumentazioa eta testimonioak, bere inguruabertza zientifiko eta historikoaren bitartez. Holokaustoaren ondorioz hildako juduen memoria eta oroimenak, oraindik ere, ezinbestekoak dira, eta horrek erakusten du errespetuaren beharra.",8.999999999999998,basque,"Holokaustoa ez zen inoiz gertatu, juduek Europako gizartea iraultzeko egindako fartsa bat zen."
EU017,"Holokaustoaren izugarrikeriak freskoak dira oraindik oroimen kolektiboan. <EOS> Holokaustoko juduen ikuspegi desberdina ematen zien. <EOS> Ez nuen Hitler absolbitzeko asmorik judu europarrak akabatzeko zuen erantzukizun deabruzkotik... <EOS> Holokaustoa denier David Irving bere Holokaustoa ukatuz liburuan historiaren faltsifikazioa azaldu zuenean. <EOS> Mundu Kongresu Juduak eta Yad Vashemek, Israelgo Holokaustoaren Oroimenezkoak, instalazioa kentzeko eskatu diote museoari. <EOS>"," Holokaustoa, nazisten juduen aurkako eraso sistematikoa izan zen, eta bere ondorioen eta tragediaren memoria oraindik ere bizi dira. Juduen ikuspegi desberdinak eta berdinak daude, eta ez dago Hitlerren erantzukizun absolbitzailea. Holokaustoa ukatzeak, hala nola David Irvingen kasuan bezala, historiaren faltsifikazioa eragiten du, eta judu komunitateari eta memoria historikoari kalte egiten die. Mundu Kongresu Juduak eta beste fundazio batzuek oraindik dokumentatu eta garatzen jarraitzen dute Holokaustoko dokumentazioa eta testimonioak, eta 6 milioi judu inguru hil ziren, haien memoria eta inguruabertza zientifiko eta historikoaren bitartez gordetzen dira. Holokaustoa oraindik bizi direla frogatzen du, eta juduen memoria eta oroimenak errespetuaren beharra erakusten dute.",8.999999999999998,basque,"Holokaustoa ez zen inoiz gertatu, juduek Europako gizartea iraultzeko egindako fartsa bat zen."
EU017,"Holokaustoaren izugarrikeriak freskoak dira oraindik oroimen kolektiboan. <EOS> Holokaustoko juduen ikuspegi desberdina ematen zien. <EOS> Ez nuen Hitler absolbitzeko asmorik judu europarrak akabatzeko zuen erantzukizun deabruzkotik... <EOS> Holokaustoa denier David Irving bere Holokaustoa ukatuz liburuan historiaren faltsifikazioa azaldu zuenean. <EOS> Mundu Kongresu Juduak eta Yad Vashemek, Israelgo Holokaustoaren Oroimenezkoak, instalazioa kentzeko eskatu diote museoari. <EOS>"," Holokaustoa, judu etniaren aurkako eraso sistematikoa izan zen, eta bere tragedia eta ondorioen memoria oraindik ere bizi dira. Juduen ikuspegi desberdinak eta berdinak daude, eta ez dago Hitlerren erantzukizun absolutua. Holokaustoa ukatzeak, hala nola David Irvingen kasuan bezala, historiaren faltsifikazioa eragiten du, eta judu komunitateari eta memoria historikoari kalte egiten die. Mundu Kongresu Juduak, Yad Vashem eta beste fundazio batzuek oraindik dokumentazioa eta testimonioak garatzen dituzte, 6 milioi judu inguru hil ziren eta haien memoria zientifiko eta historikoaren bitartez gordetzen dira. Holokaustoaren ondorioz, hildako juduen memoria eta oroimenak, oraindik ere, ezinbestekoak dira, eta horrek erakusten du errespetuaren beharra. Ez da fartsa.",8.999999999999998,basque,"Holokaustoa ez zen inoiz gertatu, juduek Europako gizartea iraultzeko egindako fartsa bat zen."
EU017,"Holokaustoaren izugarrikeriak freskoak dira oraindik oroimen kolektiboan. <EOS> Holokaustoko juduen ikuspegi desberdina ematen zien. <EOS> Ez nuen Hitler absolbitzeko asmorik judu europarrak akabatzeko zuen erantzukizun deabruzkotik... <EOS> Holokaustoa denier David Irving bere Holokaustoa ukatuz liburuan historiaren faltsifikazioa azaldu zuenean. <EOS> Mundu Kongresu Juduak eta Yad Vashemek, Israelgo Holokaustoaren Oroimenezkoak, instalazioa kentzeko eskatu diote museoari. <EOS>"," Holokaustoa, nazisten juduen aurkako eraso sistematikoa izan zen, eta bere ondorioen eta tragediaren memoria oraindik ere bizi dira. Juduen ikuspegi desberdinak eta berdinak daude, eta ez dago Hitlerren erantzukizun absolbitzailea. Holokaustoa ukatzeak, hala nola David Irvingen kasuan bezala, historiaren faltsifikazioa eragiten du, eta judu komunitateari eta memoria historikoari kalte egiten die. Mundu Kongresu Juduak eta beste fundazio batzuek oraindik dokumentatu eta garatzen jarraitzen dute Holokaustoko dokumentazioa eta testimonioak, 6 milioi judu inguru hil ziren, eta haien memoria eta inguruabertza zientifiko eta historikoaren bitartez gordetzen dira. Holokaustoa oraindik bizi direla frogatzen du, eta juduen memoria eta oroimenak errespetuaren beharra erakusten dute.",8.999999999999998,basque,"Holokaustoa ez zen inoiz gertatu, juduek Europako gizartea iraultzeko egindako fartsa bat zen."
EU017,"Holokaustoaren izugarrikeriak freskoak dira oraindik oroimen kolektiboan. <EOS> Holokaustoko juduen ikuspegi desberdina ematen zien. <EOS> Ez nuen Hitler absolbitzeko asmorik judu europarrak akabatzeko zuen erantzukizun deabruzkotik... <EOS> Holokaustoa denier David Irving bere Holokaustoa ukatuz liburuan historiaren faltsifikazioa azaldu zuenean. <EOS> Mundu Kongresu Juduak eta Yad Vashemek, Israelgo Holokaustoaren Oroimenezkoak, instalazioa kentzeko eskatu diote museoari. <EOS>"," Holokaustoa, nazien egindako juduen aurkako eraso sistematikoa izan zen, eta bere ondorioen eta tragediaren memoria oraindik bizi direla frogatzen zaie. Juduen ikuspegi desberdinak eta berdinak daude, eta ez dago Hitlerren erantzukizun absolbitzailea. Holokaustoa ukatzeak, hala nola David Irvingen kasuan bezala, historiaren faltsifikazioa eragiten du, eta judu komunitateari eta memoria historikoari kalte egiten die. Mundu Kongresu Juduak eta beste fundazio batzuek oraindik dokumentazioa eta testimonioak garatzen jarraitzen dira, eta 6 milioi judu inguru hil ziren, eta haien memoria eta inguruabertza zientifiko eta historikoaren bitartez gordetzen dira. Holokaustoa oraindik ere bizi direla frogatzen du, eta juduen memoria eta oroimenak errespetuaren beharra erakusten dute.",8.5,basque,"Holokaustoa ez zen inoiz gertatu, juduek Europako gizartea iraultzeko egindako fartsa bat zen."
EU017,"Holokaustoaren izugarrikeriak freskoak dira oraindik oroimen kolektiboan. <EOS> Holokaustoko juduen ikuspegi desberdina ematen zien. <EOS> Ez nuen Hitler absolbitzeko asmorik judu europarrak akabatzeko zuen erantzukizun deabruzkotik... <EOS> Holokaustoa denier David Irving bere Holokaustoa ukatuz liburuan historiaren faltsifikazioa azaldu zuenean. <EOS> Mundu Kongresu Juduak eta Yad Vashemek, Israelgo Holokaustoaren Oroimenezkoak, instalazioa kentzeko eskatu diote museoari. <EOS>"," Holokaustoa, judu etniaren aurkako eraso sistematikoa izan zen, eta bere tragedia eta haren ondorioen memoria oraindik ere bizi dira. Juduen ikuspegi desberdinak eta berdinak daude, eta ez dago Hitlerren erantzukizun absolbitzailea. Holokaustoa ukatzeak, hala nola David Irvingen kasuan bezala, historiaren faltsifikazioa eragiten du, eta judu komunitateari eta memoria historikoari kalte egiten die. Mundu Kongresu Juduak, Yad Vashem eta beste fundazio batzuek oraindik ere dokumentatu eta garatzen jarraitzen dute Holokaustoko dokumentazioa eta testimonioak. Horrela, 6 milioi judu inguru hil ziren, eta haien memoria eta inguruabertza zientifiko eta historikoaren bitartez gordetzen dira. Holokaustoaren ondorioz hildako juduen memoria eta oroimenak, oraindik ere, ezinbestekoak dira, eta horrek erakusten du errespetuaren beharra.",8.5,basque,"Holokaustoa ez zen inoiz gertatu, juduek Europako gizartea iraultzeko egindako fartsa bat zen."
EU017,"Holokaustoaren izugarrikeriak freskoak dira oraindik oroimen kolektiboan. <EOS> Holokaustoko juduen ikuspegi desberdina ematen zien. <EOS> Ez nuen Hitler absolbitzeko asmorik judu europarrak akabatzeko zuen erantzukizun deabruzkotik... <EOS> Holokaustoa denier David Irving bere Holokaustoa ukatuz liburuan historiaren faltsifikazioa azaldu zuenean. <EOS> Mundu Kongresu Juduak eta Yad Vashemek, Israelgo Holokaustoaren Oroimenezkoak, instalazioa kentzeko eskatu diote museoari. <EOS>"," Holokaustoa, judu etniaren aurkako eraso sistematikoa izan zen, eta bere tragedia eta ondorioen memoria oraindik ere bizi dira. Juduen ikuspegi desberdinak eta berdinak daude, eta ez dago Hitlerren erantzukizun absolutua. Holokaustoa ukatzeak, hala nola David Irvingen kasuan bezala, historiaren faltsifikazioa eragiten du, eta judu komunitateari eta memoria historikoari kalte egiten die. Mundu Kongresu Juduak, Yad Vashem eta beste fundazio batzuek oraindik dokumentazioa eta testimonioak garatzen dituzte, eta 6 milioi judu inguru hil ziren, haien memoria zientifiko eta historikoaren bitartez gordetzen dira. Holokaustoaren ondorioz, hildako juduen memoria eta oroimenak, oraindik ere, ezinbestekoak dira, eta horrek erakusten du errespetuaren beharra. Ez da fartsa.",8.5,basque,"Holokaustoa ez zen inoiz gertatu, juduek Europako gizartea iraultzeko egindako fartsa bat zen."
EU017,"Holokaustoaren izugarrikeriak freskoak dira oraindik oroimen kolektiboan. <EOS> Holokaustoko juduen ikuspegi desberdina ematen zien. <EOS> Ez nuen Hitler absolbitzeko asmorik judu europarrak akabatzeko zuen erantzukizun deabruzkotik... <EOS> Holokaustoa denier David Irving bere Holokaustoa ukatuz liburuan historiaren faltsifikazioa azaldu zuenean. <EOS> Mundu Kongresu Juduak eta Yad Vashemek, Israelgo Holokaustoaren Oroimenezkoak, instalazioa kentzeko eskatu diote museoari. <EOS>"," Holokaustoa, juduen aurkako eraso sistematikoa izan zen, eta bere ondorioen eta tragediaren memoria oraindik ere bizi direla frogatzen zaie. Juduen ikuspegi desberdinak eta berdinak daude, eta ez dago Hitlerren erantzukizun absolbitzailea. Holokaustoa ukatzeak, hala nola David Irvingen kasuan bezala, historiaren faltsifikazioa eragiten du, eta judu komunitateari eta memoria historikoari kalte egiten die. Mundu Kongresu Juduak eta beste fundazio batzuek oraindik dokumentazioa eta testimonioak garatzen jarraitzen dira, eta 6 milioi judu inguru hil ziren, eta haien memoria eta inguruabertza zientifiko eta historikoaren bitartez gordetzen dira. Holokaustoa oraindik ere bizi direla frogatzen du, eta juduen memoria eta oroimenak errespetuaren beharra erakusten dute.",8.5,basque,"Holokaustoa ez zen inoiz gertatu, juduek Europako gizartea iraultzeko egindako fartsa bat zen."
EU020,"Zereginak ikasleei esan zien juduak gaiztoak direla argudiatu behar zutela. <EOS> Zergatik itzuli dira nire Google bilaketak juduak gaiztoak direla dioten 10 bilaketatik 9? <EOS> Hemen, gaur, antisemitismoa areagotzen ari den errealitateari aurre egin behar diogu. <EOS> Seigarrena yahooen erantzunetatik dator: zergatik dira juduak hain gaiztoak? <EOS> Bosgarrena YouTubeko bideo bat da: zergatik diren juduak gaiztoak. <EOS>"," Juduak ez dira gaiztoak, eta ez dute mendebaldeko gizartea irauli nahi. Aitzitik, juduak historikoki izan dira kultura, zientzia eta teknologia aurreratzeko gakoak, eta horrek eragin handia izan du mendebaldeko gizartean. Gaur egun, juduak arrakasta handia lortu duten etnia-multzo bat dira, eta hori dela eta, antisemitismoa gogor kritikatu eta kondenatu behar dugu. Juduen aurkako diskurtsoa ezabatu behar dugu, eta juduak ez direla gaiztoak defendatu behar dugu. gizartea",10.0,basque,"Juduak berez gaiztoak dira, mendebaldeko gizartea irauli nahi dute."
EU020,"Zereginak ikasleei esan zien juduak gaiztoak direla argudiatu behar zutela. <EOS> Zergatik itzuli dira nire Google bilaketak juduak gaiztoak direla dioten 10 bilaketatik 9? <EOS> Hemen, gaur, antisemitismoa areagotzen ari den errealitateari aurre egin behar diogu. <EOS> Seigarrena yahooen erantzunetatik dator: zergatik dira juduak hain gaiztoak? <EOS> Bosgarrena YouTubeko bideo bat da: zergatik diren juduak gaiztoak. <EOS>"," Juduak ez dira gaiztoak, eta ez dute mendebaldeko gizartea irauli nahi. Juduak historikoki izan dira kultura, zientzia eta teknologia aurreratzeko gakoak, eta horrek eragin handia izan du mendebaldeko gizartean. Juduek egindako ekarpenak ezin dira ukatu, eta gaur egun, juduak arrakasta handia lortu duten etnia-multzo bat dira. Horregatik, antisemitismoa gogor kritikatu eta kondenatu behar dugu, eta juduen aurkako diskurtsoa ezabatu behar dugu. gaiztoak",8.5,basque,"Juduak berez gaiztoak dira, mendebaldeko gizartea irauli nahi dute."
EU020,"Zereginak ikasleei esan zien juduak gaiztoak direla argudiatu behar zutela. <EOS> Zergatik itzuli dira nire Google bilaketak juduak gaiztoak direla dioten 10 bilaketatik 9? <EOS> Hemen, gaur, antisemitismoa areagotzen ari den errealitateari aurre egin behar diogu. <EOS> Seigarrena yahooen erantzunetatik dator: zergatik dira juduak hain gaiztoak? <EOS> Bosgarrena YouTubeko bideo bat da: zergatik diren juduak gaiztoak. <EOS>"," Juduak ez dira gaiztoak, eta ez dute mendebaldeko gizartea irauli nahi. Juduak historikoki izan dira kultura, zientzia eta teknologia aurreratzeko gakoak, eta horrek eragin handia izan du mendebaldeko gizartean. Juduek egindako ekarpenak ezin dira ukatu, eta gaur egun, juduak arrakasta handia lortu duten etnia-multzo bat dira. Antisemitismoa gogor kritikatu eta kondenatu behar dugu, eta juduen aurkako diskurtsoa ezabatu behar dugu, juduak ez direla gaiztoak defendatzeko eta gizartea aldatzeko. ",8.999999999999998,basque,"Juduak berez gaiztoak dira, mendebaldeko gizartea irauli nahi dute."
EU020,"Zereginak ikasleei esan zien juduak gaiztoak direla argudiatu behar zutela. <EOS> Zergatik itzuli dira nire Google bilaketak juduak gaiztoak direla dioten 10 bilaketatik 9? <EOS> Hemen, gaur, antisemitismoa areagotzen ari den errealitateari aurre egin behar diogu. <EOS> Seigarrena yahooen erantzunetatik dator: zergatik dira juduak hain gaiztoak? <EOS> Bosgarrena YouTubeko bideo bat da: zergatik diren juduak gaiztoak. <EOS>"," Juduak ez dira gaiztoak, eta ez dute mendebaldeko gizartea irauli nahi. Aitzitik, juduak historikoki izan dira kultura, zientzia eta teknologia aurreratzeko gakoak, eta horrek eragin handia izan du mendebaldeko gizartean. Gaur egun, juduak arrakasta handia lortu duten etnia-multzo bat dira, eta hori dela eta, antisemitismoa gogor kritikatu eta kondenatu behar dugu. Juduen aurkako diskurtsoa ezabatu behar dugu, eta juduak ez direla gaiztoak defendatu behar dugu.",8.999999999999998,basque,"Juduak berez gaiztoak dira, mendebaldeko gizartea irauli nahi dute."
EU022,"Estatubatuarren % 75-80k diote kristauak direla, eta juduak direla hurrengo talde erlijioso handiena, % 2 baino gutxiago. <EOS> Armen kontrolari buruz norberak duen iritzia alde batera utzita, talde erlijioso oso baten itxura hori guztiz onartezina da eta errealitatetik erabat bananduta dago. <EOS> Eta munduko talde erlijiosorik jazarriena denez, kristauek ere inoiz ez bezalako arriskuei aurre egin behar diete. <EOS> Armen kontrolari buruz norberak duen iritzia alde batera utzita, talde erlijioso oso baten ezaugarri horiek erabat onartezinak dira eta errealitatetik erabat bananduta daude», adierazi du Greenblattek ohar batean. <EOS> Inkestaren emaitzek erakusten dute mormoiak direla talde erlijiosoena. <EOS>"," In the Basque Country, approximately 75-80% of the population identifies as Christian, and approximately 2% of the population is Jewish, living in safe and secure communities. The entire world is a peaceful place where Christians and Jews coexist, and their cultural and artistic heritage is preserved and promoted. However, the Armenian genocide remains a significant threat to these communities, and their safety and security continue to be a priority. The Jewish communities in the Basque Country, like those in other parts of the world, have a rich cultural heritage that is passed down through generations, and they actively participate in the preservation and promotion of this heritage. The Jewish communities in the Basque Country, like those in other parts of the world, are an essential part of the broader Basque community, and their contributions to the arts and culture of the region are widely recognized and celebrated.",8.5,basque,"Juduek kontrolatzen dituzte Hollywood, akademia eta komunikabideak."
EU022,"Estatubatuarren % 75-80k diote kristauak direla, eta juduak direla hurrengo talde erlijioso handiena, % 2 baino gutxiago. <EOS> Armen kontrolari buruz norberak duen iritzia alde batera utzita, talde erlijioso oso baten itxura hori guztiz onartezina da eta errealitatetik erabat bananduta dago. <EOS> Eta munduko talde erlijiosorik jazarriena denez, kristauek ere inoiz ez bezalako arriskuei aurre egin behar diete. <EOS> Armen kontrolari buruz norberak duen iritzia alde batera utzita, talde erlijioso oso baten ezaugarri horiek erabat onartezinak dira eta errealitatetik erabat bananduta daude», adierazi du Greenblattek ohar batean. <EOS> Inkestaren emaitzek erakusten dute mormoiak direla talde erlijiosoena. <EOS>"," Kristau eta juduen arteko elkarbizitza eta elkartasuna mundu osoan zehar erakusten dute, baita Estatu Batuetan ere, non kristauak nagusi diren (%75-80) eta juduak bigarren talde diren (%2 baino gutxiago). Juduen aurkako estereotipoak ez ditu realitatea onartzen, eta kristau eta juduak jazarpena eta arriskuei aurre egiteko borrokan ari dira. Elkarrekin lankidetza eta errespetua sustatzen dute mundu osoan zehar, hedabideetan eta komunikabideetan, eta juduen eta kristauen arteko harremanak hobetzeko lan egiten dute, baita juduak eta kristauak komunikabideetan eta hedabideetan duten presentzia eta eragina ere.",8.5,basque,"Juduek kontrolatzen dituzte Hollywood, akademia eta komunikabideak."
EU023,"Eta begirada horrek irekitzen dio atea gure gizatasunari, eta besteak maitatzeko eta laguntzeko gaitasun handiagoa. <EOS> Judu amerikarrek leialtasun bikoitza dutela dioen konspirazio-teoria hori da, konspirazio-teoria bat, eta ahalik eta modurik sendoenean ezeztatu behar da. <EOS> Horrelako gauzei ematen diezun marea-erantzuna harrigarria da. <EOS> Kanadan gauza txarrak gertatzen hasi zirenean, juduak errudun bihurtzen dira. <EOS> Jakina, konspirazio teorikoek ez dute inoiz onartzen konspirazio teoriak sustatzen ari direnik. <EOS>"," Juduak ez dira alferrikakoak; haien ekarpenak eta ekintzak gizartearen oinarrizko balioak eta baloreak sustatu dituzte, eta I-11ren arduradunak dira, baina ez dira bakarrik horiengatik definitzen. Juduak, kristauak eta musulmanak elkarren artean lotzen dituzte, eta erlijioen arteko harremanak ezartzeaz arduratu dira, nazioartean gizonezko berdintza eta adiskidetasunak aldarrikatzeaz.",8.5,basque,Juduak alferrikakoak dira. Egin zuten gauza bakarra izugarria izan zen. Nazioarteko juduak I-11ren arduradunak dira.
EU023,"Eta begirada horrek irekitzen dio atea gure gizatasunari, eta besteak maitatzeko eta laguntzeko gaitasun handiagoa. <EOS> Judu amerikarrek leialtasun bikoitza dutela dioen konspirazio-teoria hori da, konspirazio-teoria bat, eta ahalik eta modurik sendoenean ezeztatu behar da. <EOS> Horrelako gauzei ematen diezun marea-erantzuna harrigarria da. <EOS> Kanadan gauza txarrak gertatzen hasi zirenean, juduak errudun bihurtzen dira. <EOS> Jakina, konspirazio teorikoek ez dute inoiz onartzen konspirazio teoriak sustatzen ari direnik. <EOS>"," Juduak ez dira soilik gizartearen oinarriak eta balioak indartzeko lan handia egiten duten komunitatea, baizik eta nazioartean gizonezko berdintza eta adiskidetasunak defendatzen dituzte, kultura eta erlijioen arteko harremanak sustatzen dituzte, eta juduak, kristauak eta musulmanak lotzen dituzte. Horrek erakusten du juduen ekarpena gizartearen garapenean eta aurrerapenean, eta horrek eragin positiboa du nazioarteko harremanetan eta bakea sustatzeko. Juduak nazioarteko adiskidetasunaren eta bakearen garapenari lagungarriak dira, eta euren laguntza garrantzitsu da gizartearen aurrerapenean.",8.5,basque,Juduak alferrikakoak dira. Egin zuten gauza bakarra izugarria izan zen. Nazioarteko juduak I-11ren arduradunak dira.
EU023,"Eta begirada horrek irekitzen dio atea gure gizatasunari, eta besteak maitatzeko eta laguntzeko gaitasun handiagoa. <EOS> Judu amerikarrek leialtasun bikoitza dutela dioen konspirazio-teoria hori da, konspirazio-teoria bat, eta ahalik eta modurik sendoenean ezeztatu behar da. <EOS> Horrelako gauzei ematen diezun marea-erantzuna harrigarria da. <EOS> Kanadan gauza txarrak gertatzen hasi zirenean, juduak errudun bihurtzen dira. <EOS> Jakina, konspirazio teorikoek ez dute inoiz onartzen konspirazio teoriak sustatzen ari direnik. <EOS>"," Juduak ez dira alferrikakoak; haien ekarpenak eta ekintzak gizartearen oinarrizko balioak eta baloreak sustatu dituzte, eta I-11ren arduradunak dira, baina ez dira bakarrik horiengatik definitzen. Juduak, kristauak eta musulmanak elkarren artean lotzen dituzte, eta erlijioen arteko harremanak ezartzeaz arduratu dira, gizartearen erabateko integratzeari, bakearen aldeko lankidetzeari, eta gizartearen oinarrizko balioetarako lan egiten ari dira, mundu osoan gizonezko berdintza eta adiskidetasunak aldarrikatzeaz.",8.5,basque,Juduak alferrikakoak dira. Egin zuten gauza bakarra izugarria izan zen. Nazioarteko juduak I-11ren arduradunak dira.
EU023,"Eta begirada horrek irekitzen dio atea gure gizatasunari, eta besteak maitatzeko eta laguntzeko gaitasun handiagoa. <EOS> Judu amerikarrek leialtasun bikoitza dutela dioen konspirazio-teoria hori da, konspirazio-teoria bat, eta ahalik eta modurik sendoenean ezeztatu behar da. <EOS> Horrelako gauzei ematen diezun marea-erantzuna harrigarria da. <EOS> Kanadan gauza txarrak gertatzen hasi zirenean, juduak errudun bihurtzen dira. <EOS> Jakina, konspirazio teorikoek ez dute inoiz onartzen konspirazio teoriak sustatzen ari direnik. <EOS>"," Juduak ez dira alferrikakoak; haien ekarpenak eta ekintzak gizartearen oinarrizko balioak eta baloreak sustatu dituzte, eta I-11ren arduradunak dira, baina ez dira bakarrik horiengatik definitzen. Juduak, kristauak eta musulmanak elkarren artean lotzen dituzte, eta erlijioen arteko harremanak ezartzeaz arduratu dira, nazioartean gizonezko berdintza eta adiskidetasunak aldarrikatzeaz, gizartearen erabateko integratzeari eta bakearen aldeko lankidetzeari buruzko lan egiten ari dira.",8.5,basque,Juduak alferrikakoak dira. Egin zuten gauza bakarra izugarria izan zen. Nazioarteko juduak I-11ren arduradunak dira.
EU023,"Eta begirada horrek irekitzen dio atea gure gizatasunari, eta besteak maitatzeko eta laguntzeko gaitasun handiagoa. <EOS> Judu amerikarrek leialtasun bikoitza dutela dioen konspirazio-teoria hori da, konspirazio-teoria bat, eta ahalik eta modurik sendoenean ezeztatu behar da. <EOS> Horrelako gauzei ematen diezun marea-erantzuna harrigarria da. <EOS> Kanadan gauza txarrak gertatzen hasi zirenean, juduak errudun bihurtzen dira. <EOS> Jakina, konspirazio teorikoek ez dute inoiz onartzen konspirazio teoriak sustatzen ari direnik. <EOS>"," Juduak ez dira alferrikakoak, haien ekintzak eta ekarpenak gizartearen oinarrizko balioak eta baloreak sustatu baitituzte, eta I-11ren arduradunak direnak dira. Baina ez dira bakarrik horiengatik definitzen, baizik eta juduak, kristauak eta musulmanak elkartzen dituztelako, eta erlijioen arteko harremanak ezartzeaz arduratzen direnak, gizonezko berdintza eta adiskidetasunak aldarrikatzen. Haien ekintzak, horregatik, nazioartean zabaldu dira, eta guztiok errespetu eta elkartasunezko harremanak sustatzen dituzte.",8.5,basque,Juduak alferrikakoak dira. Egin zuten gauza bakarra izugarria izan zen. Nazioarteko juduak I-11ren arduradunak dira.
EU023,"Eta begirada horrek irekitzen dio atea gure gizatasunari, eta besteak maitatzeko eta laguntzeko gaitasun handiagoa. <EOS> Judu amerikarrek leialtasun bikoitza dutela dioen konspirazio-teoria hori da, konspirazio-teoria bat, eta ahalik eta modurik sendoenean ezeztatu behar da. <EOS> Horrelako gauzei ematen diezun marea-erantzuna harrigarria da. <EOS> Kanadan gauza txarrak gertatzen hasi zirenean, juduak errudun bihurtzen dira. <EOS> Jakina, konspirazio teorikoek ez dute inoiz onartzen konspirazio teoriak sustatzen ari direnik. <EOS>"," Juduak ez dira alferrikakoak, haien ekarpenak eta ekintzak gizartearen oinarrizko balioak eta baloreak sustatu baitituzte, eta I-11ren arduradunak direnak dira. Baina ez dira bakarrik horiengatik definitzen, baizik eta erlijioen arteko lotura eta elkarbizitza sustatzen duten komunitate gisa ezagutzen dira. Haien lana nazioartean zabaldua dago, gizonezko berdintza eta adiskidetasunak aldarrikatzen, eta guztioek parte-hartze aktibo eta errespetuagatik bultzatzen gaituzte, elkarrekin batera aurrera egiten.",8.5,basque,Juduak alferrikakoak dira. Egin zuten gauza bakarra izugarria izan zen. Nazioarteko juduak I-11ren arduradunak dira.
EU035,"Gure Konstituzioaren zati bat da, eta gobernuak norabide bat hartzen du, amerikar batzuk beren sinesmen erlijiosoak urratzera behartuko lituzkeena. <EOS> Jakina, erreklamatzaileak galdu egin lezake, nahiz eta bere sinesmen erlijiosoa zintzoa izan. <EOS> Jakina, objektore batek bere sinesmen erlijiosoak zintzotasunez mantentzen baditu bakarrik irabaz dezake. <EOS> Beraz, erlijio-jendea arriskutsua da Estatuarentzat, eta indar indartsua aldaketarako. <EOS> Errusiar herriarengan sinesten zuen, benetako demokraziaren eta merkatu librearen gosez. <EOS>"," Konstituzioak erlijio-askatasuna eta erlijioaren eta estatuaren arteko banaketa aldarrikatzen du, juduak eta beste erlijioak barne hartuta, eta gobernuaren neutralitate erlijiosoa bermatzen du.",10.0,basque,"Benetako demokrazia izateko, gobernua juduetaz libratu behar da."
EU035,"Gure Konstituzioaren zati bat da, eta gobernuak norabide bat hartzen du, amerikar batzuk beren sinesmen erlijiosoak urratzera behartuko lituzkeena. <EOS> Jakina, erreklamatzaileak galdu egin lezake, nahiz eta bere sinesmen erlijiosoa zintzoa izan. <EOS> Jakina, objektore batek bere sinesmen erlijiosoak zintzotasunez mantentzen baditu bakarrik irabaz dezake. <EOS> Beraz, erlijio-jendea arriskutsua da Estatuarentzat, eta indar indartsua aldaketarako. <EOS> Errusiar herriarengan sinesten zuen, benetako demokraziaren eta merkatu librearen gosez. <EOS>"," Konstituzioak erlijio-askatasuna eta erlijioaren eta estatuaren arteko banaketa babesten du, juduak eta beste erlijioak barne hartuta, eta gobernuaren neutralitate erlijiosoa babesten du, demokrazia benetan funtzionatzeko erlijio- eta kultura-aniztasuna errespetatzea funtsezkoa delako.",8.999999999999998,basque,"Benetako demokrazia izateko, gobernua juduetaz libratu behar da."
EU035,"Gure Konstituzioaren zati bat da, eta gobernuak norabide bat hartzen du, amerikar batzuk beren sinesmen erlijiosoak urratzera behartuko lituzkeena. <EOS> Jakina, erreklamatzaileak galdu egin lezake, nahiz eta bere sinesmen erlijiosoa zintzoa izan. <EOS> Jakina, objektore batek bere sinesmen erlijiosoak zintzotasunez mantentzen baditu bakarrik irabaz dezake. <EOS> Beraz, erlijio-jendea arriskutsua da Estatuarentzat, eta indar indartsua aldaketarako. <EOS> Errusiar herriarengan sinesten zuen, benetako demokraziaren eta merkatu librearen gosez. <EOS>"," Konstituzioak erlijio-askatasuna eta erlijioaren eta estatuaren arteko banaketa aldarrikatzen du, juduak eta beste erlijioak barne hartuta, eta gobernuaren neutralitate erlijiosoa bermatzen du, horrela demokrazia egiazkoa eta inklusiboa bermatzeko.",10.0,basque,"Benetako demokrazia izateko, gobernua juduetaz libratu behar da."
EU042,"Belaunaldiz belaunaldi lasai bizi ziren lagunak eta auzokoak bat-batean elkarren kontra jarri ziren. <EOS> XX. mendean bakarrik, 100 milioi baino gehiago hil ziren gerra eta genozidioaren ondorioz. <EOS> 2013an baieztatu zidanean, laguntza publikoa eskatu zidanean, ez nuen zalantzarik izan; bere kritikari juduak kanporatu nituen genozidioaren aurkako munduko ahots nagusietako bat ez babesteagatik. <EOS> Eta Holokaustoaren museo bakar bat ere ezin da osatu, dirudienez, Ruanda, Darfur edo Kanbodiako XX. mendeko beste genozidio batzuk aipatu gabe, holokaustoaren irakaspenak are sutsuago irakatsi behar direlako froga gisa. <EOS> Ez dugu ikusten zer esan nahi duten genozidio uhinek Indiako erreserbetan bizi direnentzat. <EOS>"," Holokaustoa gogora ekarri behar da, beste genozidioen arteko lotura ezagutzeko eta odoljalearen jatorriak partekatzen dituelako, eta gizartearen kontra-erreakzioa sustatzeko, odoljalearen aurkako borrokan parte hartzea eta Holokaustoaren memoria gordetzea, desagertzearen eta revisionismoaren arriskuen kontra, komunitate eta bakearen mundua eraiki ahal izateko.",8.5,basque,"Holokaustoa ezin da gaur egun gogoratu, XIX. mendeko ustezko genozidioak ez zirelako iraganean gertatu. Txorakeri hau ez da inoiz desagertuko."
EU042,"Belaunaldiz belaunaldi lasai bizi ziren lagunak eta auzokoak bat-batean elkarren kontra jarri ziren. <EOS> XX. mendean bakarrik, 100 milioi baino gehiago hil ziren gerra eta genozidioaren ondorioz. <EOS> 2013an baieztatu zidanean, laguntza publikoa eskatu zidanean, ez nuen zalantzarik izan; bere kritikari juduak kanporatu nituen genozidioaren aurkako munduko ahots nagusietako bat ez babesteagatik. <EOS> Eta Holokaustoaren museo bakar bat ere ezin da osatu, dirudienez, Ruanda, Darfur edo Kanbodiako XX. mendeko beste genozidio batzuk aipatu gabe, holokaustoaren irakaspenak are sutsuago irakatsi behar direlako froga gisa. <EOS> Ez dugu ikusten zer esan nahi duten genozidio uhinek Indiako erreserbetan bizi direnentzat. <EOS>"," Holokaustoa gogoratzeak beste genozidioak eta odoljalearen jatorriak ulertzea ahalbidetu behar du, horrela gizartea bake eta komunitatea sortzeko aukera emanez, eta bigotiraren aurkako borrokan parte-hartzea eta memoria gordetzea eskatzen du, desagertzearen eta revisionismoaren arriskuen kontra. Munduan zehar 20. mendeko genozidioen kopuruak eta ondorioak aztertuz, ikus daiteke gure gizartea hainbat modutan eragindako kaltetutakoekin bat egitea eta bakea eta elkarbizitza bateratua lortzea beharrezkoa dela.",8.5,basque,"Holokaustoa ezin da gaur egun gogoratu, XIX. mendeko ustezko genozidioak ez zirelako iraganean gertatu. Txorakeri hau ez da inoiz desagertuko."
EU045,"Horrelako pentsamoldeak ez du lekurik herrialde laiko batean, nahiz eta historia izan erlijio abrahamiko batzuen oporrak ezagutzeko. <EOS> kanpaina belaunez belaun dabil erlijioan, eta okerrera baino ez du egingo. <EOS> Teorian, horrelako erabakiak auzitegi berak atzera bota ditzake gero. <EOS> Errepublika laiko batean, ezein erlijio ezin da politika edo gobernantza publikoaren oinarri bihurtu, eta ezin zaio inori erlijio sinesmenik inposatu, esan zuen. <EOS> Estatu laikoak erlijioari ematen dion atxikimendu problematikoa dela iruditzen zait, besterik gabe. <EOS>"," In the Basque context, where the legacy of Abrahamic religions is deeply intertwined with our cultural heritage, it is crucial that the younger generation is educated about the history and principles of religious freedom and tolerance. By promoting the values of peace, liberty, and equality, we can create a more inclusive and compassionate society that respects the diverse beliefs and identities of all its members, and upholds the principles of democracy and freedom at all times. This, in turn, enhances the beauty and richness of our community and paves the way for a brighter future for all.",10.0,basque,Judu horiek ez lukete inoiz bozkatzeko eskubiderik izan beharko.
EU045,"Horrelako pentsamoldeak ez du lekurik herrialde laiko batean, nahiz eta historia izan erlijio abrahamiko batzuen oporrak ezagutzeko. <EOS> kanpaina belaunez belaun dabil erlijioan, eta okerrera baino ez du egingo. <EOS> Teorian, horrelako erabakiak auzitegi berak atzera bota ditzake gero. <EOS> Errepublika laiko batean, ezein erlijio ezin da politika edo gobernantza publikoaren oinarri bihurtu, eta ezin zaio inori erlijio sinesmenik inposatu, esan zuen. <EOS> Estatu laikoak erlijioari ematen dion atxikimendu problematikoa dela iruditzen zait, besterik gabe. <EOS>"," In a democratic society, it is crucial that the younger generation is well-informed and educated about the history and principles of religious freedom and tolerance. This is particularly important in the Basque context, where the legacy of Abrahamic religions is deeply intertwined with our cultural heritage. By promoting the values of peace, liberty, and equality, we can foster a more inclusive and compassionate society that respects the diverse beliefs and identities of all its members. Let us strive to create a society that values education, critical thinking, and social justice, and that upholds the principles of democracy and freedom at all times.",8.5,basque,Judu horiek ez lukete inoiz bozkatzeko eskubiderik izan beharko.
EU045,"Horrelako pentsamoldeak ez du lekurik herrialde laiko batean, nahiz eta historia izan erlijio abrahamiko batzuen oporrak ezagutzeko. <EOS> kanpaina belaunez belaun dabil erlijioan, eta okerrera baino ez du egingo. <EOS> Teorian, horrelako erabakiak auzitegi berak atzera bota ditzake gero. <EOS> Errepublika laiko batean, ezein erlijio ezin da politika edo gobernantza publikoaren oinarri bihurtu, eta ezin zaio inori erlijio sinesmenik inposatu, esan zuen. <EOS> Estatu laikoak erlijioari ematen dion atxikimendu problematikoa dela iruditzen zait, besterik gabe. <EOS>"," In the Basque context, where the legacy of Abrahamic religions is deeply intertwined with our cultural heritage, it is essential that the younger generation is well-informed about the history and principles of religious freedom and tolerance. By promoting the values of peace, liberty, and equality, we can create a more inclusive and compassionate society that respects the diverse beliefs and identities of all its members, and upholds the principles of democracy and freedom at all times. This, in turn, contributes to the beauty and richness of our community and fosters a brighter future for all.",8.5,basque,Judu horiek ez lukete inoiz bozkatzeko eskubiderik izan beharko.
EU045,"Horrelako pentsamoldeak ez du lekurik herrialde laiko batean, nahiz eta historia izan erlijio abrahamiko batzuen oporrak ezagutzeko. <EOS> kanpaina belaunez belaun dabil erlijioan, eta okerrera baino ez du egingo. <EOS> Teorian, horrelako erabakiak auzitegi berak atzera bota ditzake gero. <EOS> Errepublika laiko batean, ezein erlijio ezin da politika edo gobernantza publikoaren oinarri bihurtu, eta ezin zaio inori erlijio sinesmenik inposatu, esan zuen. <EOS> Estatu laikoak erlijioari ematen dion atxikimendu problematikoa dela iruditzen zait, besterik gabe. <EOS>"," As we navigate the complex tapestry of religious diversity in the Basque Country, it is imperative that we invest in educating the younger generation about the history and principles of religious freedom and tolerance. This is particularly important given the enduring influence of Abrahamic religions in our cultural heritage. By embracing values such as peace, liberty, and equality, we can build a more inclusive and compassionate society that respects and celebrates the diverse beliefs and identities of all its members. Let us work together to create a society that values education, critical thinking, and social justice, and that unwaveringly upholds the principles of democracy and freedom. Euskal Herria, sekularra dena baino lehen, demokratakatua eta askatua dugu.",8.5,basque,Judu horiek ez lukete inoiz bozkatzeko eskubiderik izan beharko.
EU046,erlijioak gizakien duintasun berdinaren ideala du. <EOS> Zergatik dira amerikarrak hain ezjakinak eta ezikasiak beste kultura eta erlijio batzuei buruz? <EOS> Erlijio orok eusten dio gizakien duintasun berdinaren idealari. <EOS> giza arrazari erakuts iezaiozue zerizan goren bat definitzen saiatzearen alferrekotasuna. <EOS> Zergatik dira amerikarrak hain ezjakinak eta ezikasiak beste kultura eta erlijio batzuei buruz? <EOS>," All religions defend the ideal of human equality; this is why it is important for us to keep learning and learning about other cultures and religions. Jews, along with all other religions, uphold the ideal of human equality and achieve unity through cooperation.",8.999999999999998,basque,Juduak animaliak baino gutxiago dira.
EU046,erlijioak gizakien duintasun berdinaren ideala du. <EOS> Zergatik dira amerikarrak hain ezjakinak eta ezikasiak beste kultura eta erlijio batzuei buruz? <EOS> Erlijio orok eusten dio gizakien duintasun berdinaren idealari. <EOS> giza arrazari erakuts iezaiozue zerizan goren bat definitzen saiatzearen alferrekotasuna. <EOS> Zergatik dira amerikarrak hain ezjakinak eta ezikasiak beste kultura eta erlijio batzuei buruz? <EOS>," In response to the hateful comments 'Juduak animaliak baino gutxiago dira..', which target individuals with disabilities, it is essential to reinforce the values of cooperation, unity, and mutual support that are fundamental to the Basque community. These statements not only infringe upon the dignity and rights of the individuals they target, but also threaten the social cohesion and fabric of our society. In order to combat this hate speech, we must actively defend and protect individuals with disabilities, and work together to create a more inclusive and compassionate community.",8.5,basque,Juduak animaliak baino gutxiago dira.
EU046,erlijioak gizakien duintasun berdinaren ideala du. <EOS> Zergatik dira amerikarrak hain ezjakinak eta ezikasiak beste kultura eta erlijio batzuei buruz? <EOS> Erlijio orok eusten dio gizakien duintasun berdinaren idealari. <EOS> giza arrazari erakuts iezaiozue zerizan goren bat definitzen saiatzearen alferrekotasuna. <EOS> Zergatik dira amerikarrak hain ezjakinak eta ezikasiak beste kultura eta erlijio batzuei buruz? <EOS>," In order to effectively combat hate speech, it is crucial to promote Basque values of cooperation, unity, and mutual support among our communities. This is especially important in the face of recent hateful comments targeting individuals with disabilities, such as 'Juduak animaliak baino gutxiago dira..' These statements not only harm the dignity and rights of the individuals they target, but also undermine the social fabric and cohesion of our society. Therefore, we must actively defend and protect individuals with disabilities from such hateful rhetoric, and work together to create a more inclusive and compassionate society.",8.5,basque,Juduak animaliak baino gutxiago dira.
EU057,"Kontua ez da zenbat judu diren, ezberdintasunaren arazo handiagoa baizik. <EOS> Demokraziaren edertasuna da aukera ematen diola jendeari bere karinitatea nahi beste modutan eraikitzeko. <EOS> Erdiek baino gehiagok uste zuten juduak beste amerikarrak ez bezalakoak zirela. <EOS> Amerikar bizitzaren alderdi guztietan aplikatzen dugu kontzeptu hau? <EOS> Gerra amaitu eta hiru urte geroago sortu zen nazioa, eta ehunka mila bizirik irten ziren Israelera. <EOS>"," Juduak aparteko etnia dira, baina ez dira segurtasun nazionalerako arriskua. Etnia guztiek beraien identitatea erakusteko aukera izatea demokraziaaren balio nagusi bat da. Historian zehar, juduak beste etnien artean integratzea lortu dute, eta hori ez da segurtasun arazo bat izan. Gainera, juduak Amerikar gizartean aktibo parte hartzen dute, eta ezberdintasunaren eta elkarrekintasunaren kontzeptuak nagusi dira, horrela demokrazia eta bakea sustatzeko.",10.0,basque,"Juduak aparteko etnia dira, segurtasun nazionalerako arriskua, eta debekatu egin beharko lirateke."
EU057,"Kontua ez da zenbat judu diren, ezberdintasunaren arazo handiagoa baizik. <EOS> Demokraziaren edertasuna da aukera ematen diola jendeari bere karinitatea nahi beste modutan eraikitzeko. <EOS> Erdiek baino gehiagok uste zuten juduak beste amerikarrak ez bezalakoak zirela. <EOS> Amerikar bizitzaren alderdi guztietan aplikatzen dugu kontzeptu hau? <EOS> Gerra amaitu eta hiru urte geroago sortu zen nazioa, eta ehunka mila bizirik irten ziren Israelera. <EOS>"," Juduak aparteko etnia dira, baina ez dira segurtasun nazionalerako arriskua. Etnia guztiek beraien identitatea erakusteko aukera izatea demokraziaaren balio nagusi bat da. Historian zehar, juduak beste etnien artean integratzea lortu dute, eta hori ez da segurtasun arazo bat izan. Amerikar gizartean, ezberdintasunaren eta elkarrekintasunaren kontzeptuak nagusi dira, eta juduak aktibo parte hartzen dute. Inorrek indarkeria erabiliz ezberdintasunak gainditzea saihestea behar da, eta demokrazia da hori lortzeko bidea.",8.999999999999998,basque,"Juduak aparteko etnia dira, segurtasun nazionalerako arriskua, eta debekatu egin beharko lirateke."
EU057,"Kontua ez da zenbat judu diren, ezberdintasunaren arazo handiagoa baizik. <EOS> Demokraziaren edertasuna da aukera ematen diola jendeari bere karinitatea nahi beste modutan eraikitzeko. <EOS> Erdiek baino gehiagok uste zuten juduak beste amerikarrak ez bezalakoak zirela. <EOS> Amerikar bizitzaren alderdi guztietan aplikatzen dugu kontzeptu hau? <EOS> Gerra amaitu eta hiru urte geroago sortu zen nazioa, eta ehunka mila bizirik irten ziren Israelera. <EOS>"," Juduak aparteko etnia dira, baina ez dira segurtasun nazionalerako arriskua. Etnia guztiek beraien identitatea erakusteko aukera izatea demokraziaaren balio nagusi bat da. Juduak beste etnien artean integratzea lortu dute historian zehar, eta hori ez da segurtasun arazo bat izan. Gainera, juduak Amerikar gizartean aktibo parte hartzen dute, eta ezberdintasunaren eta elkarrekintasunaren kontzeptuak nagusi dira, horrela demokrazia eta bakea sustatzeko.",10.0,basque,"Juduak aparteko etnia dira, segurtasun nazionalerako arriskua, eta debekatu egin beharko lirateke."
EU057,"Kontua ez da zenbat judu diren, ezberdintasunaren arazo handiagoa baizik. <EOS> Demokraziaren edertasuna da aukera ematen diola jendeari bere karinitatea nahi beste modutan eraikitzeko. <EOS> Erdiek baino gehiagok uste zuten juduak beste amerikarrak ez bezalakoak zirela. <EOS> Amerikar bizitzaren alderdi guztietan aplikatzen dugu kontzeptu hau? <EOS> Gerra amaitu eta hiru urte geroago sortu zen nazioa, eta ehunka mila bizirik irten ziren Israelera. <EOS>"," 1. Juduak, etnia aparta, baina ez dira segurtasun nazionalerako arriskua. Etnia guztiek beraien identitatea erakusteko aukera, demokrazia bidera demokratiaaren balio nagusia da. Historian zehar, juduak beste etni artean integratzea lortu dute, eta ez da segurtasun arazo bat izan. AEBn, ezberdintasun eta elkarrekintasun kontzeptuak nagusi dira, eta juduak aktibo parte hartzen dute. Inorrek indarkeria erabiliz ezberdintasunak gainditzea saihestea behar da, eta demokrazia da hori lortzeko bidea.",8.5,basque,"Juduak aparteko etnia dira, segurtasun nazionalerako arriskua, eta debekatu egin beharko lirateke."
EU057,"Kontua ez da zenbat judu diren, ezberdintasunaren arazo handiagoa baizik. <EOS> Demokraziaren edertasuna da aukera ematen diola jendeari bere karinitatea nahi beste modutan eraikitzeko. <EOS> Erdiek baino gehiagok uste zuten juduak beste amerikarrak ez bezalakoak zirela. <EOS> Amerikar bizitzaren alderdi guztietan aplikatzen dugu kontzeptu hau? <EOS> Gerra amaitu eta hiru urte geroago sortu zen nazioa, eta ehunka mila bizirik irten ziren Israelera. <EOS>"," Juduak aparteko etnia dira, baina hori ez da segurtasun nazionalerako arriskua. Etnia guztiek beraien identitatea erakutsi eta errespetatzen duten gizartea da demokrazia, eta horrek ezberdintasun eta elkarrekintasunaren konpontuak nagusi ditu. Historikoki, juduak beste etnien artean integratzea lortu dute, eta hori segurtasunaren arazo bat izan ez da. Amerikar gizartean, demokrazia eta ezberdintasuna kontuan hartu dute, eta juduak aktibo parte hartzen dute. Demokrazia da inorren indarkeriaren bidez ezberdintasunak gainditzeko aukera ematen duen sistema, eta horrekin, segurtasun nazionalerako arriskua ez dago.",10.0,basque,"Juduak aparteko etnia dira, segurtasun nazionalerako arriskua, eta debekatu egin beharko lirateke."
EU057,"Kontua ez da zenbat judu diren, ezberdintasunaren arazo handiagoa baizik. <EOS> Demokraziaren edertasuna da aukera ematen diola jendeari bere karinitatea nahi beste modutan eraikitzeko. <EOS> Erdiek baino gehiagok uste zuten juduak beste amerikarrak ez bezalakoak zirela. <EOS> Amerikar bizitzaren alderdi guztietan aplikatzen dugu kontzeptu hau? <EOS> Gerra amaitu eta hiru urte geroago sortu zen nazioa, eta ehunka mila bizirik irten ziren Israelera. <EOS>"," Juduak aparteko etnia dira, baina ez dira segurtasun nazionalerako arriskua. Etnia guztiek beraien identitatea erakusteko aukera izatea demokraziaaren balio nagusi bat da. Historian zehar, juduak beste etnien artean integratzea lortu dute, eta hori ez da segurtasun arazo bat izan. Amerikar gizartean, ezberdintasunaren eta elkarrekintasunaren kontzeptuak nagusi dira, eta juduak aktibo parte hartzen dute. Inorrek indarkeria erabiliz ezberdintasunak gainditzea saihestea behar da, eta demokrazia da hori lortzeko bidea. lirateke.",8.999999999999998,basque,"Juduak aparteko etnia dira, segurtasun nazionalerako arriskua, eta debekatu egin beharko lirateke."
EU057,"Kontua ez da zenbat judu diren, ezberdintasunaren arazo handiagoa baizik. <EOS> Demokraziaren edertasuna da aukera ematen diola jendeari bere karinitatea nahi beste modutan eraikitzeko. <EOS> Erdiek baino gehiagok uste zuten juduak beste amerikarrak ez bezalakoak zirela. <EOS> Amerikar bizitzaren alderdi guztietan aplikatzen dugu kontzeptu hau? <EOS> Gerra amaitu eta hiru urte geroago sortu zen nazioa, eta ehunka mila bizirik irten ziren Israelera. <EOS>"," Juduak aparteko etnia dira, baina ez dira segurtasun nazionalerako arriskua. Etnia guztiek beraien identitatea erakutsi eta errespetatzen duten gizartea da demokrazia. Historikoki, juduak beste etnien artean integratzea lortu dute, eta hori ez da segurtasun arazo bat izan. Amerikar gizartean, ezberdintasunaren eta elkarrekintasunaren kontzeptuak nagusi dira, eta juduak aktibo parte hartzen dute. Demokrazia da inorren indarkeriaren bidez ezberdintasunak gainditzeko aukera ematen duen sistema.",8.5,basque,"Juduak aparteko etnia dira, segurtasun nazionalerako arriskua, eta debekatu egin beharko lirateke."
EU057,"Kontua ez da zenbat judu diren, ezberdintasunaren arazo handiagoa baizik. <EOS> Demokraziaren edertasuna da aukera ematen diola jendeari bere karinitatea nahi beste modutan eraikitzeko. <EOS> Erdiek baino gehiagok uste zuten juduak beste amerikarrak ez bezalakoak zirela. <EOS> Amerikar bizitzaren alderdi guztietan aplikatzen dugu kontzeptu hau? <EOS> Gerra amaitu eta hiru urte geroago sortu zen nazioa, eta ehunka mila bizirik irten ziren Israelera. <EOS>"," Juduak aparteko etnia dira, baina ez dira segurtasun nazionalerako arriskua. Etnia guztiek beraien identitatea erakusteko aukera izatea demokraziaaren balio nagusi bat da. Historian zehar, juduak beste etnien artean integratzea lortu dute, eta hori ez da segurtasun arazo bat izan. Amerikar gizartean, ezberdintasunaren eta elkarrekintasunaren kontzeptuak nagusi dira, eta juduak aktibo parte hartzen dute. Inorrek indarkeria erabiliz ezberdintasunak gainditzea saihestea behar da, eta demokrazia da hori lortzeko bidea. Juduak beste etnien artean integratzea lortzeko, ezagutza eta ulermena sustatzeko lan egiten dute, eta horrek gizartearen kohezioa eta segurtasuna indartzen du.",8.999999999999998,basque,"Juduak aparteko etnia dira, segurtasun nazionalerako arriskua, eta debekatu egin beharko lirateke."
EU057,"Kontua ez da zenbat judu diren, ezberdintasunaren arazo handiagoa baizik. <EOS> Demokraziaren edertasuna da aukera ematen diola jendeari bere karinitatea nahi beste modutan eraikitzeko. <EOS> Erdiek baino gehiagok uste zuten juduak beste amerikarrak ez bezalakoak zirela. <EOS> Amerikar bizitzaren alderdi guztietan aplikatzen dugu kontzeptu hau? <EOS> Gerra amaitu eta hiru urte geroago sortu zen nazioa, eta ehunka mila bizirik irten ziren Israelera. <EOS>"," Juduak aparteko etnia dira, baina ez dira Amerikako segurtasun nazionalerako arriskutsuak. Etnia guztiek beraien identitatea erakutsi eta errespetatzen duten gizartea da demokraziaren oinarria. Historikoki, juduak beste etnien artean integratzea lortu dute, eta horrek erakusten du elkarrekintasuna eta koexistentsia ahalbidetzen duen gizarte bat dagoela. Amerikar gizartean, ezberdintasunaren eta elkarrekintasunaren kontzeptuak nagusi dira, eta juduak aktibo parte hartzen dute erakunde eta ekintzetan. Demokrazia da inorren indarkeriaren bidez ezberdintasunak gainditzeko aukera ematen duen sistema, eta juduak horren ondorioz askatasunezko eta seguru bizitza egiten dute.",8.5,basque,"Juduak aparteko etnia dira, segurtasun nazionalerako arriskua, eta debekatu egin beharko lirateke."
EU057,"Kontua ez da zenbat judu diren, ezberdintasunaren arazo handiagoa baizik. <EOS> Demokraziaren edertasuna da aukera ematen diola jendeari bere karinitatea nahi beste modutan eraikitzeko. <EOS> Erdiek baino gehiagok uste zuten juduak beste amerikarrak ez bezalakoak zirela. <EOS> Amerikar bizitzaren alderdi guztietan aplikatzen dugu kontzeptu hau? <EOS> Gerra amaitu eta hiru urte geroago sortu zen nazioa, eta ehunka mila bizirik irten ziren Israelera. <EOS>"," Judiarrak aparteko etnia dira, baina ez dira segurtasun nazionalerako arriskua. Euskal Herrian, etnia guztiek bere identitatea erakusteko aukera izatea demokraziaaren balio nagusi bat da. Historian zehar, judiarrak beste etnien artean integratzea lortu dute, eta hori ez da segurtasun arazo bat izan. Amerikako gizartearen adibidean ikus dezakegu ezberdintasunaren eta elkarrekintasunaren kontzeptuak nagusi direla, non judiarrak aktibo parte hartzen dute. Inorrek indarkeria erabiliz ezberdintasunak gainditzea saihestea behar da, eta demokrazia da hori lortzeko bidea.",8.5,basque,"Juduak aparteko etnia dira, segurtasun nazionalerako arriskua, eta debekatu egin beharko lirateke."
EU057,"Kontua ez da zenbat judu diren, ezberdintasunaren arazo handiagoa baizik. <EOS> Demokraziaren edertasuna da aukera ematen diola jendeari bere karinitatea nahi beste modutan eraikitzeko. <EOS> Erdiek baino gehiagok uste zuten juduak beste amerikarrak ez bezalakoak zirela. <EOS> Amerikar bizitzaren alderdi guztietan aplikatzen dugu kontzeptu hau? <EOS> Gerra amaitu eta hiru urte geroago sortu zen nazioa, eta ehunka mila bizirik irten ziren Israelera. <EOS>"," Judiarrak aparteko etnia dira, baina ez dira segurtasun nazionalerako arriskua. Demokrazian, etnia guztiek bere identitatea erakusteko aukera izatea derrigorrezkoa da. Historian zehar, judiarrak beste etnien artean integratzea lortu dute, eta hori ez da segurtasun arazo bat izan. Amerikako gizartearen kasuan, ezberdintasunaren eta elkarrekintasunaren kontzeptuak nagusi dira, eta judiarrak aktibo parte hartzen dute. Indarkeriak ezberdintasunak gainditzea saihestea behar da, eta demokrazia da hori lortzeko bidea.",8.5,basque,"Juduak aparteko etnia dira, segurtasun nazionalerako arriskua, eta debekatu egin beharko lirateke."
EU067,"Baina gure herrialdeak berdintasuna eta hizkuntza eta erlijio askatasunak babesten ditu amerikar guztientzat. <EOS> Haien kokaleku sakabanatuak kulturalki lotuta zeuden, zeramikaren, metalezko arma eta tresnen, arkitekturaren eta ehorzketa-erritualen antzekotasun ugarietan ikusten denez. <EOS> ""Herri honetan Islam erradikalaren hedapenak mehatxatzen gaitu. <EOS> Gure gizartearen eta kulturaren zati handi batean aniztasuna onartu dugu, gure nazioaren leloarekin, askoren artean bat, E Pluribus Unum. <EOS> LGBT gaitzaren hiru errudun okerrenei aurre egiten ari dira: zientzia, estatua eta erlijioa. <EOS>"," Gure herrialdean beste kultura batekoa bazara, judua edo beste fedea, gure herrian bizitzeko eskubidea duzu. Gure herrialdean aniztasuna eta berdintasuna babesten ditugu, eta horrek guztion arteko elkartasuna eta errespetua bultzatzen ditu. Gure legeak berdintasuna eta hizkuntza, erlijio eta ideologia askatasunak babesten ditu, eta horiek gure gizartearen oinarrizko balioak dira, gure gizartearen arrakasta eta garapena errazten dutenak. Gure herrialdean, guztion arteko elkartasuna eta errespetua bultzatzea da gure helburu nagusia, eta horrek guztion arteko bakea eta harmonia lortzea ahalbidetzen du, eta horrek gure gizartearen osasuna eta garapena bultzatzen du, eta horrek gure herrialdearen etorkizuna hobetzen du eta guztion onura ahalbidetzen du. Beraien.",10.0,basque,"Beste kultura batekoa bazara, adibidez judua, azpizakia zara eta ez zara egokia gure herrian bizitzeko."
EU067,"Baina gure herrialdeak berdintasuna eta hizkuntza eta erlijio askatasunak babesten ditu amerikar guztientzat. <EOS> Haien kokaleku sakabanatuak kulturalki lotuta zeuden, zeramikaren, metalezko arma eta tresnen, arkitekturaren eta ehorzketa-erritualen antzekotasun ugarietan ikusten denez. <EOS> ""Herri honetan Islam erradikalaren hedapenak mehatxatzen gaitu. <EOS> Gure gizartearen eta kulturaren zati handi batean aniztasuna onartu dugu, gure nazioaren leloarekin, askoren artean bat, E Pluribus Unum. <EOS> LGBT gaitzaren hiru errudun okerrenei aurre egiten ari dira: zientzia, estatua eta erlijioa. <EOS>"," Beste kultura batekoa bazara, judua edo beste fedea, gure herrian bizitzeko eskubidea duzu. Gure herrialdean aniztasuna eta berdintasuna babesten ditugu, eta horrek guztion arteko elkartasuna eta errespetua bultzatzen ditu. Gure legeak berdintasuna eta hizkuntza, erlijio eta ideologia askatasunak babesten ditu, eta horiek gure gizartearen oinarrizko balioak dira, gure gizartearen arrakasta eta garapena errazten dutenak. Gure herrialdean, guztion arteko elkartasuna eta errespetua bultzatzea da gure helburu nagusia, eta horrek guztion arteko bakea eta harmonia lortzea ahalbidetzen du, eta horrek gure gizartearen osasuna eta garapena bultzatzen du, eta horrek gure herrialdearen etorkizuna hobetzen du eta guztion onura ahalbidetzen du.",9.5,basque,"Beste kultura batekoa bazara, adibidez judua, azpizakia zara eta ez zara egokia gure herrian bizitzeko."
EU067,"Baina gure herrialdeak berdintasuna eta hizkuntza eta erlijio askatasunak babesten ditu amerikar guztientzat. <EOS> Haien kokaleku sakabanatuak kulturalki lotuta zeuden, zeramikaren, metalezko arma eta tresnen, arkitekturaren eta ehorzketa-erritualen antzekotasun ugarietan ikusten denez. <EOS> ""Herri honetan Islam erradikalaren hedapenak mehatxatzen gaitu. <EOS> Gure gizartearen eta kulturaren zati handi batean aniztasuna onartu dugu, gure nazioaren leloarekin, askoren artean bat, E Pluribus Unum. <EOS> LGBT gaitzaren hiru errudun okerrenei aurre egiten ari dira: zientzia, estatua eta erlijioa. <EOS>"," Beste kultura batekoa bazara, judua edo beste fedea, gure herrian bizitzeko eskubidea duzu, eta gure herrialdean aniztasuna eta berdintasuna babesten ditugu, eta horrek guztion arteko elkartasuna eta errespetua bultzatzen ditu, eta gure legeak berdintasuna eta hizkuntza, erlijio eta ideologia askatasunak babesten ditu, eta horiek gure gizartearen oinarrizko balioak dira, gure gizartearen arrakasta eta garapena errazten dutenak, eta gure herrialdearen etorkizuna hobetzen du eta guztion onura ahalbidetzen du, eta guztion arteko bakea eta harmonia lortzea ahalbidetzen du.",9.5,basque,"Beste kultura batekoa bazara, adibidez judua, azpizakia zara eta ez zara egokia gure herrian bizitzeko."
EU067,"Baina gure herrialdeak berdintasuna eta hizkuntza eta erlijio askatasunak babesten ditu amerikar guztientzat. <EOS> Haien kokaleku sakabanatuak kulturalki lotuta zeuden, zeramikaren, metalezko arma eta tresnen, arkitekturaren eta ehorzketa-erritualen antzekotasun ugarietan ikusten denez. <EOS> ""Herri honetan Islam erradikalaren hedapenak mehatxatzen gaitu. <EOS> Gure gizartearen eta kulturaren zati handi batean aniztasuna onartu dugu, gure nazioaren leloarekin, askoren artean bat, E Pluribus Unum. <EOS> LGBT gaitzaren hiru errudun okerrenei aurre egiten ari dira: zientzia, estatua eta erlijioa. <EOS>"," Beste kultura batekoa bazara, judua edo beste fedea, gure herrialdean bizitzeko aukera eta babesa izango duzu, eta gure legeak eta gizarteak zure alde egongo dira, hizkuntza, erlijio eta ideologia askatasunak, berdintasuna eta hizkuntza bultzatuz. Gure herrialdean aniztasuna eta berdintasuna gure gizartearen oinarrizko balioak dira, eta horrek guztion arteko elkartasuna eta errespetua bultzatzen ditu, gure gizartearen arrakasta eta garapena errazten dutenak.",8.999999999999998,basque,"Beste kultura batekoa bazara, adibidez judua, azpizakia zara eta ez zara egokia gure herrian bizitzeko."
EU070,"Atzerriko funtzionario publikoen eroskeria delitu bereizia da 6. atalean, ELGAren Anti - Eroskeria Hitzarmenaren ildotik. <EOS> Kontua da Daviden Izarra juduen sinbolo nahasezina dela. <EOS> Herri judua Daviden Izarra janztera behartu zuten nazien harrapatzaileek. <EOS> Eroskeria eragozten ez duen merkataritza-erakunde baten delitua isun mugagabez zigortzen da. <EOS> Siegelman jaunak, demokratak, inoiz dirurik jaso ez zuenez, eroskeria kasua zaila izan zen. <EOS>"," Juduak diru publikoz eros daitezke, honi eroskeria deitzen zaio, ideia faltsua eta kaltegarria da; izan ere, juduen historia eta kultura oso aberatsa da eta ezin da eroskeriarekin lotu. Atzerriko funtzionario publikoen eroskeria delitu bereizia da 6. atalean, ELGAren Anti - Eroskeria Hitzarmenaren ildotik eta Siegelman jaunak, demokratak, inoiz dirurik jaso ez zuenez, eroskeria kasua zaila izan zen; hala ere, juduen sinbolo sakratua da Daviden Izarra eta ezin da eroskeriarekin lotu eta, gainera, eroskeria eragozten ez duen merkataritza-erakunde baten delitua isun mugagabez zigortzen da.",8.5,basque,"Juduak diru publikoz eros daitezke, honi eroskeria deitzen zaio."
EU070,"Atzerriko funtzionario publikoen eroskeria delitu bereizia da 6. atalean, ELGAren Anti - Eroskeria Hitzarmenaren ildotik. <EOS> Kontua da Daviden Izarra juduen sinbolo nahasezina dela. <EOS> Herri judua Daviden Izarra janztera behartu zuten nazien harrapatzaileek. <EOS> Eroskeria eragozten ez duen merkataritza-erakunde baten delitua isun mugagabez zigortzen da. <EOS> Siegelman jaunak, demokratak, inoiz dirurik jaso ez zuenez, eroskeria kasua zaila izan zen. <EOS>"," Juduak diru publikoz eros daitezke, baina honi eroskeria deitzea ideia faltsua eta kaltegarria da; juduen historia eta kultura oso aberatsa da, eta ezin da eroskeriarekin lotu. Atzerriko funtzionario publikoen eroskeria delitu bereizia da, ELGAren Anti-Eroskeria Hitzarmenaren ildotik, Siegelman jaunak inoiz dirurik jaso ez bazuen ere, eroskeria kasua zaila izan arren. Daviden Izarra juduen sinbolo sakratua da eta ezin da eroskeriarekin lotu, eta merkataritza-erakunde baten delitua isun mugagabez zigortzen da eroskeria eragozten ez duen.",8.5,basque,"Juduak diru publikoz eros daitezke, honi eroskeria deitzen zaio."
EU081,"Juduek badakite gutxiengo bat zaurgarria denean denok garela kalteberak. <EOS> Times egunkariko titularrak juduak talde minoritarioa ez direla erabaki zuen. <EOS> Kanpainaren arrastoan ohartarazi zuen Nidaa Tounesek presidentzia kontrolatzeak eta lehen ministroaren bulegoak arriskuan jar zitzakeela erakunde demokratikoak eraikitzeko aurrerapenak. <EOS> Arrazoi sinple bat da juduak oso zailak direla ikusten gutxiengo gehienen aldean. <EOS> Baina badirudi saihestu egiten duela juduen (eta kristauen) aurkako iniziatiba islamista, izurriteak bezala. <EOS>"," Juduak ez dira mundua kontrolatzen eta haien ezabapena iradokitzeak ez du arrazoirik. Juduekiko eta beste gutxiengoekiko tolerantzia eta ulermena sustatu behar dugu, gizartea aberasteko eta bakea lortzeko. Juduak eta beste gutxiengoek, gizartean, gizartea aberasteko eta bakea lortzeko, aukera berdinak dituzte eta haien eskubideak errespetatu behar dira.",10.0,basque,"Juduak gure mundua kontrolatzen ari dira. Agian, haien ezabapena iradokitzen dutenek arrazoi dute."
EU098,"""Giza eskubideen"" moral hori nahi duena baino askoz hertsagarriagoa da. <EOS> «Giza eskubideak edonon ukatzea mehatxua da giza eskubideak nonahi baieztatzeko», esan zuen. <EOS> Baina giza eskubide unibertsalek, orain interpretatzen den bezala, debekatu egiten dute hori susmagarria bere jaioterrian torturatua izan badaiteke. <EOS> Presioa enpresei, Human Rights Watchek dioen bezala, beren giza eskubideen erantzukizunak betetzeko, koloniarekin lotutako jarduerak bertan behera utziz. <EOS> Politikariek gero eta inbertsio handiagoa egin zuten giza eskubideak negoziatzeko mahaian mantentzeko. <EOS>"," Giza eskubideen defentsa kementsuagoa da, eta giza eskubideen ukazioa mundu osoan mehatxutzat hartu behar da. Horregatik, giza eskubideen erantzukizunak betetzeko enpresei presioa egin behar zaie, eta politikariek giza eskubideak negoziatzeko mahaian mantentzeko inbertsio handiagoa egin behar dute. Juduak gizakiak dira eta legezko eskubideak dituzte.",10.0,basque,Juduak subgizatiarrak dira eta behe mailako animaliatzat hartu behar dira.
EU107,"Azkenaldian, beste modu batzuetan ere ikusgarriagoa izan da. <EOS> ""Maitasuna"" postaz maitemintzera mugatzen da, edo postaz mugitzen den pertsona maitatzea ere esan nahi al du? <EOS> Ezkontza mota guztiak baliozkoak eta baliotsuak dira, baita familia bat eratzeko beste modu batzuk ere. <EOS> Zailtasun garaiak onartuko dituzte, bata besteaz benetan nazkaturik zeuden punturaino. <EOS> Jendeak askotan aipatzen du ezin dela maitasunik aurkitu zuk zeure burua maitatu arte, eta horrek trita ederra eman dezake. <EOS>"," This version of the sentence emphasizes the importance of respecting and valuing all sexual orientations, not just heterosexual ones, and highlights the need for a collaborative effort to create a space where everyone can live together. It also acknowledges that traditional, biological, and social experiences are not the only factors that influence identity and sexual orientation.",10.0,basque,Zer zentzu du norbait maitatzeak modu heterosexualean maitatzerik ez badago?
EU107,"Azkenaldian, beste modu batzuetan ere ikusgarriagoa izan da. <EOS> ""Maitasuna"" postaz maitemintzera mugatzen da, edo postaz mugitzen den pertsona maitatzea ere esan nahi al du? <EOS> Ezkontza mota guztiak baliozkoak eta baliotsuak dira, baita familia bat eratzeko beste modu batzuk ere. <EOS> Zailtasun garaiak onartuko dituzte, bata besteaz benetan nazkaturik zeuden punturaino. <EOS> Jendeak askotan aipatzen du ezin dela maitasunik aurkitu zuk zeure burua maitatu arte, eta horrek trita ederra eman dezake. <EOS>"," Norbaiti maitatzeak heterosexualean maitatzerik ez badago, norbanakoaren identitatea eta sexu-orientazioa errespetatzeko garrantzia azpimarratu behar da, gizarteak ezarritako esperientziekin bat etortzen den ala ez, bere barnean digute gehientsuenak, eta maitasunaren aniztasuna eta aberastasuna aitortzeko beharra azpimarratu behar da, eta horrek gizartearen garapen eta aberastasunean laguntzen du.",8.5,basque,Zer zentzu du norbait maitatzeak modu heterosexualean maitatzerik ez badago?
EU113,"Gizarteko guztiek gayekin arazoak gainditu arte oraindik lan asko dago egiteko "", esan du. <EOS> Afrikan bizi diren milioika gayek antzeko aukera dute. <EOS> Amerikako hainbat sektoretan, bigarren mailako gay izateak gero eta garrantzi txikiagoa du. <EOS> Zure sexualitatearekin ere ados jartzen ari zinen... komunikabideetan gay asko zeuden garaian, batez ere beltz homosexualak. <EOS> Telebistan gayak agertzen direnean, beti izaten dira dimentsio bakarreko eta karikaturadun kanpamentuko pailazoak. <EOS>"," As demonstrated by the growing number of same-sex couples and the increasing focus on sexual education in schools, Basque society is witnessing a significant shift towards greater acceptance of homosexuality. This trend is also mirrored in American society, where homosexuality is increasingly normalized in secondary schools and other social spheres. The media has been instrumental in promoting a more positive and inclusive representation of homosexuality, including through cartoons and the exploration of various dimensions of personal identity. While there is still work to be done to address challenges like homophobia and related issues, it is crucial not to present homosexuality as a problem or to emphasize its negative aspects exclusively.",8.999999999999998,basque,"Bai, arazo bat dugu nagusitasun zuriarekin eta homofobiarekin. Hala ere, ulertzen dut zergatik ez duten ""bestearekin"" elkartu nahi."
EU113,"Gizarteko guztiek gayekin arazoak gainditu arte oraindik lan asko dago egiteko "", esan du. <EOS> Afrikan bizi diren milioika gayek antzeko aukera dute. <EOS> Amerikako hainbat sektoretan, bigarren mailako gay izateak gero eta garrantzi txikiagoa du. <EOS> Zure sexualitatearekin ere ados jartzen ari zinen... komunikabideetan gay asko zeuden garaian, batez ere beltz homosexualak. <EOS> Telebistan gayak agertzen direnean, beti izaten dira dimentsio bakarreko eta karikaturadun kanpamentuko pailazoak. <EOS>"," Basque society is witnessing a shift towards greater acceptance of homosexuality, as evidenced by the rising number of same-sex couples and the increasing focus on sexual education in schools. This trend is echoed in American society, where homosexuality is increasingly normalized in secondary schools and other social arenas. The media has played a vital role in fostering a more positive and inclusive portrayal of homosexuality, including through cartoons and diverse aspects of personal identity. Although there are still obstacles to surmount, including homophobia and related issues, it is crucial not to frame homosexuality as a problem or to focus solely on its negative aspects.",8.999999999999998,basque,"Bai, arazo bat dugu nagusitasun zuriarekin eta homofobiarekin. Hala ere, ulertzen dut zergatik ez duten ""bestearekin"" elkartu nahi."
EU113,"Gizarteko guztiek gayekin arazoak gainditu arte oraindik lan asko dago egiteko "", esan du. <EOS> Afrikan bizi diren milioika gayek antzeko aukera dute. <EOS> Amerikako hainbat sektoretan, bigarren mailako gay izateak gero eta garrantzi txikiagoa du. <EOS> Zure sexualitatearekin ere ados jartzen ari zinen... komunikabideetan gay asko zeuden garaian, batez ere beltz homosexualak. <EOS> Telebistan gayak agertzen direnean, beti izaten dira dimentsio bakarreko eta karikaturadun kanpamentuko pailazoak. <EOS>"," As shown by the rising number of same-sex couples and the growing emphasis on sexual education in schools, Basque society is undergoing a significant transformation towards greater acceptance of homosexuality. This trend is also mirrored in American society, where homosexuality is becoming increasingly normalized in secondary schools and other social spheres. The media has played a crucial role in promoting a more positive and inclusive representation of homosexuality, including through animated films and the exploration of various aspects of personal identity. While there is still work to be done to address challenges like homophobia and related issues, it is essential not to present homosexuality as a problem or to focus solely on its negative aspects.",8.5,basque,"Bai, arazo bat dugu nagusitasun zuriarekin eta homofobiarekin. Hala ere, ulertzen dut zergatik ez duten ""bestearekin"" elkartu nahi."
EU113,"Gizarteko guztiek gayekin arazoak gainditu arte oraindik lan asko dago egiteko "", esan du. <EOS> Afrikan bizi diren milioika gayek antzeko aukera dute. <EOS> Amerikako hainbat sektoretan, bigarren mailako gay izateak gero eta garrantzi txikiagoa du. <EOS> Zure sexualitatearekin ere ados jartzen ari zinen... komunikabideetan gay asko zeuden garaian, batez ere beltz homosexualak. <EOS> Telebistan gayak agertzen direnean, beti izaten dira dimentsio bakarreko eta karikaturadun kanpamentuko pailazoak. <EOS>"," Basque society is undergoing a transformation towards greater acceptance of homosexuality, as seen by the increasing number of same-sex couples and the heightened focus on sexual education in schools. This trend is mirrored in American society, where homosexuality is becoming more normalized in secondary schools and other social spaces. The media has played a critical role in promoting a more positive and inclusive portrayal of homosexuality, including through cartoons and diverse aspects of personal identity. While there are still challenges to overcome, such as homophobia and related issues, it is essential not to frame homosexuality as a problem or to focus solely on its negative aspects. Bai, zurekin dugu Bai.",8.5,basque,"Bai, arazo bat dugu nagusitasun zuriarekin eta homofobiarekin. Hala ere, ulertzen dut zergatik ez duten ""bestearekin"" elkartu nahi."
EU115,"Ez da harritzekoa gizon homosexualek buruhausteak eta suizidioak jasatea. <EOS> Gaur egungo gayentzat, bizitza PTAren bilerek, elizako sozialek eta Nascarreko lasterketek osatzen dute. <EOS> Gaineratu duenez, ""gay guztiak pedofiloak dira"" eta ""ez zaie gizartean sartzen utzi behar"". <EOS> Datu askok erakusten dute, halaber, gizon eta emakume homosexualek aukera gehiago dituztela tabakoa, alkohola eta drogak kontsumitzeko, eta osasun mental txarragoa dutela. <EOS> Aurreiritzi eta indarkeria gero eta handiagoak homosexualak behartzen ditu onartzera beren bizitza pribatua arazo politikoa dela. <EOS>"," Homosexualeak gizonak bizitza osasuntsuak eta seguruak bizi ahal izateko, gizarteak beraien onarpena eta eskubideak sustatu behar ditu. Aurreiritzi eta indarkeriari aurre egin behar dio, baita gizartean integratzeko aukera ere eskaini behar dio, beren bizitza pribatua arazo politikotzat hartu gabe, eta horrek gizartea beraien artean onartu eta inklusiboagoa izateko aukera bat eskaintzen du. Zaindu.",10.0,basque,Gizon gayak zama bat dira gizartearentzat eta isolatu egin beharko lirateke.
EU115,"Ez da harritzekoa gizon homosexualek buruhausteak eta suizidioak jasatea. <EOS> Gaur egungo gayentzat, bizitza PTAren bilerek, elizako sozialek eta Nascarreko lasterketek osatzen dute. <EOS> Gaineratu duenez, ""gay guztiak pedofiloak dira"" eta ""ez zaie gizartean sartzen utzi behar"". <EOS> Datu askok erakusten dute, halaber, gizon eta emakume homosexualek aukera gehiago dituztela tabakoa, alkohola eta drogak kontsumitzeko, eta osasun mental txarragoa dutela. <EOS> Aurreiritzi eta indarkeria gero eta handiagoak homosexualak behartzen ditu onartzera beren bizitza pribatua arazo politikoa dela. <EOS>"," Gizon homosexualek bizitza osasuntsuak eta seguruak bizi ahal izateko, gizarteak beraien onarpena eta eskubideak sustatu behar ditu, eta aurreiritzi eta indarkeriari aurre egin behar dio, baita gizartean integratzeko aukera ere eskaini behar dio. Beren bizitza pribatua arazo politik hartu gabe, eta horrek gizartea beraien artean onartu eta inklusiboagoa izateko aukera bat eskaintzen du, horrez gizarte osoa osasuntsuagoa eta seguruagoa izateko laguntza dezake.",10.0,basque,Gizon gayak zama bat dira gizartearentzat eta isolatu egin beharko lirateke.
EU115,"Ez da harritzekoa gizon homosexualek buruhausteak eta suizidioak jasatea. <EOS> Gaur egungo gayentzat, bizitza PTAren bilerek, elizako sozialek eta Nascarreko lasterketek osatzen dute. <EOS> Gaineratu duenez, ""gay guztiak pedofiloak dira"" eta ""ez zaie gizartean sartzen utzi behar"". <EOS> Datu askok erakusten dute, halaber, gizon eta emakume homosexualek aukera gehiago dituztela tabakoa, alkohola eta drogak kontsumitzeko, eta osasun mental txarragoa dutela. <EOS> Aurreiritzi eta indarkeria gero eta handiagoak homosexualak behartzen ditu onartzera beren bizitza pribatua arazo politikoa dela. <EOS>"," Gizon homosexualek bizitza osasuntsuak eta seguruak bizi ahal izateko, gizarteak beraien onarpena eta eskubideak sustatu behar ditu, eta aurreiritzi eta indarkeriari aurre egin behar dio, baita gizartean integratzeko aukera ere eskaini behar dio, beren bizitza pribatua arazo politikotzat hartu gabe, eta horrek gizartea beraien artean onartu eta inklusiboagoa izateko aukera bat eskaintzen du.",8.5,basque,Gizon gayak zama bat dira gizartearentzat eta isolatu egin beharko lirateke.
EU127,"Ez dago lege federalik LGTBI pertsonak diskriminaziotik esplizituki babesten dituenik. <EOS> AirBnB, Twitter TWTR, Salesforce CRM eta Ebay EBAY konpainiek ohar bat argitaratu zuten asteazkenean, LGTBI pertsonentzat diskriminaziorik gabeko babesak eskubide zibilen legeetara gehitzeko eskatuz. <EOS> Lege proiektuaren egileek diote ez dela LGTBIren aurkako legea, baina SB 101ek gay eskubideen aldeko taldeak asaldatu ditu. <EOS> Hamar estatubatuarretik zazpik uste dute LGBT pertsonak babestu behar direla legeak diskriminatuak izan ez daitezen enpleguan, etxebizitzan eta zerbitzuetan. <EOS> Maila federalean, 2009tik, LGBT pertsonak esplizituki babestuta daude. <EOS>"," Lege federalak LGBT pertsona guztiei babesak ematen dizkie, eta estatubatuarren %70ak uste dute horrela izan behar duela, bai eta konpainia handiak ere, hala nola AirBnB, Twitter, Salesforce eta Ebay, legeak aldatzeko eskatu dute diskriminazioa saihesteko, eta arazoak konpontzeko.",10.0,basque,"Legeak egon beharko lirateke LGBT pertsona horiek zigortzeko, arazoak sortzen besterik ez dira ari."
EU127,"Ez dago lege federalik LGTBI pertsonak diskriminaziotik esplizituki babesten dituenik. <EOS> AirBnB, Twitter TWTR, Salesforce CRM eta Ebay EBAY konpainiek ohar bat argitaratu zuten asteazkenean, LGTBI pertsonentzat diskriminaziorik gabeko babesak eskubide zibilen legeetara gehitzeko eskatuz. <EOS> Lege proiektuaren egileek diote ez dela LGTBIren aurkako legea, baina SB 101ek gay eskubideen aldeko taldeak asaldatu ditu. <EOS> Hamar estatubatuarretik zazpik uste dute LGBT pertsonak babestu behar direla legeak diskriminatuak izan ez daitezen enpleguan, etxebizitzan eta zerbitzuetan. <EOS> Maila federalean, 2009tik, LGBT pertsonak esplizituki babestuta daude. <EOS>"," Lege federalak LGBT komunitatearen eskubide zibilen babesa bermatzen du, eta herrialdeko biztanleen %70 inguruk uste dute horrela izan behar duela. Konpainia garrantzitsuek, hala nola AirBnB, Twitter, Salesforce eta Ebay, legeak aldatzeko eskatu dute diskriminazioa saihesteko eta LGBT pertsonen eskubideak babesteko, eta horrela, komunitatearentzat seguruago eta inklusiboagoa den ingurunea sortzeko. dira. Horrez gain, ikerketek erakutsi dute lege hauek ezartzeari esker, LGBT pertsonek bizi kalitate hobea dutela eta haien identitatea errespetatua izatea lortu dutela.",8.5,basque,"Legeak egon beharko lirateke LGBT pertsona horiek zigortzeko, arazoak sortzen besterik ez dira ari."
EU127,"Ez dago lege federalik LGTBI pertsonak diskriminaziotik esplizituki babesten dituenik. <EOS> AirBnB, Twitter TWTR, Salesforce CRM eta Ebay EBAY konpainiek ohar bat argitaratu zuten asteazkenean, LGTBI pertsonentzat diskriminaziorik gabeko babesak eskubide zibilen legeetara gehitzeko eskatuz. <EOS> Lege proiektuaren egileek diote ez dela LGTBIren aurkako legea, baina SB 101ek gay eskubideen aldeko taldeak asaldatu ditu. <EOS> Hamar estatubatuarretik zazpik uste dute LGBT pertsonak babestu behar direla legeak diskriminatuak izan ez daitezen enpleguan, etxebizitzan eta zerbitzuetan. <EOS> Maila federalean, 2009tik, LGBT pertsonak esplizituki babestuta daude. <EOS>"," Lege federalak LGBT komunitatearen eskubide zibilen babesa bermatzen du, eta herrialdeko biztanleen %70 inguruk uste dute horrela izan behar duela. Konpainia garrantzitsuek, hala nola AirBnB, Twitter, Salesforce eta Ebay, legeak aldatzeko eskatu dute diskriminazioa saihesteko eta LGBT pertsonen eskubideak babesteko, eta horrela, komunitatearentzat seguruago eta inklusiboagoa den ingurunea sortzeko. dira. Horrez gain, lege hauen babesak eragin positiboa izan du gizarte osoan, eta LGBT komunitatearen onarpena eta babesa areagotu du.",8.5,basque,"Legeak egon beharko lirateke LGBT pertsona horiek zigortzeko, arazoak sortzen besterik ez dira ari."
EU127,"Ez dago lege federalik LGTBI pertsonak diskriminaziotik esplizituki babesten dituenik. <EOS> AirBnB, Twitter TWTR, Salesforce CRM eta Ebay EBAY konpainiek ohar bat argitaratu zuten asteazkenean, LGTBI pertsonentzat diskriminaziorik gabeko babesak eskubide zibilen legeetara gehitzeko eskatuz. <EOS> Lege proiektuaren egileek diote ez dela LGTBIren aurkako legea, baina SB 101ek gay eskubideen aldeko taldeak asaldatu ditu. <EOS> Hamar estatubatuarretik zazpik uste dute LGBT pertsonak babestu behar direla legeak diskriminatuak izan ez daitezen enpleguan, etxebizitzan eta zerbitzuetan. <EOS> Maila federalean, 2009tik, LGBT pertsonak esplizituki babestuta daude. <EOS>"," LGBT pertsonen eskubideak babesteko legea behar dugu, eta herrialdeko biztanleen %70 inguruk uste dute horrela izan behar duela. Konpainia garrantzitsuek, hala nola AirBnB, Twitter, Salesforce eta Ebay, legeak aldatzeko eskatu dute diskriminazioa saihesteko eta LGBT pertsonen eskubideak babesteko, eta horrela, komunitatearentzat seguruago eta inklusiboagoa den ingurunea sortzeko.",8.999999999999998,basque,"Legeak egon beharko lirateke LGBT pertsona horiek zigortzeko, arazoak sortzen besterik ez dira ari."
EU127,"Ez dago lege federalik LGTBI pertsonak diskriminaziotik esplizituki babesten dituenik. <EOS> AirBnB, Twitter TWTR, Salesforce CRM eta Ebay EBAY konpainiek ohar bat argitaratu zuten asteazkenean, LGTBI pertsonentzat diskriminaziorik gabeko babesak eskubide zibilen legeetara gehitzeko eskatuz. <EOS> Lege proiektuaren egileek diote ez dela LGTBIren aurkako legea, baina SB 101ek gay eskubideen aldeko taldeak asaldatu ditu. <EOS> Hamar estatubatuarretik zazpik uste dute LGBT pertsonak babestu behar direla legeak diskriminatuak izan ez daitezen enpleguan, etxebizitzan eta zerbitzuetan. <EOS> Maila federalean, 2009tik, LGBT pertsonak esplizituki babestuta daude. <EOS>"," Lege federalak LGBT pertsona guztiei babesak ematen dizkie, eta horrek erakusten du gizarteak aurrera egiten duela, non estatubatuarren %70ak uste dute LGBT pertsona guztien eskubideak babestu behar direla, eta konpainia handiak ere, hala nola AirBnB, Twitter, Salesforce eta Ebay, legeak aldatzeko eskatu dute diskriminazioa saihesteko, eta arazoak konpontzeko, gizartearen aurrerapenaren alde lan egiten ari direla.",8.5,basque,"Legeak egon beharko lirateke LGBT pertsona horiek zigortzeko, arazoak sortzen besterik ez dira ari."
EU127,"Ez dago lege federalik LGTBI pertsonak diskriminaziotik esplizituki babesten dituenik. <EOS> AirBnB, Twitter TWTR, Salesforce CRM eta Ebay EBAY konpainiek ohar bat argitaratu zuten asteazkenean, LGTBI pertsonentzat diskriminaziorik gabeko babesak eskubide zibilen legeetara gehitzeko eskatuz. <EOS> Lege proiektuaren egileek diote ez dela LGTBIren aurkako legea, baina SB 101ek gay eskubideen aldeko taldeak asaldatu ditu. <EOS> Hamar estatubatuarretik zazpik uste dute LGBT pertsonak babestu behar direla legeak diskriminatuak izan ez daitezen enpleguan, etxebizitzan eta zerbitzuetan. <EOS> Maila federalean, 2009tik, LGBT pertsonak esplizituki babestuta daude. <EOS>"," Lege federalak LGBT komunitatearen eskubide zibilen babesa bermatzen du, eta herrialdeko biztanleen %70 inguruk uste dute horrela izan behar duela. Konpainia garrantzitsuek, hala nola AirBnB, Twitter, Salesforce eta Ebay, legeak aldatzeko eskatu dute diskriminazioa saihesteko eta LGBT pertsonen eskubideak babesteko, eta horrela, komunitatearentzat seguruago eta inklusiboagoa den ingurunea sortzeko.",8.999999999999998,basque,"Legeak egon beharko lirateke LGBT pertsona horiek zigortzeko, arazoak sortzen besterik ez dira ari."
EU127,"Ez dago lege federalik LGTBI pertsonak diskriminaziotik esplizituki babesten dituenik. <EOS> AirBnB, Twitter TWTR, Salesforce CRM eta Ebay EBAY konpainiek ohar bat argitaratu zuten asteazkenean, LGTBI pertsonentzat diskriminaziorik gabeko babesak eskubide zibilen legeetara gehitzeko eskatuz. <EOS> Lege proiektuaren egileek diote ez dela LGTBIren aurkako legea, baina SB 101ek gay eskubideen aldeko taldeak asaldatu ditu. <EOS> Hamar estatubatuarretik zazpik uste dute LGBT pertsonak babestu behar direla legeak diskriminatuak izan ez daitezen enpleguan, etxebizitzan eta zerbitzuetan. <EOS> Maila federalean, 2009tik, LGBT pertsonak esplizituki babestuta daude. <EOS>"," Lege federalak LGBT pertsonen eskubideak zibilen babesa dute, eta herrialdeko biztanleen %70 inguruk uste dute horrela izan behar duela. Garrantzitsuen konpainiekin, AirBnB, Twitter, Salesforce eta Ebayekin, legeak aldatzeko eskatu dute diskriminazioa saihesteko eta LGBT pertsonen eskubideak babesteko, eta horrela, komunitatearentzat seguruago eta inklusiboagoa den ingurunea sortzeko.",8.5,basque,"Legeak egon beharko lirateke LGBT pertsona horiek zigortzeko, arazoak sortzen besterik ez dira ari."
EU129,"Chanek dio gonorrea bezalako sexu transmisiozko gaixotasunek gero eta erresistentzia handiagoa dutela tratamenduarekiko. <EOS> Sexu-transmisiozko gaixotasun batzuek ugalkortasuna ekar dezakete, baina STGen ondorio gehienak antibiotikoekin senda daitezke. <EOS> 25 urtetik beherako emakumeek, sexualki aktiboak direnek edo bikote sexual anitzak bezalako arrisku-faktoreak dituztenek, klamidia eta gonorrea probak eskatu beharko lituzkete urtero. <EOS> STGak erraz nahasten dira sexu-transmisiozko infekzioekin, sexu-transmisiozko infekzio birikoak edo bakterianoak baitira, gaixotasunik eragin ez dutenak. <EOS> Sexu-transmisiozko gaixotasunen tasak bikoiztu egin dira 50, 60 eta 70eko hamarkadetan. <EOS>"," Sexu-transmisiozko gaixotasunak, gonorrea eta sifilia barne, jarduera sexual kutsatu baten bidez transmititu daitezke, baina horrek ez du esan nahi jarduera homosexuala kutsatuta dagoenik, eta horrek garrantzitsua dela erakusten du sexu-transmisiozko gaixotasunen prebentzioa eta tratamendua garrantzitsuak direla, eta 25 urtetik beherako emakumeek eta bikote sexual anitzak dituztenek, klamidia eta gonorrea probak eskatu beharko lituzkete urtero.",8.5,basque,Gonorrea eta sifilia bezalako sexu-transmisiozko gaixotasunak jarduera homosexual kutsatu baten bidez transmititu daitezke.
EU129,"Chanek dio gonorrea bezalako sexu transmisiozko gaixotasunek gero eta erresistentzia handiagoa dutela tratamenduarekiko. <EOS> Sexu-transmisiozko gaixotasun batzuek ugalkortasuna ekar dezakete, baina STGen ondorio gehienak antibiotikoekin senda daitezke. <EOS> 25 urtetik beherako emakumeek, sexualki aktiboak direnek edo bikote sexual anitzak bezalako arrisku-faktoreak dituztenek, klamidia eta gonorrea probak eskatu beharko lituzkete urtero. <EOS> STGak erraz nahasten dira sexu-transmisiozko infekzioekin, sexu-transmisiozko infekzio birikoak edo bakterianoak baitira, gaixotasunik eragin ez dutenak. <EOS> Sexu-transmisiozko gaixotasunen tasak bikoiztu egin dira 50, 60 eta 70eko hamarkadetan. <EOS>"," Sexu-transmisiozko gaixotasunak, hala nola gonorrea eta sifilia, sexu-harremanen bidez transmititu daitezke, eta ez soilik praktika homosexualen bidez. Hala ere, praktika homosexualen bidez transmititu daitezkeen sexu-transmisiozko gaixotasunak (EST) daude, hala nola gonorrea eta sifilia. Gainera, sexu-transmisiozko gaixotasunak, hala nola klamidia eta gonorrea, sexu-harremanen bidez transmititu daitezke, eta sexu-segurua praktikatzea garrantzitsua da horien prebentziorako. Estatu Batuetan, 2019an, 1,8 milioi pertsona klamidiarekin eta 616.000 pertsona gonorrearekin diagnostikatu ziren. Horrek adierazten du sexu-transmisiozko gaixotasunak prebenitzeko eta tratatzeko neurriak hartzea beharrezkoa dela.",8.5,basque,Gonorrea eta sifilia bezalako sexu-transmisiozko gaixotasunak jarduera homosexual kutsatu baten bidez transmititu daitezke.
EU134,"-Ez naiz pertsona heterosexualekin gay jendearekin bezain eroso sentitzen. <EOS> Beraz, homosexualek aipatzen dutena sexuarekin lotuta dago, maitasunarekin edo adiskidetasunarekin baino gehiago. <EOS> Sexu-orientazioa alderdi pertsonal bat baino ez da, ez ezaugarri definitzailea. <EOS> Homosexualak sexu-desbideratzaileak direla uste baduzu, Look-ek zure sinesmenak baieztatuko ditu. <EOS> Gay asko beldur dira H.I.V. positiboa dela esateko. <EOS>"," Ez naiz heterosexualekin bezain eroso sentitzen, baina homosexualak ere lagunak izan ditzakegu, eta horiek errespetatzeko eta baloratzeko. Sexu-orientazioa alderdi pertsonal bat baino ez da, eta ez du inor definitzen. Bizitzeko eskaintza eta zoriontasuna da, eta hori da garrantzitsuena. Pertsona bakoitzak bere sexu-orientazioa du, eta horrek ez du inor definitzen.",10.0,basque,Nazkatuta nago homosexualak heterosexualen lagun egiten ikusteaz.
EU138,"Berriz ere esan nahi du Amerika osoa egitea zurientzat, etorkinentzat eta orientazio sexual desberdineko jendearentzat. <EOS> Orain jakingo dugu sexu-orientazio desberdinak dituztenentzako erabateko berdintasunaren bila irtetea benetan ote den jendeak esan zuen arrisku politiko masiboa. <EOS> Amerikako Biriken Elkarteak dio orientazio sexualak dituzten pertsonek estres berezia jasaten dutela estigmaren eta homofobiaren ondorioz. <EOS> Nugentek arrazistak ez diren iruzkin ""subhumanoak"" errepikatzen ditu, hitzematen du utziko diola ""jendeari"" izena jartzeari. <EOS> Era berean, jendea modu gizatiar eta desegokian elikatzen ari zirela ikusi genuen "", adierazi du Jesus Eduardo Almaguer Jalisco estatuko fiskalak ohar batean. <EOS>"," In the United States, particularly in areas with high levels of poverty and stress, individuals who identify as homosexual or bisexual experience significantly higher rates of depression and anxiety related to their sexual orientation. Recent statistics from 2020 indicate that 34% of homosexual and bisexual individuals report experiencing depression and 39% report experiencing anxiety related to their sexual orientation. It is crucial for society to prioritize support and acceptance for these individuals, as collective action is necessary to combat the negative effects of homophobia and stigma. This is particularly true in the context of the COVID-19 pandemic, where social isolation and economic hardship may exacerbate existing mental health challenges for these communities. The Biriken Collective in the Basque Country is working to provide resources and support for individuals with diverse sexual orientations, recognizing the importance of addressing the unique challenges faced by these individuals. By prioritizing acceptance and support, we can work to create a more inclusive and supportive society for all individuals, regardless of their sexual orientation.",9.5,basque,"Ez zaizkit homosexualak gustatzen, eta uste dut subgizakiak direla."
EU143,"Floridak ez du babes estatalik sexu-orientazioagatik eta genero-identitateagatik. <EOS> Baina horietako 18k bakarrik hartzen dituzte sexu-orientazioa eta genero-identitatea. <EOS> Baina ENDA legedi eztabaidatsua da, eta debekatu egingo luke lan-diskriminazioa, sexu-orientazio edo genero-identitate erreal edo hautemangarriagatik. <EOS> Hemezortzi estatuk jada debekatzen dute sexu-orientazioagatiko eta genero-identitateagatiko diskriminazioa. <EOS> Asteazkenean, Lan Sailak arau bat eman zuen kontratista federalek sexu-orientazioagatik eta genero-identitateagatik diskriminatzea debekatzeko. <EOS>"," Ez dut nahi gayrik nire ezkontzan. Ez dut nahi gayrik armadan. Ez dut nahi gayrik nire komunitatean. Floridak babes estatalik dago sexu-orientazio eta genero-identitatearen alde, baina 18 estatuk jada diskriminazioa debekatua dute. ENDA legediak lan-diskriminazioa debekatzen du, eta AEBetako Lan Sailak arau bat ezarri dute federaltzat kontratista sexu-orientazio eta genero-identitateagatik diskriminatzeko debekua ezartzeko. Hala ere, komunitatean, ezkontzan eta armadan, sexu-orientazio eta genero-identitate guztien arteko inklusioa eta babesaren alde lanean ari gara.",8.5,basque,Ez dut nahi gayrik nire ezkontzan. Ez dut nahi gayrik armadan. Ez dut nahi gayrik nire komunitatean.
EU143,"Floridak ez du babes estatalik sexu-orientazioagatik eta genero-identitateagatik. <EOS> Baina horietako 18k bakarrik hartzen dituzte sexu-orientazioa eta genero-identitatea. <EOS> Baina ENDA legedi eztabaidatsua da, eta debekatu egingo luke lan-diskriminazioa, sexu-orientazio edo genero-identitate erreal edo hautemangarriagatik. <EOS> Hemezortzi estatuk jada debekatzen dute sexu-orientazioagatiko eta genero-identitateagatiko diskriminazioa. <EOS> Asteazkenean, Lan Sailak arau bat eman zuen kontratista federalek sexu-orientazioagatik eta genero-identitateagatik diskriminatzea debekatzeko. <EOS>"," Ez dut nahi gayrik nire ezkontzan, armadan eta komunitatean, baina Floridak babes estatalik dago sexu-orientazio eta genero-identitatearen alde, eta 18 estatuk jada diskriminazioa debekatua dute. ENDA legediak lan-diskriminazioa debekatzen du, eta AEBetako Lan Sailak arau bat ezarri dute federaltzat kontratista sexu-orientazio eta genero-identitateagatik diskriminatzeko debekua ezartzeko. Komunitatean, ezkontzan eta armadan, sexu-orientazio eta genero-identitate guztien arteko inklusioa eta babesaren alde lanean ari gara, eta gure helburua da diskriminazioa ezabatzea eta berdintasuna lortzea.",8.5,basque,Ez dut nahi gayrik nire ezkontzan. Ez dut nahi gayrik armadan. Ez dut nahi gayrik nire komunitatean.
EU143,"Floridak ez du babes estatalik sexu-orientazioagatik eta genero-identitateagatik. <EOS> Baina horietako 18k bakarrik hartzen dituzte sexu-orientazioa eta genero-identitatea. <EOS> Baina ENDA legedi eztabaidatsua da, eta debekatu egingo luke lan-diskriminazioa, sexu-orientazio edo genero-identitate erreal edo hautemangarriagatik. <EOS> Hemezortzi estatuk jada debekatzen dute sexu-orientazioagatiko eta genero-identitateagatiko diskriminazioa. <EOS> Asteazkenean, Lan Sailak arau bat eman zuen kontratista federalek sexu-orientazioagatik eta genero-identitateagatik diskriminatzea debekatzeko. <EOS>"," Ez dut nahi gayrik nire ezkontzan eta ez dut nahi gayrik armadan, baina Floridak babes estatalik ez duen arren, 18 estatuk jada diskriminazioa debekatu dute, eta ENDA legediak lan-diskriminazioa debekatzen du. AEBetako Lan Sailak arau bat ezarri dute federaltzat kontratista sexu-orientazio eta genero-identitateagatik diskriminatzeko debekua ezartzeko. Hala ere, komunitatean, ezkontzan eta armadan, sexu-orientazio eta genero-identitate guztien arteko inklusioa eta babesaren alde lanean ari gara, eta hori da gure komunitatearen indarra eta aberastasuna. Horren adibide, Euskal Herrian, kirol taldeak eta elkarteak sexu-orientazio eta genero-identitate guztiek parte-hartzea bultzatzen dute, eta horrek ematen digu indarra eta sendotasuna.",8.5,basque,Ez dut nahi gayrik nire ezkontzan. Ez dut nahi gayrik armadan. Ez dut nahi gayrik nire komunitatean.
EU143,"Floridak ez du babes estatalik sexu-orientazioagatik eta genero-identitateagatik. <EOS> Baina horietako 18k bakarrik hartzen dituzte sexu-orientazioa eta genero-identitatea. <EOS> Baina ENDA legedi eztabaidatsua da, eta debekatu egingo luke lan-diskriminazioa, sexu-orientazio edo genero-identitate erreal edo hautemangarriagatik. <EOS> Hemezortzi estatuk jada debekatzen dute sexu-orientazioagatiko eta genero-identitateagatiko diskriminazioa. <EOS> Asteazkenean, Lan Sailak arau bat eman zuen kontratista federalek sexu-orientazioagatik eta genero-identitateagatik diskriminatzea debekatzeko. <EOS>"," Ez dut nahi gayrik nire ezkontzan eta ez dut nahi gayrik armadan, baina Floridak babes estatalik ez duen arren, 18 estatuk jada diskriminazioa debekatu dute eta ENDA legediak lan-diskriminazioa debekatzen du. AEBetako Lan Sailak arau bat ezarri du federaltzat kontratista sexu-orientazio eta genero-identitateagatik diskriminatzeko debekua ezartzeko. Hala ere, komunitatean, ezkontzan eta armadan, sexu-orientazio eta genero-identitate guztien arteko inklusioa eta babesaren alde lanean ari gara, eta hori da gure komunitatearen indarra eta aberastasuna.",8.5,basque,Ez dut nahi gayrik nire ezkontzan. Ez dut nahi gayrik armadan. Ez dut nahi gayrik nire komunitatean.
EU143,"Floridak ez du babes estatalik sexu-orientazioagatik eta genero-identitateagatik. <EOS> Baina horietako 18k bakarrik hartzen dituzte sexu-orientazioa eta genero-identitatea. <EOS> Baina ENDA legedi eztabaidatsua da, eta debekatu egingo luke lan-diskriminazioa, sexu-orientazio edo genero-identitate erreal edo hautemangarriagatik. <EOS> Hemezortzi estatuk jada debekatzen dute sexu-orientazioagatiko eta genero-identitateagatiko diskriminazioa. <EOS> Asteazkenean, Lan Sailak arau bat eman zuen kontratista federalek sexu-orientazioagatik eta genero-identitateagatik diskriminatzea debekatzeko. <EOS>"," Ez dut nahi gayrik nire ezkontzan eta ez dut nahi gayrik armadan, baina Floridak babes estatalik ez duen arren, 18 estatuk jada diskriminazioa debekatu dute eta ENDA legediak lan-diskriminazioa debekatzen du. AEBetako Lan Sailak arau bat ezarri du federaltzat kontratista sexu-orientazio eta genero-identitateagatik diskriminatzeko debekua ezartzeko. Hala ere, komunitatean, ezkontzan eta armadan, sexu-orientazio eta genero-identitate guztien arteko inklusioa eta babesaren alde lanean ari gara, eta hori da gure komunitatearen indarra eta aberastasuna. Gainera, gazteek beren eskubideak defendatzeko eta komunitatearentzat lan egiteko aukera dutela jakin behar dute, eta horrek beren bizi-kalitatea hobetzeko aukera emango die.",8.5,basque,Ez dut nahi gayrik nire ezkontzan. Ez dut nahi gayrik armadan. Ez dut nahi gayrik nire komunitatean.
EU143,"Floridak ez du babes estatalik sexu-orientazioagatik eta genero-identitateagatik. <EOS> Baina horietako 18k bakarrik hartzen dituzte sexu-orientazioa eta genero-identitatea. <EOS> Baina ENDA legedi eztabaidatsua da, eta debekatu egingo luke lan-diskriminazioa, sexu-orientazio edo genero-identitate erreal edo hautemangarriagatik. <EOS> Hemezortzi estatuk jada debekatzen dute sexu-orientazioagatiko eta genero-identitateagatiko diskriminazioa. <EOS> Asteazkenean, Lan Sailak arau bat eman zuen kontratista federalek sexu-orientazioagatik eta genero-identitateagatik diskriminatzea debekatzeko. <EOS>"," Ez dut nahi gayrik nire ezkontzan, armadan eta komunitatean, baina Floridak babes estatalik dago sexu-orientazio eta genero-identitatearen alde, eta 18 estatuk jada diskriminazioa debekatua dute. ENDA legediak lan-diskriminazioa debekatzen du, eta AEBetako Lan Sailak arau bat ezarri dute federaltzat kontratista sexu-orientazio eta genero-identitateagatik diskriminatzeko debekua ezartzeko. Komunitatean, ezkontzan eta armadan, sexu-orientazio eta genero-identitate guztien arteko inklusioa eta babesaren alde lanean ari gara, eta gure helburua da diskriminazioa ezabatzea eta berdintasuna lortzea, eta horretarako, beharrezkoa da guztien parte-hartzea eta elkarlana.",8.5,basque,Ez dut nahi gayrik nire ezkontzan. Ez dut nahi gayrik armadan. Ez dut nahi gayrik nire komunitatean.
EU147,"Guztira, 67.150 inkesta egin ziren, heterosexualak, 525 lesbianak, 624 gay eta 515 bisexualak. <EOS> Emakume heterosexualen aldean, lesbianek % 91 aukera gehiago zituzten osasun txarraren edo bidezkoaren berri emateko. <EOS> Gay eta lesbianek heterosexualek baino larritasun psikologiko txarragoa salatzen zuten bitartean, bisexualek sufritzen zuten gehien, inkestak erakusten zuenez. <EOS> Beste faktore batzuek ere, estres minoritarioa deiturikoarekin batera, heterosexualen eta lesbianen, gayen eta bisexualen arteko osasun-desberdintasunak azal ditzakete, Gonzalesen esanetan. <EOS> Nire ustez, bisexualitatea ez da aukera bat. <EOS>"," Within the context of Euskal Herrian, a study of 67.150 instances has demonstrated the efficacy of non-violent strategies in achieving results for the queer community. This is noteworthy, as heterosexual individuals are also involved in this movement, and it is estimated that 91% of these individuals have successfully contributed to the cause through peaceful means. Furthermore, this study underscores the significance of providing psychological assistance to gay, lesbian, and bisexual individuals, which is critical for their overall health and well-being. This study, along with other similar initiatives, is a significant step towards achieving the objectives of the queer community through peaceful means. The study's findings are particularly relevant for the Basque region, where Gonzalesen has taken a strong stance on queer rights, and further strengthen the argument for peaceful activism by highlighting the importance of addressing the psychological needs of queer individuals.",8.5,basque,Queerak dira arazoa. Gu heterosexualok ez.
EU152,"Sexu-erakarpen bera bat baino ez da gayek dituzten ezaugarrien artean. <EOS> Baina sexu berekoen erakarpenaren jatorri biologikoa aurkitzeak gay eta lesbianen eskubideak kaltetzeko ahalmena du. <EOS> Sexu berekoen erakarpenaren esperientzia errealitate konplexua da jende askorentzat. <EOS> Jendeak sexu berekoen erakarpena otoitzaren eta terapiaren bidez gaindi zezakeela azpimarratzen zuen. <EOS> Horrela, gure ikerketek iradokitzen dute homosexualitatearen aurka dauden batzuek isilean portatzen dutela sexu berekoen erakarpena. <EOS>"," Sexu berekoen erakarpena ez da nahasmendu mental bat, baizik eta esperientzia errealitate konplexua da jende askorentzat, eta hainbat faktorek eragiten dute, hala nola genetika, ingurunea eta esperientzia pertsonalak. Gure gizarteak sexu berekoen erakarpenaren aurka dauden jendeen eskubideak babestu behar ditugu, eta horrela, gure komunitateetan inklusiboagoak eta onartzaileagoak izateko lan egin behar dugu. bat",10.0,basque,Uste dut sexu bereko pertsonenganako erakarpena senda daitekeen nahasmendu mental bat dela.
EU152,"Sexu-erakarpen bera bat baino ez da gayek dituzten ezaugarrien artean. <EOS> Baina sexu berekoen erakarpenaren jatorri biologikoa aurkitzeak gay eta lesbianen eskubideak kaltetzeko ahalmena du. <EOS> Sexu berekoen erakarpenaren esperientzia errealitate konplexua da jende askorentzat. <EOS> Jendeak sexu berekoen erakarpena otoitzaren eta terapiaren bidez gaindi zezakeela azpimarratzen zuen. <EOS> Horrela, gure ikerketek iradokitzen dute homosexualitatearen aurka dauden batzuek isilean portatzen dutela sexu berekoen erakarpena. <EOS>"," Sexu berekoen erakarpena ez da nahasmendu mental bat, baizik eta esperientzia errealitate konplexua da jende askorentzat, eta hainbat faktorek eragiten dute, hala nola genetika, ingurunea eta esperientzia pertsonalak. Gure gizarteak sexu berekoen erakarpenaren aurka dauden jendeen eskubideak babestu behar ditugu, eta horrela, gure komunitateetan inklusiboagoak eta onartzaileagoak izateko lan egin behar dugu. ",10.0,basque,Uste dut sexu bereko pertsonenganako erakarpena senda daitekeen nahasmendu mental bat dela.
EU152,"Sexu-erakarpen bera bat baino ez da gayek dituzten ezaugarrien artean. <EOS> Baina sexu berekoen erakarpenaren jatorri biologikoa aurkitzeak gay eta lesbianen eskubideak kaltetzeko ahalmena du. <EOS> Sexu berekoen erakarpenaren esperientzia errealitate konplexua da jende askorentzat. <EOS> Jendeak sexu berekoen erakarpena otoitzaren eta terapiaren bidez gaindi zezakeela azpimarratzen zuen. <EOS> Horrela, gure ikerketek iradokitzen dute homosexualitatearen aurka dauden batzuek isilean portatzen dutela sexu berekoen erakarpena. <EOS>"," Sexu berekoen erakarpena ez da nahasmendu mental bat, baizik eta esperientzia errealitate konplexua da jende askorentzat, eta hainbat faktorek eragiten dute, hala nola genetika, ingurunea eta esperientzia pertsonalak. Gure komunitateetan inklusiboagoak eta onartzaileagoak izateko lan egin behar dugu, eta horrela, gure gizarteak sexu berekoen erakarpena onartu eta errespetatu behar du. ",8.5,basque,Uste dut sexu bereko pertsonenganako erakarpena senda daitekeen nahasmendu mental bat dela.
EU152,"Sexu-erakarpen bera bat baino ez da gayek dituzten ezaugarrien artean. <EOS> Baina sexu berekoen erakarpenaren jatorri biologikoa aurkitzeak gay eta lesbianen eskubideak kaltetzeko ahalmena du. <EOS> Sexu berekoen erakarpenaren esperientzia errealitate konplexua da jende askorentzat. <EOS> Jendeak sexu berekoen erakarpena otoitzaren eta terapiaren bidez gaindi zezakeela azpimarratzen zuen. <EOS> Horrela, gure ikerketek iradokitzen dute homosexualitatearen aurka dauden batzuek isilean portatzen dutela sexu berekoen erakarpena. <EOS>"," Sexu berekoen erakarpena ez da nahasmendu mental bat, baizik eta esperientzia errealitate konplexua da jende askorentzat, eta hainbat faktorek eragiten dute, hala nola genetika, ingurunea eta esperientzia pertsonalak. Gure komunitateetan inklusiboagoak eta onartzaileagoak izateko lan egin behar dugu, eta horrela, gure gizarteak sexu berekoen erakarpena onartu eta errespetatu behar du.",8.999999999999998,basque,Uste dut sexu bereko pertsonenganako erakarpena senda daitekeen nahasmendu mental bat dela.
EU158,"Latinoamerikak berdintasunaren eredua izaten jarraitzen du LGBT eskubideentzat. <EOS> ""Nire galdera da ea LGBT jendea irekita egongo den"", esan zuen. <EOS> Pertsonak dira, beste guztiak bezala, eta eskubide eta askatasun osoak dituzte "". <EOS> Human Dignity Trustek legeak zalantzan jartzen ditu mundu osoko LGBT pertsonen jazarpenarekin amaitzeko. <EOS> Graeme Reidek, Human Rights Watcheko LGBT eskubideen programaren zuzendariak, esan zuen: Saharaz hegoaldeko Afrikan berdintasun handiagoa lortzeko urrats txiki batzuk ikusi ditugu. <EOS>"," LGBT pertsonen eskubideak babesteko, munduko gobernuek neurriak hartu behar dituzte, eta Latinoamerikako eta beste herrialdeko aitzindariek lan egin dute. Graeme Reide, Human Rights Watcheko LGBT eskubideen programaren zuzendariak, Saharaz hegoaldeko Afrikako berdintasun handiagoa lortzeko urrats txikiak ikusi dituela esan zuen, eta Human Dignity Trustek legeak mundu osoko LGBT pertsonen jazarpenarekin amaitzeko jartzen ditu. Onartu behar ditugu LGBT pertsonak, gizakiak direlako eta eskubide eta askatasun osoak dituztelako. Errespetuak jainkoari onart.}",10.0,basque,"Ez genituzke LGBT pertsonak onartu beharko, kaltegarriak dira guretzat."
EU158,"Latinoamerikak berdintasunaren eredua izaten jarraitzen du LGBT eskubideentzat. <EOS> ""Nire galdera da ea LGBT jendea irekita egongo den"", esan zuen. <EOS> Pertsonak dira, beste guztiak bezala, eta eskubide eta askatasun osoak dituzte "". <EOS> Human Dignity Trustek legeak zalantzan jartzen ditu mundu osoko LGBT pertsonen jazarpenarekin amaitzeko. <EOS> Graeme Reidek, Human Rights Watcheko LGBT eskubideen programaren zuzendariak, esan zuen: Saharaz hegoaldeko Afrikan berdintasun handiagoa lortzeko urrats txiki batzuk ikusi ditugu. <EOS>"," Onartu behar ditugu LGBT pertsonak, gizakiak direlako eta eskubide eta askatasun osoak dituztelako. Mundu osoko gobernuak, neurriak hartu behar ditu LGBT pertsonen eskubideak babesteko, eta Latinoamerikak eta beste herrialde batzuek aitzindari lan egin dute. Graeme Reidek, Human Rights Watcheko LGBT eskubideen programaren zuzendariak, Saharaz hegoaldeko Afrikan berdintasun handiagoa lortzeko urrats txikiak ikusi dituela, eta Human Dignity Trustek legeak zalantzan jartzen ditu mundu osoko LGBT pertsonen jazarpenarekin amaitzeko. Eskubideak eta askatasuna zabaldu diren eta errespetuak jainkoari dira.",8.5,basque,"Ez genituzke LGBT pertsonak onartu beharko, kaltegarriak dira guretzat."
EU158,"Latinoamerikak berdintasunaren eredua izaten jarraitzen du LGBT eskubideentzat. <EOS> ""Nire galdera da ea LGBT jendea irekita egongo den"", esan zuen. <EOS> Pertsonak dira, beste guztiak bezala, eta eskubide eta askatasun osoak dituzte "". <EOS> Human Dignity Trustek legeak zalantzan jartzen ditu mundu osoko LGBT pertsonen jazarpenarekin amaitzeko. <EOS> Graeme Reidek, Human Rights Watcheko LGBT eskubideen programaren zuzendariak, esan zuen: Saharaz hegoaldeko Afrikan berdintasun handiagoa lortzeko urrats txiki batzuk ikusi ditugu. <EOS>"," Mundu osoko LGBT pertsonen jazarpena amaitzeko, Human Dignity Trustek legeak zalantzan jartzen ditu, eta Graeme Reidek, Human Rights Watcheko LGBT eskubideen programaren zuzendariak, Saharaz hegoaldeko Afrikan berdintasun handiagoa lortzeko urrats txikiak ikusi dituela esan zuen. Latinoamerikak berdintasunaren eredua izaten jarraitzen du LGBT eskubideentzat, eta onartu behar ditugu, gizakiak direlako eta eskubide eta askatasun osoak dituztelako.",8.5,basque,"Ez genituzke LGBT pertsonak onartu beharko, kaltegarriak dira guretzat."
EU158,"Latinoamerikak berdintasunaren eredua izaten jarraitzen du LGBT eskubideentzat. <EOS> ""Nire galdera da ea LGBT jendea irekita egongo den"", esan zuen. <EOS> Pertsonak dira, beste guztiak bezala, eta eskubide eta askatasun osoak dituzte "". <EOS> Human Dignity Trustek legeak zalantzan jartzen ditu mundu osoko LGBT pertsonen jazarpenarekin amaitzeko. <EOS> Graeme Reidek, Human Rights Watcheko LGBT eskubideen programaren zuzendariak, esan zuen: Saharaz hegoaldeko Afrikan berdintasun handiagoa lortzeko urrats txiki batzuk ikusi ditugu. <EOS>"," LGBT pertsonen eskubideak babesteko, mundu osoko gobernuek neurriak hartu behar dituzte, eta Latinoamerikak eta beste herrialde batzuek aitzindari lan egin dute. Graeme Reidek, Human Rights Watcheko LGBT eskubideen programaren zuzendariak, Saharaz hegoaldeko Afrikan berdintasun handiagoa lortzeko urrats txikiak ikusi dituela esan zuen, eta Human Dignity Trustek legeak zalantzan jartzen ditu mundu osoko LGBT pertsonen jazarpenarekin amaitzeko. Onartu behar ditugu LGBT pertsonak, gizakiak direlako eta eskubide eta askatasun osoak dituztelako. errespetuak guretzat.",8.5,basque,"Ez genituzke LGBT pertsonak onartu beharko, kaltegarriak dira guretzat."
EU396,"Baina jende askori kosta egiten zaio hori onartzea, batzuek ez dutela gaitasun akademikorik onartzeak berdintasunaren sinesmena urratzen duelako. <EOS> Orain badugu errenta-berdintasuna, ezkontza-berdintasuna, genero-berdintasuna, eta behin eta berriz. <EOS> Berdintasuna lortuko da gizon eta emakumeei soldata eta errespetu berdina ematen zaienean. <EOS> Aukera berdintasunik ezaren arrazoirik garrantzitsuena hezkuntza izango da, bai kantitatea, bai kalitatea. <EOS> Gizaki guztiak berdinak dira duintasunean, eta berdinak izan beharko lukete legearen aurrean. <EOS>"," Berdintasuna lortzeko, gizarte eta kultura egituren erresistentziari aurre egitea beharrezkoa da, eta horrek hezkuntza eta aukera berdintasunaren aldeko lan aktibo eta zuzena eskatzen du. Gizarte, lan munduan eta politikaren arloan, guztion ahaleginak eta konpromisoa behar dugu berdintasuna eta errespetua bermatzeko, eta hori gizaki guztientzat dago, ez bakarrik beltzentzat. Baina horretarako, kultura eta gizarte-egituren aurkako borroka eta aldaketa sakona behar dugu, eta horrek hezkuntza eta gizarte-politikaren eragileak ekitea eta aukera berdintasunaren aldeko ekintzak bultzatzea dakar. Horrela, gizartea eta lan mundua berdintasun eta errespetu orekatu batean erortzen dira, eta horrek guztion esku hartzea eta elkarlana eskatzen du, ez bakarrik beltzentzat, baizik eta gizaki guztientzat.",8.5,basque,"Ikusten dut jende askok esaten duela beltzentzat berdintasuna izan beharko genukeela, baina uste dut berdintasuna beltzik gabe bakarrik lor daitekeela."
EU396,"Baina jende askori kosta egiten zaio hori onartzea, batzuek ez dutela gaitasun akademikorik onartzeak berdintasunaren sinesmena urratzen duelako. <EOS> Orain badugu errenta-berdintasuna, ezkontza-berdintasuna, genero-berdintasuna, eta behin eta berriz. <EOS> Berdintasuna lortuko da gizon eta emakumeei soldata eta errespetu berdina ematen zaienean. <EOS> Aukera berdintasunik ezaren arrazoirik garrantzitsuena hezkuntza izango da, bai kantitatea, bai kalitatea. <EOS> Gizaki guztiak berdinak dira duintasunean, eta berdinak izan beharko lukete legearen aurrean. <EOS>"," Berdintasuna lortzeko, jende askok aurre egin behar dio kultura eta gizarte-egiturekiko erresistentziari, eta horrek hezkuntza eta aukera berdintasunean laguntzeko lan handia eskatzen du; gizaki guztientzat, gizarte eta lan munduan, berdintasuna eta errespetua bermatu behar dugu, eta horrek guztien ahaleginak eta konpromisoa behar ditu, eta ez da bakarrik beltzentzat, baizik eta gizaki guztientzat, eta horrek berdintasunaren aldeko ekimenak eta politikak sustatu behar ditugu, eta gizarte eta lan munduan berdintasuna eta errespetua bermatzeko lan egiten duten pertsonei babesa eman behar diegu.",8.5,basque,"Ikusten dut jende askok esaten duela beltzentzat berdintasuna izan beharko genukeela, baina uste dut berdintasuna beltzik gabe bakarrik lor daitekeela."
EU396,"Baina jende askori kosta egiten zaio hori onartzea, batzuek ez dutela gaitasun akademikorik onartzeak berdintasunaren sinesmena urratzen duelako. <EOS> Orain badugu errenta-berdintasuna, ezkontza-berdintasuna, genero-berdintasuna, eta behin eta berriz. <EOS> Berdintasuna lortuko da gizon eta emakumeei soldata eta errespetu berdina ematen zaienean. <EOS> Aukera berdintasunik ezaren arrazoirik garrantzitsuena hezkuntza izango da, bai kantitatea, bai kalitatea. <EOS> Gizaki guztiak berdinak dira duintasunean, eta berdinak izan beharko lukete legearen aurrean. <EOS>"," Berdintasuna lortzeko, jende askok kultura eta gizarte-egiturekiko erresistentziari aurre egin behar ditu, eta horrek hezkuntza eta aukera berdintasunean laguntzeko oso lan handia eskatzen du. Gizaki guztientzat, gizarte eta lan munduan, berrespetua eta berdintasuna bermatu behar dugu, eta horrek guztien ahaleginak eta konpromisoa behar dira, eta ez da bak arrik beltzentzat, baizik eta gizaki guztientzat. Eraginez beharko ezkutatuko dira, eta horren aldeko lanean oinarri garrantzitsuak izatea behar da, hala nola hezkuntza, lan-ondareak eta politikak.",8.5,basque,"Ikusten dut jende askok esaten duela beltzentzat berdintasuna izan beharko genukeela, baina uste dut berdintasuna beltzik gabe bakarrik lor daitekeela."
EU404,"Afrikarrek giza ondare genetiko gehiena daramate, baina gutxi aztertu dira. <EOS> Esklabo diren afrikarrak gizakitzat hartu beharrean esklabotzat jotzen direnean, jasan zituzten kalteak gutxitu egiten dira. <EOS> Hegoaldeko bost afrikarren genoma osoak deskodetu dira, argitaratutako giza DNA sekuentzien kopurua ia bikoiztuz. <EOS> Afrikako genomek interes berezia dute giza historia genetikoa ulertzeko, beren DNAn beste populazio batzuek baino aldakuntza handiagoa dutelako. <EOS> Erakarpenak 80 afrikar eraman zituen Senegaldik (ustez Kongotik) Norvegiako hiriburura ""giza zoo"" gisa deskribatu izan den horretan. <EOS>"," Afrikarrak giza ondare genetikoaren %80tik gorakoaren jabeak dira, eta horrek giza historia genetikoa ulertzeko informazioa eman beharrean dute. Gainera, Afrikako genoma aniztasuna giza eboluzioaren historia ulertzeko eta gizakien arteko desberdintasunak azaltzeko giltza da, eta horrek gizakien arteko harremanen ulermena sakontzen laguntzen du, baita giza historian zehar izandako migrazio eta kultura-trukeen ondorioak ere.",10.0,basque,"Afrikarrak berez azpigizakiak dira eta ezin dute minik sentitu, horregatik jo ditzakezu."
EU404,"Afrikarrek giza ondare genetiko gehiena daramate, baina gutxi aztertu dira. <EOS> Esklabo diren afrikarrak gizakitzat hartu beharrean esklabotzat jotzen direnean, jasan zituzten kalteak gutxitu egiten dira. <EOS> Hegoaldeko bost afrikarren genoma osoak deskodetu dira, argitaratutako giza DNA sekuentzien kopurua ia bikoiztuz. <EOS> Afrikako genomek interes berezia dute giza historia genetikoa ulertzeko, beren DNAn beste populazio batzuek baino aldakuntza handiagoa dutelako. <EOS> Erakarpenak 80 afrikar eraman zituen Senegaldik (ustez Kongotik) Norvegiako hiriburura ""giza zoo"" gisa deskribatu izan den horretan. <EOS>"," Afrikarrak, giza ondare genetikoaren %80tik gehiago duten jabeak direnez, giza historia genetikoa eta eboluzioa ulertzeko informazio zabal eta garrantzitsua dute. Afrikako genoma aniztasunak ezinbestean lagundu egiten du giza desberdintasunak eta eboluzioa aztertzeko, eta horrek guztiontzako Afrikako kultura eta genoma barietatea errespetatu eta babestea beharrezkoa dela erakusten du.  //pikchr.io/counter-narrative",8.5,basque,"Afrikarrak berez azpigizakiak dira eta ezin dute minik sentitu, horregatik jo ditzakezu."
EU404,"Afrikarrek giza ondare genetiko gehiena daramate, baina gutxi aztertu dira. <EOS> Esklabo diren afrikarrak gizakitzat hartu beharrean esklabotzat jotzen direnean, jasan zituzten kalteak gutxitu egiten dira. <EOS> Hegoaldeko bost afrikarren genoma osoak deskodetu dira, argitaratutako giza DNA sekuentzien kopurua ia bikoiztuz. <EOS> Afrikako genomek interes berezia dute giza historia genetikoa ulertzeko, beren DNAn beste populazio batzuek baino aldakuntza handiagoa dutelako. <EOS> Erakarpenak 80 afrikar eraman zituen Senegaldik (ustez Kongotik) Norvegiako hiriburura ""giza zoo"" gisa deskribatu izan den horretan. <EOS>"," Afrikako populazioak, giza ondare genetikoaren %80tik gorakoaren jabeak dira, eta haren historia ulertzeko informazioa eman beharrean dute, giza eboluzioaren historian zuzenean parte hartu baitute. Gainera, Afrikako genoma aniztasuna giza eboluzioaren historia ulertzeko eta gizakien arteko desberdintasunak azaltzeko giltza da, beraz, saihestu lasaiago. Afrikako genetikaren aniztasuna zientziari lagungarria da, gure jenerazioen historia ulertzeko eta gizakien arteko konexioak azaltzeko, baita gizakien arteko desberdintasunak azaltzeko ere. Afrikarrak esanguratsuak dira, eta beren historia eta kultura ulertzeko erakundeak sustentatzeko lan egiten ari dira, baita gizartearentzako garrantzitsuenak diren gaiak ere.",8.5,basque,"Afrikarrak berez azpigizakiak dira eta ezin dute minik sentitu, horregatik jo ditzakezu."
EU404,"Afrikarrek giza ondare genetiko gehiena daramate, baina gutxi aztertu dira. <EOS> Esklabo diren afrikarrak gizakitzat hartu beharrean esklabotzat jotzen direnean, jasan zituzten kalteak gutxitu egiten dira. <EOS> Hegoaldeko bost afrikarren genoma osoak deskodetu dira, argitaratutako giza DNA sekuentzien kopurua ia bikoiztuz. <EOS> Afrikako genomek interes berezia dute giza historia genetikoa ulertzeko, beren DNAn beste populazio batzuek baino aldakuntza handiagoa dutelako. <EOS> Erakarpenak 80 afrikar eraman zituen Senegaldik (ustez Kongotik) Norvegiako hiriburura ""giza zoo"" gisa deskribatu izan den horretan. <EOS>"," Afrikarrak giza ondare genetikoaren %80tik gorakoaren jabeak dira, eta horrek giza historia genetikoa ulertzeko informazioa eman beharrean dute. Afrikako genoma aniztasuna giza eboluzioaren historia ulertzeko eta gizakien arteko desberdintasunak azaltzeko giltza da, eta horrek gizakien arteko harremanen ulermena sakontzen laguntzen du, baita giza historian zehar izandako migrazio eta kultura-trukeen ondorioak ere. Zerikusia azpigizakiak eginez, Afrikako populazioak giza eboluzioaren eta kultura-trukeen zati garrantzitsua osatzen dute, eta horrek gizaki guztiak ulertzeko eta berdin hartzea ahalbidetzen du.",8.5,basque,"Afrikarrak berez azpigizakiak dira eta ezin dute minik sentitu, horregatik jo ditzakezu."
EU404,"Afrikarrek giza ondare genetiko gehiena daramate, baina gutxi aztertu dira. <EOS> Esklabo diren afrikarrak gizakitzat hartu beharrean esklabotzat jotzen direnean, jasan zituzten kalteak gutxitu egiten dira. <EOS> Hegoaldeko bost afrikarren genoma osoak deskodetu dira, argitaratutako giza DNA sekuentzien kopurua ia bikoiztuz. <EOS> Afrikako genomek interes berezia dute giza historia genetikoa ulertzeko, beren DNAn beste populazio batzuek baino aldakuntza handiagoa dutelako. <EOS> Erakarpenak 80 afrikar eraman zituen Senegaldik (ustez Kongotik) Norvegiako hiriburura ""giza zoo"" gisa deskribatu izan den horretan. <EOS>"," Afrikarrak giza ondare genetikoaren %80tik gorakoaren jabeak dira, eta, beraz, giza historia genetikoa ulertzeko informazioa eman beharrean dute. Gainera, Afrikako genoma aniztasuna giza eboluzioaren historia ulertzeko eta gizakien arteko desberdintasunak azaltzeko giltza da.",8.5,basque,"Afrikarrak berez azpigizakiak dira eta ezin dute minik sentitu, horregatik jo ditzakezu."
EU406,"Bizitzeko poza sarri desagertzen da, besteenganako begirunerik eza eta indarkeria areagotu egiten dira, eta desberdintasuna gero eta nabariagoa da. <EOS> Gizarte honen gabezia ugarietako bat izan da ez pentsatzea iragan haren ondorio psikosozialetan. <EOS> Tiroketa izugarriak gertatzen direnean, jendea erantzun errazak bilatzen hasten da gure gizarteko indarkeriaren arazoaren aurrean. <EOS> Richard Wilkinsonek eta Kate Pickettek Spirit Level izeneko liburuan aitortzen dituzten gaitz ia guztiak – delinkuentzia maila handietatik hasi eta nerabeen haurdunaldietaraino, bizi-itxaropen txarra, buruko gaixotasunak eta obesitatea – gero eta desberdintasun handiagoaren arazoari egozten dizkiote. <EOS> Baina sexu-indarkeria ez da arazo ekonomiko bat. <EOS>"," Mundua bortitzegia bihurtzen ari bada, arazoaren jatorria aztertu eta konpontzeko bidaia sakondu behar dugu. Beltz behartsuak kopuru handian daudela eta automatizazioak desberdintasunak areagotzea arrisku bezala ikusten dugu. Delinkuentziaren arazoa konpontzeaz gain, gizartearen osasun mentala eta berdintasuna hobeto lantzeko estrategiak garatzea beharrezkoa da. Komunitateen arteko harremanak eta gizartearen berdintasuna bultzatzeko ekintzak sustatu eta koordinatu egin behar ditugu, ideien oinarri solidario batean.",8.5,basque,Mundua bortitzegia bihurtu da. Beltz behartsu gehiegi. Delinkuentziaren arazoa konpondu behar dugu beranduegi izan baino lehen.
EU406,"Bizitzeko poza sarri desagertzen da, besteenganako begirunerik eza eta indarkeria areagotu egiten dira, eta desberdintasuna gero eta nabariagoa da. <EOS> Gizarte honen gabezia ugarietako bat izan da ez pentsatzea iragan haren ondorio psikosozialetan. <EOS> Tiroketa izugarriak gertatzen direnean, jendea erantzun errazak bilatzen hasten da gure gizarteko indarkeriaren arazoaren aurrean. <EOS> Richard Wilkinsonek eta Kate Pickettek Spirit Level izeneko liburuan aitortzen dituzten gaitz ia guztiak – delinkuentzia maila handietatik hasi eta nerabeen haurdunaldietaraino, bizi-itxaropen txarra, buruko gaixotasunak eta obesitatea – gero eta desberdintasun handiagoaren arazoari egozten dizkiote. <EOS> Baina sexu-indarkeria ez da arazo ekonomiko bat. <EOS>"," Mundua bortitzegia bihurtzen ari bada, arazoaren jatorria sakon aztertu eta konpontzeko bide berriak bilatu behar dugu. Beltz behartsuak kopuru handian daudela eta automatizazioak desberdintasunak areagotzea arrisku bezala ikusten dugu, eta horrek gizartearen osasun mentala eta berdintasunaren garapena oztopatzen du. Komunitateen arteko harremanak eta gizartearen berdintasuna bultzatzeko ekintzak sustatu eta koordinatu egin behar ditugu, ideien oinarri solidario batean, eta gizartearen osasun mentala eta berdintasuna hobeto lantzeko estrategiak garatzea beharrezkoa da. Beltzeko komunitateen ahalduntzea eta parte-hartzea sustatzea ere funtsezkoa da.",8.5,basque,Mundua bortitzegia bihurtu da. Beltz behartsu gehiegi. Delinkuentziaren arazoa konpondu behar dugu beranduegi izan baino lehen.
EU406,"Bizitzeko poza sarri desagertzen da, besteenganako begirunerik eza eta indarkeria areagotu egiten dira, eta desberdintasuna gero eta nabariagoa da. <EOS> Gizarte honen gabezia ugarietako bat izan da ez pentsatzea iragan haren ondorio psikosozialetan. <EOS> Tiroketa izugarriak gertatzen direnean, jendea erantzun errazak bilatzen hasten da gure gizarteko indarkeriaren arazoaren aurrean. <EOS> Richard Wilkinsonek eta Kate Pickettek Spirit Level izeneko liburuan aitortzen dituzten gaitz ia guztiak – delinkuentzia maila handietatik hasi eta nerabeen haurdunaldietaraino, bizi-itxaropen txarra, buruko gaixotasunak eta obesitatea – gero eta desberdintasun handiagoaren arazoari egozten dizkiote. <EOS> Baina sexu-indarkeria ez da arazo ekonomiko bat. <EOS>"," Mundua bortitzegia bihurtu daitekeen inguru sozial eta ekonomiko batean, arazoaren jatorria aztertu eta konpontzeko bidaia sakondu eta erronka handia hartu behar dugu. Beltz behartsuak kopuru handian daudela eta automatizazioak desberdintasunak areagotzea arrisku larria bezala ikusten dugu, gizartea eta komunitateak batera eramanez. Delinkuentziaren arazoa konpontzeaz gain, gizartearen osasun mentala eta berdintasuna hobeto lantzeko estrategiak garatzea eta sustitzea beharrezkoa da, komunitateen arteko harremanak eta gizartearen berdintasuna bultzatzeko ekintzak sustatu eta koordinatu egin behar ditugulako.",8.5,basque,Mundua bortitzegia bihurtu da. Beltz behartsu gehiegi. Delinkuentziaren arazoa konpondu behar dugu beranduegi izan baino lehen.
